{"time":"2026-06-11T21:51:04.896226+08:00","level":"INFO","service":"pos-api","caller":"app/pos/api/internal/svc/nacos_config.go:348","msg":"loaded base runtime config from nacos"}
{"time":"2026-06-11T21:51:04.900058+08:00","level":"INFO","service":"pos-api","caller":"app/pos/api/internal/svc/nacos_config.go:495","msg":"loaded pos runtime config from nacos"}
can not load any pos reward config from database
{"time":"2026-06-11T22:01:36.382159+08:00","level":"INFO","service":"pos-api","caller":"app/pos/api/internal/svc/nacos_config.go:348","msg":"loaded base runtime config from nacos"}
{"time":"2026-06-11T22:01:36.384539+08:00","level":"INFO","service":"pos-api","caller":"app/pos/api/internal/svc/nacos_config.go:495","msg":"loaded pos runtime config from nacos"}
Pos API starting on :1300
{"time":"2026-06-11T22:01:36.580409+08:00","level":"INFO","service":"pos-api","caller":"app/pos/api/internal/task/stake_snapshot.go:95","msg":"Stake - 距离快照任务的首次执行时间还有: 13h58m23.419597s"}
{"time":"2026-06-11T22:01:36.580409+08:00","level":"INFO","service":"pos-api","caller":"app/pos/api/internal/task/pos_snapshot.go:70","msg":"Pos业务 - 距离快照任务的首次执行时间还有: 13h58m23.419596s"}
{"time":"2026-06-11T22:01:39.412672+08:00","level":"INFO","service":"pos-api","caller":"app/pos/api/internal/task/kafka.go:93","msg":"KafkaConsumerTask: 收到已扫描交易 service=pos subService=market buy token txID=2w5nwRESFkkpVXYDbVC9EhT5R6RdqZr8AyVg7GSiidJXSYth7hVy6ayAVsr6pA6uzGuoGh9WHnkNcZ4bv1KkFE86"}
{"time":"2026-06-11T22:01:39.412742+08:00","level":"INFO","service":"pos-api","caller":"app/pos/api/internal/logic/stake/stake_logic.go:144","msg":"HandleMarketBuyTx: txId=2w5nwRESFkkpVXYDbVC9EhT5R6RdqZr8AyVg7GSiidJXSYth7hVy6ayAVsr6pA6uzGuoGh9WHnkNcZ4bv1KkFE86"}
{"time":"2026-06-11T22:01:39.418633+08:00","level":"INFO","service":"pos-api","caller":"app/pos/api/internal/logic/stake/stake_logic.go:178","msg":"HandleMarketBuyTx: inserted 1 records for txId=2w5nwRESFkkpVXYDbVC9EhT5R6RdqZr8AyVg7GSiidJXSYth7hVy6ayAVsr6pA6uzGuoGh9WHnkNcZ4bv1KkFE86"}
{"time":"2026-06-11T22:01:39.419735+08:00","level":"INFO","service":"pos-api","caller":"app/pos/api/internal/task/kafka.go:93","msg":"KafkaConsumerTask: 收到已扫描交易 service=pos subService=market buy token txID=5pomX2vvTdcd4o97CWA6iSboc8rZaJ59hrXxWzXzW2pzPt7g9Tr6N7iwqWfzMjZ1v8VskTZuzLbwAwoBjQg4erza"}
{"time":"2026-06-11T22:01:39.419759+08:00","level":"INFO","service":"pos-api","caller":"app/pos/api/internal/logic/stake/stake_logic.go:144","msg":"HandleMarketBuyTx: txId=5pomX2vvTdcd4o97CWA6iSboc8rZaJ59hrXxWzXzW2pzPt7g9Tr6N7iwqWfzMjZ1v8VskTZuzLbwAwoBjQg4erza"}
{"time":"2026-06-11T22:01:39.421177+08:00","level":"INFO","service":"pos-api","caller":"app/pos/api/internal/logic/stake/stake_logic.go:178","msg":"HandleMarketBuyTx: inserted 1 records for txId=5pomX2vvTdcd4o97CWA6iSboc8rZaJ59hrXxWzXzW2pzPt7g9Tr6N7iwqWfzMjZ1v8VskTZuzLbwAwoBjQg4erza"}
{"time":"2026-06-11T22:01:39.421778+08:00","level":"INFO","service":"pos-api","caller":"app/pos/api/internal/task/kafka.go:93","msg":"KafkaConsumerTask: 收到已扫描交易 service=pos subService=market buy token txID=duR5obqHqfwnNtweK9uAZbiD1MZmnS6dxCT48sSLu5aEnfCVDnHd9NtFEYm6yNG5xKbKEtbYM7gE3dAJZbsiYVG"}
{"time":"2026-06-11T22:01:39.421793+08:00","level":"INFO","service":"pos-api","caller":"app/pos/api/internal/logic/stake/stake_logic.go:144","msg":"HandleMarketBuyTx: txId=duR5obqHqfwnNtweK9uAZbiD1MZmnS6dxCT48sSLu5aEnfCVDnHd9NtFEYm6yNG5xKbKEtbYM7gE3dAJZbsiYVG"}
{"time":"2026-06-11T22:01:39.423034+08:00","level":"INFO","service":"pos-api","caller":"app/pos/api/internal/logic/stake/stake_logic.go:178","msg":"HandleMarketBuyTx: inserted 1 records for txId=duR5obqHqfwnNtweK9uAZbiD1MZmnS6dxCT48sSLu5aEnfCVDnHd9NtFEYm6yNG5xKbKEtbYM7gE3dAJZbsiYVG"}
{"time":"2026-06-11T22:01:39.424023+08:00","level":"INFO","service":"pos-api","caller":"app/pos/api/internal/task/kafka.go:93","msg":"KafkaConsumerTask: 收到已扫描交易 service=pos subService=market buy token txID=584jE3FfUJx2qp1gFjFEEXMnCiuQLrCuGtnUHAzNKPTwowHbEDC3AQULL7byU3iK6t6xTSGR1C6cy3XSQQJs3bTD"}
{"time":"2026-06-11T22:01:39.42407+08:00","level":"INFO","service":"pos-api","caller":"app/pos/api/internal/logic/stake/stake_logic.go:144","msg":"HandleMarketBuyTx: txId=584jE3FfUJx2qp1gFjFEEXMnCiuQLrCuGtnUHAzNKPTwowHbEDC3AQULL7byU3iK6t6xTSGR1C6cy3XSQQJs3bTD"}
{"time":"2026-06-11T22:01:39.425198+08:00","level":"INFO","service":"pos-api","caller":"app/pos/api/internal/logic/stake/stake_logic.go:178","msg":"HandleMarketBuyTx: inserted 1 records for txId=584jE3FfUJx2qp1gFjFEEXMnCiuQLrCuGtnUHAzNKPTwowHbEDC3AQULL7byU3iK6t6xTSGR1C6cy3XSQQJs3bTD"}
{"time":"2026-06-11T22:01:39.425913+08:00","level":"INFO","service":"pos-api","caller":"app/pos/api/internal/task/kafka.go:93","msg":"KafkaConsumerTask: 收到已扫描交易 service=pos subService=market buy token txID=3nN7ujL52uXN46c4GwNniT288kzGKohKUp1tyuGAqyvjVZLqeYqk2jQX6r21YB9nCn4Z3JhNw4LuCAc1YHCydrRo"}
{"time":"2026-06-11T22:01:39.425935+08:00","level":"INFO","service":"pos-api","caller":"app/pos/api/internal/logic/stake/stake_logic.go:144","msg":"HandleMarketBuyTx: txId=3nN7ujL52uXN46c4GwNniT288kzGKohKUp1tyuGAqyvjVZLqeYqk2jQX6r21YB9nCn4Z3JhNw4LuCAc1YHCydrRo"}
{"time":"2026-06-11T22:01:39.426864+08:00","level":"INFO","service":"pos-api","caller":"app/pos/api/internal/logic/stake/stake_logic.go:178","msg":"HandleMarketBuyTx: inserted 1 records for txId=3nN7ujL52uXN46c4GwNniT288kzGKohKUp1tyuGAqyvjVZLqeYqk2jQX6r21YB9nCn4Z3JhNw4LuCAc1YHCydrRo"}
{"time":"2026-06-11T22:01:39.42743+08:00","level":"INFO","service":"pos-api","caller":"app/pos/api/internal/task/kafka.go:93","msg":"KafkaConsumerTask: 收到已扫描交易 service=pos subService=market buy token txID=39JLvQsstPJhQ49KUu9L3behdNia4qtVtAM8yjG4J842n4iDToPuuvyGysnfgGPKfruiY1WBrM7kGg1YAAzTTjJp"}
{"time":"2026-06-11T22:01:39.427446+08:00","level":"INFO","service":"pos-api","caller":"app/pos/api/internal/logic/stake/stake_logic.go:144","msg":"HandleMarketBuyTx: txId=39JLvQsstPJhQ49KUu9L3behdNia4qtVtAM8yjG4J842n4iDToPuuvyGysnfgGPKfruiY1WBrM7kGg1YAAzTTjJp"}
{"time":"2026-06-11T22:01:39.428317+08:00","level":"INFO","service":"pos-api","caller":"app/pos/api/internal/logic/stake/stake_logic.go:178","msg":"HandleMarketBuyTx: inserted 1 records for txId=39JLvQsstPJhQ49KUu9L3behdNia4qtVtAM8yjG4J842n4iDToPuuvyGysnfgGPKfruiY1WBrM7kGg1YAAzTTjJp"}
{"time":"2026-06-11T22:01:39.429013+08:00","level":"INFO","service":"pos-api","caller":"app/pos/api/internal/task/kafka.go:93","msg":"KafkaConsumerTask: 收到已扫描交易 service=pos subService=market buy token txID=5Ducvx9t5B49tzd9WYoN3VpjUiJZypYqVByLQA2uDSs64FpzNVhaXRjrQAgV7iy2KJm3u6LnfWndLfMhYa2PrHdr"}
{"time":"2026-06-11T22:01:39.429033+08:00","level":"INFO","service":"pos-api","caller":"app/pos/api/internal/logic/stake/stake_logic.go:144","msg":"HandleMarketBuyTx: txId=5Ducvx9t5B49tzd9WYoN3VpjUiJZypYqVByLQA2uDSs64FpzNVhaXRjrQAgV7iy2KJm3u6LnfWndLfMhYa2PrHdr"}
{"time":"2026-06-11T22:01:39.430582+08:00","level":"INFO","service":"pos-api","caller":"app/pos/api/internal/logic/stake/stake_logic.go:178","msg":"HandleMarketBuyTx: inserted 1 records for txId=5Ducvx9t5B49tzd9WYoN3VpjUiJZypYqVByLQA2uDSs64FpzNVhaXRjrQAgV7iy2KJm3u6LnfWndLfMhYa2PrHdr"}
{"time":"2026-06-11T22:01:39.431335+08:00","level":"INFO","service":"pos-api","caller":"app/pos/api/internal/task/kafka.go:93","msg":"KafkaConsumerTask: 收到已扫描交易 service=pos subService=market buy token txID=2kWa7VveMXC2dqx6QTXJ7vaXABzo6xaGXDqCMoK51kkkZZVbUKTRbNcBokg4nVy9HNuvzaRUnP6ExLeGL3G7mfY6"}
{"time":"2026-06-11T22:01:39.431351+08:00","level":"INFO","service":"pos-api","caller":"app/pos/api/internal/logic/stake/stake_logic.go:144","msg":"HandleMarketBuyTx: txId=2kWa7VveMXC2dqx6QTXJ7vaXABzo6xaGXDqCMoK51kkkZZVbUKTRbNcBokg4nVy9HNuvzaRUnP6ExLeGL3G7mfY6"}
{"time":"2026-06-11T22:01:39.432491+08:00","level":"INFO","service":"pos-api","caller":"app/pos/api/internal/logic/stake/stake_logic.go:178","msg":"HandleMarketBuyTx: inserted 1 records for txId=2kWa7VveMXC2dqx6QTXJ7vaXABzo6xaGXDqCMoK51kkkZZVbUKTRbNcBokg4nVy9HNuvzaRUnP6ExLeGL3G7mfY6"}
{"time":"2026-06-11T22:01:39.433098+08:00","level":"INFO","service":"pos-api","caller":"app/pos/api/internal/task/kafka.go:93","msg":"KafkaConsumerTask: 收到已扫描交易 service=pos subService=market buy token txID=5juEa8ymfZ4KZxFGJfPLpwF1ZeKzzxqZYNvBJ5cKsPQfiKyGJbQV7XPQN5wiJJRfQdfGKTzXmqFAoXaa5Jh5PyAv"}
{"time":"2026-06-11T22:01:39.433121+08:00","level":"INFO","service":"pos-api","caller":"app/pos/api/internal/logic/stake/stake_logic.go:144","msg":"HandleMarketBuyTx: txId=5juEa8ymfZ4KZxFGJfPLpwF1ZeKzzxqZYNvBJ5cKsPQfiKyGJbQV7XPQN5wiJJRfQdfGKTzXmqFAoXaa5Jh5PyAv"}
{"time":"2026-06-11T22:01:39.434022+08:00","level":"INFO","service":"pos-api","caller":"app/pos/api/internal/logic/stake/stake_logic.go:178","msg":"HandleMarketBuyTx: inserted 1 records for txId=5juEa8ymfZ4KZxFGJfPLpwF1ZeKzzxqZYNvBJ5cKsPQfiKyGJbQV7XPQN5wiJJRfQdfGKTzXmqFAoXaa5Jh5PyAv"}
{"time":"2026-06-11T22:01:39.434528+08:00","level":"INFO","service":"pos-api","caller":"app/pos/api/internal/task/kafka.go:93","msg":"KafkaConsumerTask: 收到已扫描交易 service=pos subService=market buy token txID=3JnvwLBbueSWhc8v5QjdwwZoUbymzo51iFpxG3V7ARBnoCnhsRzD85rdpUmV4uQWnHzpcrJ2o2Ze3bdBDPBiHXzL"}
{"time":"2026-06-11T22:01:39.434541+08:00","level":"INFO","service":"pos-api","caller":"app/pos/api/internal/logic/stake/stake_logic.go:144","msg":"HandleMarketBuyTx: txId=3JnvwLBbueSWhc8v5QjdwwZoUbymzo51iFpxG3V7ARBnoCnhsRzD85rdpUmV4uQWnHzpcrJ2o2Ze3bdBDPBiHXzL"}
{"time":"2026-06-11T22:01:39.43534+08:00","level":"INFO","service":"pos-api","caller":"app/pos/api/internal/logic/stake/stake_logic.go:178","msg":"HandleMarketBuyTx: inserted 1 records for txId=3JnvwLBbueSWhc8v5QjdwwZoUbymzo51iFpxG3V7ARBnoCnhsRzD85rdpUmV4uQWnHzpcrJ2o2Ze3bdBDPBiHXzL"}
{"time":"2026-06-11T22:01:39.43639+08:00","level":"INFO","service":"pos-api","caller":"app/pos/api/internal/task/kafka.go:93","msg":"KafkaConsumerTask: 收到已扫描交易 service=pos subService=market buy token txID=3bUzYmukRw5u74SeVNygY4C3ymc1aVRNXJCNq9zec7NS7bozsr4EMnB1QfrtipD1ZRJAXveP9v9Ao4RYsAUens3S"}
{"time":"2026-06-11T22:01:39.436425+08:00","level":"INFO","service":"pos-api","caller":"app/pos/api/internal/logic/stake/stake_logic.go:144","msg":"HandleMarketBuyTx: txId=3bUzYmukRw5u74SeVNygY4C3ymc1aVRNXJCNq9zec7NS7bozsr4EMnB1QfrtipD1ZRJAXveP9v9Ao4RYsAUens3S"}
{"time":"2026-06-11T22:01:39.439338+08:00","level":"INFO","service":"pos-api","caller":"app/pos/api/internal/logic/stake/stake_logic.go:178","msg":"HandleMarketBuyTx: inserted 1 records for txId=3bUzYmukRw5u74SeVNygY4C3ymc1aVRNXJCNq9zec7NS7bozsr4EMnB1QfrtipD1ZRJAXveP9v9Ao4RYsAUens3S"}
{"time":"2026-06-11T22:01:39.440108+08:00","level":"INFO","service":"pos-api","caller":"app/pos/api/internal/task/kafka.go:93","msg":"KafkaConsumerTask: 收到已扫描交易 service=pos subService=market buy token txID=2K1VP1z8Fdry43KR8BoQSSYznyidT4mGqFakXJGkpsLwy1FBVA9GY2ST37NetRPG7TBSswSR7gcJ4EeCexBJ5dST"}
{"time":"2026-06-11T22:01:39.440123+08:00","level":"INFO","service":"pos-api","caller":"app/pos/api/internal/logic/stake/stake_logic.go:144","msg":"HandleMarketBuyTx: txId=2K1VP1z8Fdry43KR8BoQSSYznyidT4mGqFakXJGkpsLwy1FBVA9GY2ST37NetRPG7TBSswSR7gcJ4EeCexBJ5dST"}
{"time":"2026-06-11T22:01:39.441183+08:00","level":"INFO","service":"pos-api","caller":"app/pos/api/internal/logic/stake/stake_logic.go:178","msg":"HandleMarketBuyTx: inserted 1 records for txId=2K1VP1z8Fdry43KR8BoQSSYznyidT4mGqFakXJGkpsLwy1FBVA9GY2ST37NetRPG7TBSswSR7gcJ4EeCexBJ5dST"}
{"time":"2026-06-11T22:01:39.441823+08:00","level":"INFO","service":"pos-api","caller":"app/pos/api/internal/task/kafka.go:93","msg":"KafkaConsumerTask: 收到已扫描交易 service=pos subService=market buy token txID=3pzb7SCgJqzyx4g9EFtJNe2rZmvADju5LyEE11z4Lm2WqQbjfjaRyj3Z335u6kudGiXETvaGagmEm997uenrZXBX"}
{"time":"2026-06-11T22:01:39.441844+08:00","level":"INFO","service":"pos-api","caller":"app/pos/api/internal/logic/stake/stake_logic.go:144","msg":"HandleMarketBuyTx: txId=3pzb7SCgJqzyx4g9EFtJNe2rZmvADju5LyEE11z4Lm2WqQbjfjaRyj3Z335u6kudGiXETvaGagmEm997uenrZXBX"}
{"time":"2026-06-11T22:01:39.443609+08:00","level":"INFO","service":"pos-api","caller":"app/pos/api/internal/logic/stake/stake_logic.go:178","msg":"HandleMarketBuyTx: inserted 1 records for txId=3pzb7SCgJqzyx4g9EFtJNe2rZmvADju5LyEE11z4Lm2WqQbjfjaRyj3Z335u6kudGiXETvaGagmEm997uenrZXBX"}
{"time":"2026-06-11T22:01:39.444272+08:00","level":"INFO","service":"pos-api","caller":"app/pos/api/internal/task/kafka.go:93","msg":"KafkaConsumerTask: 收到已扫描交易 service=pos subService=market buy token txID=5z4mFwvqhmwFnLoax7tB77w3hy1cXUjT9oNDkDWLZVgfEc8AXKz6DCV3VPqfzuYJa6N7JhUjVVgkvPgWimDFgsm9"}
{"time":"2026-06-11T22:01:39.444291+08:00","level":"INFO","service":"pos-api","caller":"app/pos/api/internal/logic/stake/stake_logic.go:144","msg":"HandleMarketBuyTx: txId=5z4mFwvqhmwFnLoax7tB77w3hy1cXUjT9oNDkDWLZVgfEc8AXKz6DCV3VPqfzuYJa6N7JhUjVVgkvPgWimDFgsm9"}
{"time":"2026-06-11T22:01:39.44517+08:00","level":"INFO","service":"pos-api","caller":"app/pos/api/internal/logic/stake/stake_logic.go:178","msg":"HandleMarketBuyTx: inserted 1 records for txId=5z4mFwvqhmwFnLoax7tB77w3hy1cXUjT9oNDkDWLZVgfEc8AXKz6DCV3VPqfzuYJa6N7JhUjVVgkvPgWimDFgsm9"}
{"time":"2026-06-11T22:01:39.44567+08:00","level":"INFO","service":"pos-api","caller":"app/pos/api/internal/task/kafka.go:93","msg":"KafkaConsumerTask: 收到已扫描交易 service=pos subService=market buy token txID=5yfU1hSSx86yYTQuepLVdzNYTUbua2pRkmai4yhtdtDxMghhNtfp8EDJXPiT9Hh2ThK5DsoUrueCrpTAKqPzu9VU"}
{"time":"2026-06-11T22:01:39.445685+08:00","level":"INFO","service":"pos-api","caller":"app/pos/api/internal/logic/stake/stake_logic.go:144","msg":"HandleMarketBuyTx: txId=5yfU1hSSx86yYTQuepLVdzNYTUbua2pRkmai4yhtdtDxMghhNtfp8EDJXPiT9Hh2ThK5DsoUrueCrpTAKqPzu9VU"}
{"time":"2026-06-11T22:01:39.446483+08:00","level":"INFO","service":"pos-api","caller":"app/pos/api/internal/logic/stake/stake_logic.go:178","msg":"HandleMarketBuyTx: inserted 1 records for txId=5yfU1hSSx86yYTQuepLVdzNYTUbua2pRkmai4yhtdtDxMghhNtfp8EDJXPiT9Hh2ThK5DsoUrueCrpTAKqPzu9VU"}
{"time":"2026-06-11T22:01:39.447019+08:00","level":"INFO","service":"pos-api","caller":"app/pos/api/internal/task/kafka.go:93","msg":"KafkaConsumerTask: 收到已扫描交易 service=pos subService=market buy token txID=utGiohiXCjrC9N94zRqJVa3Wu9ooayub5FfoN8XYMHDE4xTJNGTR4nRqyRWrXErd3gUwTPc3pQkVk12w6S4bHwf"}
{"time":"2026-06-11T22:01:39.447031+08:00","level":"INFO","service":"pos-api","caller":"app/pos/api/internal/logic/stake/stake_logic.go:144","msg":"HandleMarketBuyTx: txId=utGiohiXCjrC9N94zRqJVa3Wu9ooayub5FfoN8XYMHDE4xTJNGTR4nRqyRWrXErd3gUwTPc3pQkVk12w6S4bHwf"}
{"time":"2026-06-11T22:01:39.447835+08:00","level":"INFO","service":"pos-api","caller":"app/pos/api/internal/logic/stake/stake_logic.go:178","msg":"HandleMarketBuyTx: inserted 1 records for txId=utGiohiXCjrC9N94zRqJVa3Wu9ooayub5FfoN8XYMHDE4xTJNGTR4nRqyRWrXErd3gUwTPc3pQkVk12w6S4bHwf"}
{"time":"2026-06-11T22:01:39.448347+08:00","level":"INFO","service":"pos-api","caller":"app/pos/api/internal/task/kafka.go:93","msg":"KafkaConsumerTask: 收到已扫描交易 service=pos subService=market buy token txID=2pqjQen4dsvPVSPffvKBT97Aanbg7P4uSGT4DvSgkGTBNCGuqTYpH9h9DHD7kf7ySsmp219Pq7PLPesdbuHDBRV3"}
{"time":"2026-06-11T22:01:39.448363+08:00","level":"INFO","service":"pos-api","caller":"app/pos/api/internal/logic/stake/stake_logic.go:144","msg":"HandleMarketBuyTx: txId=2pqjQen4dsvPVSPffvKBT97Aanbg7P4uSGT4DvSgkGTBNCGuqTYpH9h9DHD7kf7ySsmp219Pq7PLPesdbuHDBRV3"}
{"time":"2026-06-11T22:01:39.450379+08:00","level":"INFO","service":"pos-api","caller":"app/pos/api/internal/logic/stake/stake_logic.go:178","msg":"HandleMarketBuyTx: inserted 1 records for txId=2pqjQen4dsvPVSPffvKBT97Aanbg7P4uSGT4DvSgkGTBNCGuqTYpH9h9DHD7kf7ySsmp219Pq7PLPesdbuHDBRV3"}
{"time":"2026-06-11T22:01:39.451086+08:00","level":"INFO","service":"pos-api","caller":"app/pos/api/internal/task/kafka.go:93","msg":"KafkaConsumerTask: 收到已扫描交易 service=pos subService=market buy token txID=2RC8cWXsSKQ71ZCbEzvR6e1BuMcsxH6iRdSJRXHcHPmmEPVzoK5jikh2WzrbjSJ7aVapwjqjwZjnCVLayJDie3xw"}
{"time":"2026-06-11T22:01:39.451101+08:00","level":"INFO","service":"pos-api","caller":"app/pos/api/internal/logic/stake/stake_logic.go:144","msg":"HandleMarketBuyTx: txId=2RC8cWXsSKQ71ZCbEzvR6e1BuMcsxH6iRdSJRXHcHPmmEPVzoK5jikh2WzrbjSJ7aVapwjqjwZjnCVLayJDie3xw"}
{"time":"2026-06-11T22:01:39.452011+08:00","level":"INFO","service":"pos-api","caller":"app/pos/api/internal/logic/stake/stake_logic.go:178","msg":"HandleMarketBuyTx: inserted 1 records for txId=2RC8cWXsSKQ71ZCbEzvR6e1BuMcsxH6iRdSJRXHcHPmmEPVzoK5jikh2WzrbjSJ7aVapwjqjwZjnCVLayJDie3xw"}
{"time":"2026-06-11T22:01:39.452491+08:00","level":"INFO","service":"pos-api","caller":"app/pos/api/internal/task/kafka.go:93","msg":"KafkaConsumerTask: 收到已扫描交易 service=pos subService=market buy token txID=3KMqXNJQGXHX8dVGcM2PszKUUbbLC4Wixw3dJb3W4FeacrfjCP27q7kbTjiDazh9Bqw784P4LtwBH44TFp1USniE"}
{"time":"2026-06-11T22:01:39.452502+08:00","level":"INFO","service":"pos-api","caller":"app/pos/api/internal/logic/stake/stake_logic.go:144","msg":"HandleMarketBuyTx: txId=3KMqXNJQGXHX8dVGcM2PszKUUbbLC4Wixw3dJb3W4FeacrfjCP27q7kbTjiDazh9Bqw784P4LtwBH44TFp1USniE"}
{"time":"2026-06-11T22:01:39.453321+08:00","level":"INFO","service":"pos-api","caller":"app/pos/api/internal/logic/stake/stake_logic.go:178","msg":"HandleMarketBuyTx: inserted 1 records for txId=3KMqXNJQGXHX8dVGcM2PszKUUbbLC4Wixw3dJb3W4FeacrfjCP27q7kbTjiDazh9Bqw784P4LtwBH44TFp1USniE"}
{"time":"2026-06-11T22:01:39.453784+08:00","level":"INFO","service":"pos-api","caller":"app/pos/api/internal/task/kafka.go:93","msg":"KafkaConsumerTask: 收到已扫描交易 service=pos subService=market buy token txID=nhQMV4GkkpHKY6R6SSfskUzXvFHEkWRLBKoSpyNFDi5sRkMFoJJtvSFJU8Q9EBJ5YcX8UT4vZsVR98HLCeWvfdA"}
{"time":"2026-06-11T22:01:39.453798+08:00","level":"INFO","service":"pos-api","caller":"app/pos/api/internal/logic/stake/stake_logic.go:144","msg":"HandleMarketBuyTx: txId=nhQMV4GkkpHKY6R6SSfskUzXvFHEkWRLBKoSpyNFDi5sRkMFoJJtvSFJU8Q9EBJ5YcX8UT4vZsVR98HLCeWvfdA"}
{"time":"2026-06-11T22:01:39.4546+08:00","level":"INFO","service":"pos-api","caller":"app/pos/api/internal/logic/stake/stake_logic.go:178","msg":"HandleMarketBuyTx: inserted 1 records for txId=nhQMV4GkkpHKY6R6SSfskUzXvFHEkWRLBKoSpyNFDi5sRkMFoJJtvSFJU8Q9EBJ5YcX8UT4vZsVR98HLCeWvfdA"}
{"time":"2026-06-11T22:01:39.455103+08:00","level":"INFO","service":"pos-api","caller":"app/pos/api/internal/task/kafka.go:93","msg":"KafkaConsumerTask: 收到已扫描交易 service=pos subService=market buy token txID=33aRny2HbWrphu49aL7LRvT418fQpz7XGyckDFz3PQnjVDrjsZjzc5VwkD1YGbfwZJD9SoLUUKqZc7DNwnBxjdRC"}
{"time":"2026-06-11T22:01:39.455115+08:00","level":"INFO","service":"pos-api","caller":"app/pos/api/internal/logic/stake/stake_logic.go:144","msg":"HandleMarketBuyTx: txId=33aRny2HbWrphu49aL7LRvT418fQpz7XGyckDFz3PQnjVDrjsZjzc5VwkD1YGbfwZJD9SoLUUKqZc7DNwnBxjdRC"}
{"time":"2026-06-11T22:01:39.456823+08:00","level":"INFO","service":"pos-api","caller":"app/pos/api/internal/logic/stake/stake_logic.go:178","msg":"HandleMarketBuyTx: inserted 1 records for txId=33aRny2HbWrphu49aL7LRvT418fQpz7XGyckDFz3PQnjVDrjsZjzc5VwkD1YGbfwZJD9SoLUUKqZc7DNwnBxjdRC"}
{"time":"2026-06-11T22:01:39.457468+08:00","level":"INFO","service":"pos-api","caller":"app/pos/api/internal/task/kafka.go:93","msg":"KafkaConsumerTask: 收到已扫描交易 service=pos subService=market buy token txID=3s5xWiPLdjBtBkzSiCmM96wKy9Uvzx6ES4XXkSKkPHHLNBpuDoU2gWYJCMAnxedqPnUF725ajGcQ3iQjNjhcifPS"}
{"time":"2026-06-11T22:01:39.457484+08:00","level":"INFO","service":"pos-api","caller":"app/pos/api/internal/logic/stake/stake_logic.go:144","msg":"HandleMarketBuyTx: txId=3s5xWiPLdjBtBkzSiCmM96wKy9Uvzx6ES4XXkSKkPHHLNBpuDoU2gWYJCMAnxedqPnUF725ajGcQ3iQjNjhcifPS"}
{"time":"2026-06-11T22:01:39.458478+08:00","level":"INFO","service":"pos-api","caller":"app/pos/api/internal/logic/stake/stake_logic.go:178","msg":"HandleMarketBuyTx: inserted 1 records for txId=3s5xWiPLdjBtBkzSiCmM96wKy9Uvzx6ES4XXkSKkPHHLNBpuDoU2gWYJCMAnxedqPnUF725ajGcQ3iQjNjhcifPS"}
{"time":"2026-06-11T22:01:39.459056+08:00","level":"INFO","service":"pos-api","caller":"app/pos/api/internal/task/kafka.go:93","msg":"KafkaConsumerTask: 收到已扫描交易 service=pos subService=market buy token txID=3MXneXET4A3rGrSLdsc9RrZDGHFWwm2mAp4ktfeVkSQEEhwTkysR5tdJHDFBZZMuWtF4xQFTdt4Muo25AV8HhdHr"}
{"time":"2026-06-11T22:01:39.459072+08:00","level":"INFO","service":"pos-api","caller":"app/pos/api/internal/logic/stake/stake_logic.go:144","msg":"HandleMarketBuyTx: txId=3MXneXET4A3rGrSLdsc9RrZDGHFWwm2mAp4ktfeVkSQEEhwTkysR5tdJHDFBZZMuWtF4xQFTdt4Muo25AV8HhdHr"}
{"time":"2026-06-11T22:01:39.459986+08:00","level":"INFO","service":"pos-api","caller":"app/pos/api/internal/logic/stake/stake_logic.go:178","msg":"HandleMarketBuyTx: inserted 1 records for txId=3MXneXET4A3rGrSLdsc9RrZDGHFWwm2mAp4ktfeVkSQEEhwTkysR5tdJHDFBZZMuWtF4xQFTdt4Muo25AV8HhdHr"}
{"time":"2026-06-11T22:01:39.460581+08:00","level":"INFO","service":"pos-api","caller":"app/pos/api/internal/task/kafka.go:93","msg":"KafkaConsumerTask: 收到已扫描交易 service=pos subService=market buy token txID=S8kFkZBXCHnDkLbeyYaUR7JHwoiafnr3iJ5dSJyGJLBYE6nuggn24Gp9VmxHSkyNyMq8NF13MqHnegNrshvQscd"}
{"time":"2026-06-11T22:01:39.460593+08:00","level":"INFO","service":"pos-api","caller":"app/pos/api/internal/logic/stake/stake_logic.go:144","msg":"HandleMarketBuyTx: txId=S8kFkZBXCHnDkLbeyYaUR7JHwoiafnr3iJ5dSJyGJLBYE6nuggn24Gp9VmxHSkyNyMq8NF13MqHnegNrshvQscd"}
{"time":"2026-06-11T22:01:39.461458+08:00","level":"INFO","service":"pos-api","caller":"app/pos/api/internal/logic/stake/stake_logic.go:178","msg":"HandleMarketBuyTx: inserted 1 records for txId=S8kFkZBXCHnDkLbeyYaUR7JHwoiafnr3iJ5dSJyGJLBYE6nuggn24Gp9VmxHSkyNyMq8NF13MqHnegNrshvQscd"}
{"time":"2026-06-11T22:01:39.461995+08:00","level":"INFO","service":"pos-api","caller":"app/pos/api/internal/task/kafka.go:93","msg":"KafkaConsumerTask: 收到已扫描交易 service=pos subService=market buy token txID=48hJ8vaMNSQVnRonoGKvFhxAsYQhRp35y4Cby3wb2MmDH9JKBTHtEoegTbQnkSut4eaW46FeHPmArFjPu2kd373J"}
{"time":"2026-06-11T22:01:39.462011+08:00","level":"INFO","service":"pos-api","caller":"app/pos/api/internal/logic/stake/stake_logic.go:144","msg":"HandleMarketBuyTx: txId=48hJ8vaMNSQVnRonoGKvFhxAsYQhRp35y4Cby3wb2MmDH9JKBTHtEoegTbQnkSut4eaW46FeHPmArFjPu2kd373J"}
{"time":"2026-06-11T22:01:39.463494+08:00","level":"INFO","service":"pos-api","caller":"app/pos/api/internal/logic/stake/stake_logic.go:178","msg":"HandleMarketBuyTx: inserted 1 records for txId=48hJ8vaMNSQVnRonoGKvFhxAsYQhRp35y4Cby3wb2MmDH9JKBTHtEoegTbQnkSut4eaW46FeHPmArFjPu2kd373J"}
{"time":"2026-06-11T22:01:39.464039+08:00","level":"INFO","service":"pos-api","caller":"app/pos/api/internal/task/kafka.go:93","msg":"KafkaConsumerTask: 收到已扫描交易 service=pos subService=market buy token txID=4oeGQ1LqiRKV3iupEjgTQDeY7BMhEr8jfuS9y9ZCAhLgy9w49noousKz3r1DTP5CSdMujh7yJjXoNc7KbWypjVBE"}
{"time":"2026-06-11T22:01:39.464055+08:00","level":"INFO","service":"pos-api","caller":"app/pos/api/internal/logic/stake/stake_logic.go:144","msg":"HandleMarketBuyTx: txId=4oeGQ1LqiRKV3iupEjgTQDeY7BMhEr8jfuS9y9ZCAhLgy9w49noousKz3r1DTP5CSdMujh7yJjXoNc7KbWypjVBE"}
{"time":"2026-06-11T22:01:39.464885+08:00","level":"INFO","service":"pos-api","caller":"app/pos/api/internal/logic/stake/stake_logic.go:178","msg":"HandleMarketBuyTx: inserted 1 records for txId=4oeGQ1LqiRKV3iupEjgTQDeY7BMhEr8jfuS9y9ZCAhLgy9w49noousKz3r1DTP5CSdMujh7yJjXoNc7KbWypjVBE"}
{"time":"2026-06-11T22:01:39.46539+08:00","level":"INFO","service":"pos-api","caller":"app/pos/api/internal/task/kafka.go:93","msg":"KafkaConsumerTask: 收到已扫描交易 service=pos subService=market buy token txID=4Xo57FaKQyEFNubHDfsZXm9NmEAKLicm1HFEyBAsz4UjTGjcpBEy2iZPppwNh1gFroxhpXBnGoahAQf7Xn8QJmAF"}
{"time":"2026-06-11T22:01:39.465403+08:00","level":"INFO","service":"pos-api","caller":"app/pos/api/internal/logic/stake/stake_logic.go:144","msg":"HandleMarketBuyTx: txId=4Xo57FaKQyEFNubHDfsZXm9NmEAKLicm1HFEyBAsz4UjTGjcpBEy2iZPppwNh1gFroxhpXBnGoahAQf7Xn8QJmAF"}
{"time":"2026-06-11T22:01:39.466248+08:00","level":"INFO","service":"pos-api","caller":"app/pos/api/internal/logic/stake/stake_logic.go:178","msg":"HandleMarketBuyTx: inserted 1 records for txId=4Xo57FaKQyEFNubHDfsZXm9NmEAKLicm1HFEyBAsz4UjTGjcpBEy2iZPppwNh1gFroxhpXBnGoahAQf7Xn8QJmAF"}
{"time":"2026-06-11T22:01:39.466767+08:00","level":"INFO","service":"pos-api","caller":"app/pos/api/internal/task/kafka.go:93","msg":"KafkaConsumerTask: 收到已扫描交易 service=pos subService=market buy token txID=4BvjmBzyxkPorfFWwxeZA8CmDikQzXoZhYpUXU2kKGKprCCaJ7xzySFAAAi4HwQeyebsbz3hM2B92BjMFCqE9kPh"}
{"time":"2026-06-11T22:01:39.466786+08:00","level":"INFO","service":"pos-api","caller":"app/pos/api/internal/logic/stake/stake_logic.go:144","msg":"HandleMarketBuyTx: txId=4BvjmBzyxkPorfFWwxeZA8CmDikQzXoZhYpUXU2kKGKprCCaJ7xzySFAAAi4HwQeyebsbz3hM2B92BjMFCqE9kPh"}
{"time":"2026-06-11T22:01:39.467583+08:00","level":"INFO","service":"pos-api","caller":"app/pos/api/internal/logic/stake/stake_logic.go:178","msg":"HandleMarketBuyTx: inserted 1 records for txId=4BvjmBzyxkPorfFWwxeZA8CmDikQzXoZhYpUXU2kKGKprCCaJ7xzySFAAAi4HwQeyebsbz3hM2B92BjMFCqE9kPh"}
{"time":"2026-06-11T22:01:39.468068+08:00","level":"INFO","service":"pos-api","caller":"app/pos/api/internal/task/kafka.go:93","msg":"KafkaConsumerTask: 收到已扫描交易 service=pos subService=market buy token txID=UqhkwuLMV3Fx9tsvtULZR6q3gYu6DM9ibtbqmXmZRDcNi83zRV41ySTRn9e1Q5epq5dNRAWpxtmBTTJXMMLHtp6"}
{"time":"2026-06-11T22:01:39.468079+08:00","level":"INFO","service":"pos-api","caller":"app/pos/api/internal/logic/stake/stake_logic.go:144","msg":"HandleMarketBuyTx: txId=UqhkwuLMV3Fx9tsvtULZR6q3gYu6DM9ibtbqmXmZRDcNi83zRV41ySTRn9e1Q5epq5dNRAWpxtmBTTJXMMLHtp6"}
{"time":"2026-06-11T22:01:39.469549+08:00","level":"INFO","service":"pos-api","caller":"app/pos/api/internal/logic/stake/stake_logic.go:178","msg":"HandleMarketBuyTx: inserted 1 records for txId=UqhkwuLMV3Fx9tsvtULZR6q3gYu6DM9ibtbqmXmZRDcNi83zRV41ySTRn9e1Q5epq5dNRAWpxtmBTTJXMMLHtp6"}
{"time":"2026-06-11T22:01:39.470392+08:00","level":"INFO","service":"pos-api","caller":"app/pos/api/internal/task/kafka.go:93","msg":"KafkaConsumerTask: 收到已扫描交易 service=pos subService=market buy token txID=25mraeoiPP2AePmgbqpxkCMRqHe82qLFxANyrqADJyxfEPFQoNvEFZQvKQSmXceycrLi67m2De53pNWyDmPRGucr"}
{"time":"2026-06-11T22:01:39.470409+08:00","level":"INFO","service":"pos-api","caller":"app/pos/api/internal/logic/stake/stake_logic.go:144","msg":"HandleMarketBuyTx: txId=25mraeoiPP2AePmgbqpxkCMRqHe82qLFxANyrqADJyxfEPFQoNvEFZQvKQSmXceycrLi67m2De53pNWyDmPRGucr"}
{"time":"2026-06-11T22:01:39.47129+08:00","level":"INFO","service":"pos-api","caller":"app/pos/api/internal/logic/stake/stake_logic.go:178","msg":"HandleMarketBuyTx: inserted 1 records for txId=25mraeoiPP2AePmgbqpxkCMRqHe82qLFxANyrqADJyxfEPFQoNvEFZQvKQSmXceycrLi67m2De53pNWyDmPRGucr"}
{"time":"2026-06-11T22:01:39.471757+08:00","level":"INFO","service":"pos-api","caller":"app/pos/api/internal/task/kafka.go:93","msg":"KafkaConsumerTask: 收到已扫描交易 service=pos subService=market buy token txID=26VMQhPE1aP7W2MCWUX7nBfcP5SB9LjUV52tLNF4NTto1AEQPFVGnd53se4MYKuLH6dqgcuBb6JP4r5jdku8tMCD"}
{"time":"2026-06-11T22:01:39.471771+08:00","level":"INFO","service":"pos-api","caller":"app/pos/api/internal/logic/stake/stake_logic.go:144","msg":"HandleMarketBuyTx: txId=26VMQhPE1aP7W2MCWUX7nBfcP5SB9LjUV52tLNF4NTto1AEQPFVGnd53se4MYKuLH6dqgcuBb6JP4r5jdku8tMCD"}
{"time":"2026-06-11T22:01:39.472761+08:00","level":"INFO","service":"pos-api","caller":"app/pos/api/internal/logic/stake/stake_logic.go:178","msg":"HandleMarketBuyTx: inserted 1 records for txId=26VMQhPE1aP7W2MCWUX7nBfcP5SB9LjUV52tLNF4NTto1AEQPFVGnd53se4MYKuLH6dqgcuBb6JP4r5jdku8tMCD"}
{"time":"2026-06-11T22:01:39.473206+08:00","level":"INFO","service":"pos-api","caller":"app/pos/api/internal/task/kafka.go:93","msg":"KafkaConsumerTask: 收到已扫描交易 service=pos subService=market buy token txID=YuLnJc9JCqk1xkARPE3nukFgT3qCD32EjgEFVj7VkVDLusSHXzViDJPZDiF2bHXsjS1YxWqwvLSGKpvidikj5zk"}
{"time":"2026-06-11T22:01:39.473217+08:00","level":"INFO","service":"pos-api","caller":"app/pos/api/internal/logic/stake/stake_logic.go:144","msg":"HandleMarketBuyTx: txId=YuLnJc9JCqk1xkARPE3nukFgT3qCD32EjgEFVj7VkVDLusSHXzViDJPZDiF2bHXsjS1YxWqwvLSGKpvidikj5zk"}
{"time":"2026-06-11T22:01:39.474045+08:00","level":"INFO","service":"pos-api","caller":"app/pos/api/internal/logic/stake/stake_logic.go:178","msg":"HandleMarketBuyTx: inserted 1 records for txId=YuLnJc9JCqk1xkARPE3nukFgT3qCD32EjgEFVj7VkVDLusSHXzViDJPZDiF2bHXsjS1YxWqwvLSGKpvidikj5zk"}
{"time":"2026-06-11T22:01:39.474585+08:00","level":"INFO","service":"pos-api","caller":"app/pos/api/internal/task/kafka.go:93","msg":"KafkaConsumerTask: 收到已扫描交易 service=pos subService=market buy token txID=5pxye1hSPmEqXozWBnyW4HWQtNsLhAoRUnQVkGgnz3H1GiPFSh3qVDT5nXvtNC8kmz7xtHdWBy2mGsYMTENDqxHG"}
{"time":"2026-06-11T22:01:39.474597+08:00","level":"INFO","service":"pos-api","caller":"app/pos/api/internal/logic/stake/stake_logic.go:144","msg":"HandleMarketBuyTx: txId=5pxye1hSPmEqXozWBnyW4HWQtNsLhAoRUnQVkGgnz3H1GiPFSh3qVDT5nXvtNC8kmz7xtHdWBy2mGsYMTENDqxHG"}
{"time":"2026-06-11T22:01:39.47561+08:00","level":"INFO","service":"pos-api","caller":"app/pos/api/internal/logic/stake/stake_logic.go:178","msg":"HandleMarketBuyTx: inserted 1 records for txId=5pxye1hSPmEqXozWBnyW4HWQtNsLhAoRUnQVkGgnz3H1GiPFSh3qVDT5nXvtNC8kmz7xtHdWBy2mGsYMTENDqxHG"}
{"time":"2026-06-11T22:01:39.476543+08:00","level":"INFO","service":"pos-api","caller":"app/pos/api/internal/task/kafka.go:93","msg":"KafkaConsumerTask: 收到已扫描交易 service=pos subService=market buy token txID=2oicWQc5uhJLJgPncBDw5C8pjiDZzJTMDwzFEyu1rNNvSej1jNGZwiR7TjUkNdsn4FCBThokgeDnrQTWhH6hequY"}
{"time":"2026-06-11T22:01:39.476574+08:00","level":"INFO","service":"pos-api","caller":"app/pos/api/internal/logic/stake/stake_logic.go:144","msg":"HandleMarketBuyTx: txId=2oicWQc5uhJLJgPncBDw5C8pjiDZzJTMDwzFEyu1rNNvSej1jNGZwiR7TjUkNdsn4FCBThokgeDnrQTWhH6hequY"}
{"time":"2026-06-11T22:01:39.477486+08:00","level":"INFO","service":"pos-api","caller":"app/pos/api/internal/logic/stake/stake_logic.go:178","msg":"HandleMarketBuyTx: inserted 1 records for txId=2oicWQc5uhJLJgPncBDw5C8pjiDZzJTMDwzFEyu1rNNvSej1jNGZwiR7TjUkNdsn4FCBThokgeDnrQTWhH6hequY"}
{"time":"2026-06-11T22:01:39.478177+08:00","level":"INFO","service":"pos-api","caller":"app/pos/api/internal/task/kafka.go:93","msg":"KafkaConsumerTask: 收到已扫描交易 service=pos subService=market buy token txID=2C7Fb1fCHhhP5Tprr8BZJbySgjoZk6Mz9LoFk663v9Ab5C6oVwWCEryjTd6bHWLKpjM2mvXg12NfWwGdbkv5wBES"}
{"time":"2026-06-11T22:01:39.478191+08:00","level":"INFO","service":"pos-api","caller":"app/pos/api/internal/logic/stake/stake_logic.go:144","msg":"HandleMarketBuyTx: txId=2C7Fb1fCHhhP5Tprr8BZJbySgjoZk6Mz9LoFk663v9Ab5C6oVwWCEryjTd6bHWLKpjM2mvXg12NfWwGdbkv5wBES"}
{"time":"2026-06-11T22:01:39.479101+08:00","level":"INFO","service":"pos-api","caller":"app/pos/api/internal/logic/stake/stake_logic.go:178","msg":"HandleMarketBuyTx: inserted 1 records for txId=2C7Fb1fCHhhP5Tprr8BZJbySgjoZk6Mz9LoFk663v9Ab5C6oVwWCEryjTd6bHWLKpjM2mvXg12NfWwGdbkv5wBES"}
{"time":"2026-06-11T22:01:39.479709+08:00","level":"INFO","service":"pos-api","caller":"app/pos/api/internal/task/kafka.go:93","msg":"KafkaConsumerTask: 收到已扫描交易 service=pos subService=market buy token txID=3cntMyhGtqo4s5G6ruebyoZHVx5BvMs9dSoLM46fjPQdamFuAXtVFcV27ETKReaR3NYSt8vXnxKxcGsA3qXUW1zh"}
{"time":"2026-06-11T22:01:39.479726+08:00","level":"INFO","service":"pos-api","caller":"app/pos/api/internal/logic/stake/stake_logic.go:144","msg":"HandleMarketBuyTx: txId=3cntMyhGtqo4s5G6ruebyoZHVx5BvMs9dSoLM46fjPQdamFuAXtVFcV27ETKReaR3NYSt8vXnxKxcGsA3qXUW1zh"}
{"time":"2026-06-11T22:01:39.480563+08:00","level":"INFO","service":"pos-api","caller":"app/pos/api/internal/logic/stake/stake_logic.go:178","msg":"HandleMarketBuyTx: inserted 1 records for txId=3cntMyhGtqo4s5G6ruebyoZHVx5BvMs9dSoLM46fjPQdamFuAXtVFcV27ETKReaR3NYSt8vXnxKxcGsA3qXUW1zh"}
{"time":"2026-06-11T22:01:39.481097+08:00","level":"INFO","service":"pos-api","caller":"app/pos/api/internal/task/kafka.go:93","msg":"KafkaConsumerTask: 收到已扫描交易 service=pos subService=market buy token txID=5ty8PU5f2nNqW69XdjLw8cBUcT3vVcfK3kw3q7xNxox1y2fkqoqjJckLptkgdYzsAtNKPf6jigGrTCXuAmxWoGgz"}
{"time":"2026-06-11T22:01:39.481108+08:00","level":"INFO","service":"pos-api","caller":"app/pos/api/internal/logic/stake/stake_logic.go:144","msg":"HandleMarketBuyTx: txId=5ty8PU5f2nNqW69XdjLw8cBUcT3vVcfK3kw3q7xNxox1y2fkqoqjJckLptkgdYzsAtNKPf6jigGrTCXuAmxWoGgz"}
{"time":"2026-06-11T22:01:39.481857+08:00","level":"INFO","service":"pos-api","caller":"app/pos/api/internal/logic/stake/stake_logic.go:178","msg":"HandleMarketBuyTx: inserted 1 records for txId=5ty8PU5f2nNqW69XdjLw8cBUcT3vVcfK3kw3q7xNxox1y2fkqoqjJckLptkgdYzsAtNKPf6jigGrTCXuAmxWoGgz"}
{"time":"2026-06-11T22:01:39.483077+08:00","level":"INFO","service":"pos-api","caller":"app/pos/api/internal/task/kafka.go:93","msg":"KafkaConsumerTask: 收到已扫描交易 service=pos subService=market buy token txID=53zBwCCfm7BdjaaLfo7iM1U987uAjeLCNK8RgvW1kxLpEeZvUKwnvAgjhhDLh4nAMC58KaFqutxFRPXbau2iHZ2Z"}
{"time":"2026-06-11T22:01:39.483144+08:00","level":"INFO","service":"pos-api","caller":"app/pos/api/internal/logic/stake/stake_logic.go:144","msg":"HandleMarketBuyTx: txId=53zBwCCfm7BdjaaLfo7iM1U987uAjeLCNK8RgvW1kxLpEeZvUKwnvAgjhhDLh4nAMC58KaFqutxFRPXbau2iHZ2Z"}
{"time":"2026-06-11T22:01:39.484162+08:00","level":"INFO","service":"pos-api","caller":"app/pos/api/internal/logic/stake/stake_logic.go:178","msg":"HandleMarketBuyTx: inserted 1 records for txId=53zBwCCfm7BdjaaLfo7iM1U987uAjeLCNK8RgvW1kxLpEeZvUKwnvAgjhhDLh4nAMC58KaFqutxFRPXbau2iHZ2Z"}
{"time":"2026-06-11T22:01:39.484697+08:00","level":"INFO","service":"pos-api","caller":"app/pos/api/internal/task/kafka.go:93","msg":"KafkaConsumerTask: 收到已扫描交易 service=pos subService=market buy token txID=2crS3phSpN9WqtCh2TyAC8ytPCjtbpiFYgFAXqkUj8FbKiqGe8ZRhhFKqLd1GsKndSUuisdfnCEMsWPSH2Zj8zgu"}
{"time":"2026-06-11T22:01:39.48471+08:00","level":"INFO","service":"pos-api","caller":"app/pos/api/internal/logic/stake/stake_logic.go:144","msg":"HandleMarketBuyTx: txId=2crS3phSpN9WqtCh2TyAC8ytPCjtbpiFYgFAXqkUj8FbKiqGe8ZRhhFKqLd1GsKndSUuisdfnCEMsWPSH2Zj8zgu"}
{"time":"2026-06-11T22:01:39.485534+08:00","level":"INFO","service":"pos-api","caller":"app/pos/api/internal/logic/stake/stake_logic.go:178","msg":"HandleMarketBuyTx: inserted 1 records for txId=2crS3phSpN9WqtCh2TyAC8ytPCjtbpiFYgFAXqkUj8FbKiqGe8ZRhhFKqLd1GsKndSUuisdfnCEMsWPSH2Zj8zgu"}
{"time":"2026-06-11T22:01:39.486021+08:00","level":"INFO","service":"pos-api","caller":"app/pos/api/internal/task/kafka.go:93","msg":"KafkaConsumerTask: 收到已扫描交易 service=pos subService=market buy token txID=66iB7A4smkr2yMxBsjpMU1b5UcPwDVrwcWvugiZRE75MgeZL45qnvBWZgXncFu85vtH2zFy3ssSzz5QCgBFfWSDV"}
{"time":"2026-06-11T22:01:39.486034+08:00","level":"INFO","service":"pos-api","caller":"app/pos/api/internal/logic/stake/stake_logic.go:144","msg":"HandleMarketBuyTx: txId=66iB7A4smkr2yMxBsjpMU1b5UcPwDVrwcWvugiZRE75MgeZL45qnvBWZgXncFu85vtH2zFy3ssSzz5QCgBFfWSDV"}
{"time":"2026-06-11T22:01:39.486977+08:00","level":"INFO","service":"pos-api","caller":"app/pos/api/internal/logic/stake/stake_logic.go:178","msg":"HandleMarketBuyTx: inserted 1 records for txId=66iB7A4smkr2yMxBsjpMU1b5UcPwDVrwcWvugiZRE75MgeZL45qnvBWZgXncFu85vtH2zFy3ssSzz5QCgBFfWSDV"}
{"time":"2026-06-11T22:01:39.487571+08:00","level":"INFO","service":"pos-api","caller":"app/pos/api/internal/task/kafka.go:93","msg":"KafkaConsumerTask: 收到已扫描交易 service=pos subService=market buy token txID=4Cswj2ZDunqrLbiNYqgZHK4u7hmDrT6mcDgBJh64f36PmG5KdZY3hxNw52HSgM5zxesJCENRSCi1N9B2r2ESvoHw"}
{"time":"2026-06-11T22:01:39.487584+08:00","level":"INFO","service":"pos-api","caller":"app/pos/api/internal/logic/stake/stake_logic.go:144","msg":"HandleMarketBuyTx: txId=4Cswj2ZDunqrLbiNYqgZHK4u7hmDrT6mcDgBJh64f36PmG5KdZY3hxNw52HSgM5zxesJCENRSCi1N9B2r2ESvoHw"}
{"time":"2026-06-11T22:01:39.488561+08:00","level":"INFO","service":"pos-api","caller":"app/pos/api/internal/logic/stake/stake_logic.go:178","msg":"HandleMarketBuyTx: inserted 1 records for txId=4Cswj2ZDunqrLbiNYqgZHK4u7hmDrT6mcDgBJh64f36PmG5KdZY3hxNw52HSgM5zxesJCENRSCi1N9B2r2ESvoHw"}
{"time":"2026-06-11T22:01:39.489521+08:00","level":"INFO","service":"pos-api","caller":"app/pos/api/internal/task/kafka.go:93","msg":"KafkaConsumerTask: 收到已扫描交易 service=pos subService=market buy token txID=5aJiMwofPxaGvetne6zJK91FwE7KcFAk4J3kTQ84E3ayqG4pfq4s5hYcQ4R2tVB7zgk78XWmphauWZLAyUVnBSNc"}
{"time":"2026-06-11T22:01:39.489544+08:00","level":"INFO","service":"pos-api","caller":"app/pos/api/internal/logic/stake/stake_logic.go:144","msg":"HandleMarketBuyTx: txId=5aJiMwofPxaGvetne6zJK91FwE7KcFAk4J3kTQ84E3ayqG4pfq4s5hYcQ4R2tVB7zgk78XWmphauWZLAyUVnBSNc"}
{"time":"2026-06-11T22:01:39.490704+08:00","level":"INFO","service":"pos-api","caller":"app/pos/api/internal/logic/stake/stake_logic.go:178","msg":"HandleMarketBuyTx: inserted 1 records for txId=5aJiMwofPxaGvetne6zJK91FwE7KcFAk4J3kTQ84E3ayqG4pfq4s5hYcQ4R2tVB7zgk78XWmphauWZLAyUVnBSNc"}
{"time":"2026-06-11T22:01:39.491311+08:00","level":"INFO","service":"pos-api","caller":"app/pos/api/internal/task/kafka.go:93","msg":"KafkaConsumerTask: 收到已扫描交易 service=pos subService=market buy token txID=34zfBsTmUqa12BtvJ4h8ei5vbV9EKiSMpyata1h7vZRLVnoWjHN6kZ4AGniwC2FBDspiusbfpGf45kzaqVRsjL44"}
{"time":"2026-06-11T22:01:39.491325+08:00","level":"INFO","service":"pos-api","caller":"app/pos/api/internal/logic/stake/stake_logic.go:144","msg":"HandleMarketBuyTx: txId=34zfBsTmUqa12BtvJ4h8ei5vbV9EKiSMpyata1h7vZRLVnoWjHN6kZ4AGniwC2FBDspiusbfpGf45kzaqVRsjL44"}
{"time":"2026-06-11T22:01:39.492146+08:00","level":"INFO","service":"pos-api","caller":"app/pos/api/internal/logic/stake/stake_logic.go:178","msg":"HandleMarketBuyTx: inserted 1 records for txId=34zfBsTmUqa12BtvJ4h8ei5vbV9EKiSMpyata1h7vZRLVnoWjHN6kZ4AGniwC2FBDspiusbfpGf45kzaqVRsjL44"}
{"time":"2026-06-11T22:01:39.492618+08:00","level":"INFO","service":"pos-api","caller":"app/pos/api/internal/task/kafka.go:93","msg":"KafkaConsumerTask: 收到已扫描交易 service=pos subService=market buy token txID=58ZdE9nJhPhrufvoVinerQgp5YeTs37w1YKeTw71tff1iQTaZjvmKCB8Excy8w4BgNJnStq3YbnctXpvXFmBXf7C"}
{"time":"2026-06-11T22:01:39.492629+08:00","level":"INFO","service":"pos-api","caller":"app/pos/api/internal/logic/stake/stake_logic.go:144","msg":"HandleMarketBuyTx: txId=58ZdE9nJhPhrufvoVinerQgp5YeTs37w1YKeTw71tff1iQTaZjvmKCB8Excy8w4BgNJnStq3YbnctXpvXFmBXf7C"}
{"time":"2026-06-11T22:01:39.493395+08:00","level":"INFO","service":"pos-api","caller":"app/pos/api/internal/logic/stake/stake_logic.go:178","msg":"HandleMarketBuyTx: inserted 1 records for txId=58ZdE9nJhPhrufvoVinerQgp5YeTs37w1YKeTw71tff1iQTaZjvmKCB8Excy8w4BgNJnStq3YbnctXpvXFmBXf7C"}
{"time":"2026-06-11T22:01:39.493842+08:00","level":"INFO","service":"pos-api","caller":"app/pos/api/internal/task/kafka.go:93","msg":"KafkaConsumerTask: 收到已扫描交易 service=pos subService=market buy token txID=4E9L9fo8xPJ4yZz8qTivLxXEwPN9X9c8ThG9pNs2tDuZurMSonwpB1XtSNuDkmtn23bKWk2SRGF5hVai168WjAkC"}
{"time":"2026-06-11T22:01:39.493853+08:00","level":"INFO","service":"pos-api","caller":"app/pos/api/internal/logic/stake/stake_logic.go:144","msg":"HandleMarketBuyTx: txId=4E9L9fo8xPJ4yZz8qTivLxXEwPN9X9c8ThG9pNs2tDuZurMSonwpB1XtSNuDkmtn23bKWk2SRGF5hVai168WjAkC"}
{"time":"2026-06-11T22:01:39.494624+08:00","level":"INFO","service":"pos-api","caller":"app/pos/api/internal/logic/stake/stake_logic.go:178","msg":"HandleMarketBuyTx: inserted 1 records for txId=4E9L9fo8xPJ4yZz8qTivLxXEwPN9X9c8ThG9pNs2tDuZurMSonwpB1XtSNuDkmtn23bKWk2SRGF5hVai168WjAkC"}
{"time":"2026-06-11T22:01:39.49512+08:00","level":"INFO","service":"pos-api","caller":"app/pos/api/internal/task/kafka.go:93","msg":"KafkaConsumerTask: 收到已扫描交易 service=pos subService=market buy token txID=25HLFsxFkuNr2ppr3e6htk13djjkWwc62Dotnnzr3mzB23UhXWiJsxCHCcENp9M7vYoziaNkBWP9yCGa8upFsLN7"}
{"time":"2026-06-11T22:01:39.495134+08:00","level":"INFO","service":"pos-api","caller":"app/pos/api/internal/logic/stake/stake_logic.go:144","msg":"HandleMarketBuyTx: txId=25HLFsxFkuNr2ppr3e6htk13djjkWwc62Dotnnzr3mzB23UhXWiJsxCHCcENp9M7vYoziaNkBWP9yCGa8upFsLN7"}
{"time":"2026-06-11T22:01:39.496443+08:00","level":"INFO","service":"pos-api","caller":"app/pos/api/internal/logic/stake/stake_logic.go:178","msg":"HandleMarketBuyTx: inserted 1 records for txId=25HLFsxFkuNr2ppr3e6htk13djjkWwc62Dotnnzr3mzB23UhXWiJsxCHCcENp9M7vYoziaNkBWP9yCGa8upFsLN7"}
{"time":"2026-06-11T22:01:39.497286+08:00","level":"INFO","service":"pos-api","caller":"app/pos/api/internal/task/kafka.go:93","msg":"KafkaConsumerTask: 收到已扫描交易 service=pos subService=market buy token txID=2UA5Ans6RApNN2X9NG7dbCoZrx2moMxXqWUZrZBmdCoJMYTJK38iXMsKYA8w2ShWtQyTUL4CRzo6SS8m4Mt4e5YL"}
{"time":"2026-06-11T22:01:39.497309+08:00","level":"INFO","service":"pos-api","caller":"app/pos/api/internal/logic/stake/stake_logic.go:144","msg":"HandleMarketBuyTx: txId=2UA5Ans6RApNN2X9NG7dbCoZrx2moMxXqWUZrZBmdCoJMYTJK38iXMsKYA8w2ShWtQyTUL4CRzo6SS8m4Mt4e5YL"}
{"time":"2026-06-11T22:01:39.498225+08:00","level":"INFO","service":"pos-api","caller":"app/pos/api/internal/logic/stake/stake_logic.go:178","msg":"HandleMarketBuyTx: inserted 1 records for txId=2UA5Ans6RApNN2X9NG7dbCoZrx2moMxXqWUZrZBmdCoJMYTJK38iXMsKYA8w2ShWtQyTUL4CRzo6SS8m4Mt4e5YL"}
{"time":"2026-06-11T22:01:39.498769+08:00","level":"INFO","service":"pos-api","caller":"app/pos/api/internal/task/kafka.go:93","msg":"KafkaConsumerTask: 收到已扫描交易 service=pos subService=market buy token txID=2DeqV3boj4Svdw6DgVjr1eiQDEub9FsbaBx2gGgThb6Wcqhx9DbHbeACHewYQRSsPvm6m3WoUeBujbFydiYBReyV"}
{"time":"2026-06-11T22:01:39.498784+08:00","level":"INFO","service":"pos-api","caller":"app/pos/api/internal/logic/stake/stake_logic.go:144","msg":"HandleMarketBuyTx: txId=2DeqV3boj4Svdw6DgVjr1eiQDEub9FsbaBx2gGgThb6Wcqhx9DbHbeACHewYQRSsPvm6m3WoUeBujbFydiYBReyV"}
{"time":"2026-06-11T22:01:39.499757+08:00","level":"INFO","service":"pos-api","caller":"app/pos/api/internal/logic/stake/stake_logic.go:178","msg":"HandleMarketBuyTx: inserted 1 records for txId=2DeqV3boj4Svdw6DgVjr1eiQDEub9FsbaBx2gGgThb6Wcqhx9DbHbeACHewYQRSsPvm6m3WoUeBujbFydiYBReyV"}
{"time":"2026-06-11T22:01:39.500346+08:00","level":"INFO","service":"pos-api","caller":"app/pos/api/internal/task/kafka.go:93","msg":"KafkaConsumerTask: 收到已扫描交易 service=pos subService=market buy token txID=2KNngkHGch9FgieDtYFd8CsUgGroCQJca8rHdFik2eikKAxEV6FRTpAPo1DrzP6HM4uyqJrvMaqNeTxqSoH7eiAJ"}
{"time":"2026-06-11T22:01:39.500359+08:00","level":"INFO","service":"pos-api","caller":"app/pos/api/internal/logic/stake/stake_logic.go:144","msg":"HandleMarketBuyTx: txId=2KNngkHGch9FgieDtYFd8CsUgGroCQJca8rHdFik2eikKAxEV6FRTpAPo1DrzP6HM4uyqJrvMaqNeTxqSoH7eiAJ"}
{"time":"2026-06-11T22:01:39.501605+08:00","level":"INFO","service":"pos-api","caller":"app/pos/api/internal/logic/stake/stake_logic.go:178","msg":"HandleMarketBuyTx: inserted 1 records for txId=2KNngkHGch9FgieDtYFd8CsUgGroCQJca8rHdFik2eikKAxEV6FRTpAPo1DrzP6HM4uyqJrvMaqNeTxqSoH7eiAJ"}
{"time":"2026-06-11T22:01:39.502368+08:00","level":"INFO","service":"pos-api","caller":"app/pos/api/internal/task/kafka.go:93","msg":"KafkaConsumerTask: 收到已扫描交易 service=pos subService=market buy token txID=47VxjDcWRfXu27eTTKti5NNbwKsWR19zSGx1pRXtnpmd37rxCyNz7nejwjEKYxFrf8WJcDxpARr6txQyvqp51kpp"}
{"time":"2026-06-11T22:01:39.502386+08:00","level":"INFO","service":"pos-api","caller":"app/pos/api/internal/logic/stake/stake_logic.go:144","msg":"HandleMarketBuyTx: txId=47VxjDcWRfXu27eTTKti5NNbwKsWR19zSGx1pRXtnpmd37rxCyNz7nejwjEKYxFrf8WJcDxpARr6txQyvqp51kpp"}
{"time":"2026-06-11T22:01:39.504009+08:00","level":"INFO","service":"pos-api","caller":"app/pos/api/internal/logic/stake/stake_logic.go:178","msg":"HandleMarketBuyTx: inserted 1 records for txId=47VxjDcWRfXu27eTTKti5NNbwKsWR19zSGx1pRXtnpmd37rxCyNz7nejwjEKYxFrf8WJcDxpARr6txQyvqp51kpp"}
{"time":"2026-06-11T22:01:39.504598+08:00","level":"INFO","service":"pos-api","caller":"app/pos/api/internal/task/kafka.go:93","msg":"KafkaConsumerTask: 收到已扫描交易 service=pos subService=market buy token txID=4ZWzoVxKnFvBSYTGEkeiY2h1H2sBiNTmxa22tQkW7T5zWeZdRJBD3jNvMHddV3ybf7hTdSVvcAhLzfJrUygoihFT"}
{"time":"2026-06-11T22:01:39.504609+08:00","level":"INFO","service":"pos-api","caller":"app/pos/api/internal/logic/stake/stake_logic.go:144","msg":"HandleMarketBuyTx: txId=4ZWzoVxKnFvBSYTGEkeiY2h1H2sBiNTmxa22tQkW7T5zWeZdRJBD3jNvMHddV3ybf7hTdSVvcAhLzfJrUygoihFT"}
{"time":"2026-06-11T22:01:39.505388+08:00","level":"INFO","service":"pos-api","caller":"app/pos/api/internal/logic/stake/stake_logic.go:178","msg":"HandleMarketBuyTx: inserted 1 records for txId=4ZWzoVxKnFvBSYTGEkeiY2h1H2sBiNTmxa22tQkW7T5zWeZdRJBD3jNvMHddV3ybf7hTdSVvcAhLzfJrUygoihFT"}
{"time":"2026-06-11T22:01:39.505887+08:00","level":"INFO","service":"pos-api","caller":"app/pos/api/internal/task/kafka.go:93","msg":"KafkaConsumerTask: 收到已扫描交易 service=pos subService=market buy token txID=4BxMmrFLMUFFGffH82QCUMcUCC2RX41o9d2YWKdGAQ5j4VzwcVGpdHVirkbjVLTDLPytMDXpgyZ4zRzc5j8Tf5EM"}
{"time":"2026-06-11T22:01:39.505899+08:00","level":"INFO","service":"pos-api","caller":"app/pos/api/internal/logic/stake/stake_logic.go:144","msg":"HandleMarketBuyTx: txId=4BxMmrFLMUFFGffH82QCUMcUCC2RX41o9d2YWKdGAQ5j4VzwcVGpdHVirkbjVLTDLPytMDXpgyZ4zRzc5j8Tf5EM"}
{"time":"2026-06-11T22:01:39.506673+08:00","level":"INFO","service":"pos-api","caller":"app/pos/api/internal/logic/stake/stake_logic.go:178","msg":"HandleMarketBuyTx: inserted 1 records for txId=4BxMmrFLMUFFGffH82QCUMcUCC2RX41o9d2YWKdGAQ5j4VzwcVGpdHVirkbjVLTDLPytMDXpgyZ4zRzc5j8Tf5EM"}
{"time":"2026-06-11T22:01:39.507211+08:00","level":"INFO","service":"pos-api","caller":"app/pos/api/internal/task/kafka.go:93","msg":"KafkaConsumerTask: 收到已扫描交易 service=pos subService=market buy token txID=2guPbHvTey8SStNPNoZKrkyRUspvmcASAccjcoKk6i9LQb6ngC2n8aMVJDKRvWfmmtxSwDaHDdzFhGpCNQaaNAj1"}
{"time":"2026-06-11T22:01:39.507222+08:00","level":"INFO","service":"pos-api","caller":"app/pos/api/internal/logic/stake/stake_logic.go:144","msg":"HandleMarketBuyTx: txId=2guPbHvTey8SStNPNoZKrkyRUspvmcASAccjcoKk6i9LQb6ngC2n8aMVJDKRvWfmmtxSwDaHDdzFhGpCNQaaNAj1"}
{"time":"2026-06-11T22:01:39.5093+08:00","level":"INFO","service":"pos-api","caller":"app/pos/api/internal/logic/stake/stake_logic.go:178","msg":"HandleMarketBuyTx: inserted 1 records for txId=2guPbHvTey8SStNPNoZKrkyRUspvmcASAccjcoKk6i9LQb6ngC2n8aMVJDKRvWfmmtxSwDaHDdzFhGpCNQaaNAj1"}
{"time":"2026-06-11T22:01:39.510606+08:00","level":"INFO","service":"pos-api","caller":"app/pos/api/internal/task/kafka.go:93","msg":"KafkaConsumerTask: 收到已扫描交易 service=pos subService=market buy token txID=esBsZNLq3QbHHMRWndY9HgFZkQ5iYotJL6wn4ZDNDn7y3rXTMGheBjNJuPRxkPxZ96vh9PN4YCYxvvNNpoyNeTd"}
{"time":"2026-06-11T22:01:39.510629+08:00","level":"INFO","service":"pos-api","caller":"app/pos/api/internal/logic/stake/stake_logic.go:144","msg":"HandleMarketBuyTx: txId=esBsZNLq3QbHHMRWndY9HgFZkQ5iYotJL6wn4ZDNDn7y3rXTMGheBjNJuPRxkPxZ96vh9PN4YCYxvvNNpoyNeTd"}
{"time":"2026-06-11T22:01:39.511889+08:00","level":"INFO","service":"pos-api","caller":"app/pos/api/internal/logic/stake/stake_logic.go:178","msg":"HandleMarketBuyTx: inserted 1 records for txId=esBsZNLq3QbHHMRWndY9HgFZkQ5iYotJL6wn4ZDNDn7y3rXTMGheBjNJuPRxkPxZ96vh9PN4YCYxvvNNpoyNeTd"}
{"time":"2026-06-11T22:01:39.512435+08:00","level":"INFO","service":"pos-api","caller":"app/pos/api/internal/task/kafka.go:93","msg":"KafkaConsumerTask: 收到已扫描交易 service=pos subService=market buy token txID=2Zg322ycemJUk8tCZBcGvvQYAkfYBnzHNwKkTJsiDTNYmNmMKPEmi4yf9NbVi2xMQWA7rGJ3J4zrpUVP3apM7zFE"}
{"time":"2026-06-11T22:01:39.512448+08:00","level":"INFO","service":"pos-api","caller":"app/pos/api/internal/logic/stake/stake_logic.go:144","msg":"HandleMarketBuyTx: txId=2Zg322ycemJUk8tCZBcGvvQYAkfYBnzHNwKkTJsiDTNYmNmMKPEmi4yf9NbVi2xMQWA7rGJ3J4zrpUVP3apM7zFE"}
{"time":"2026-06-11T22:01:39.51325+08:00","level":"INFO","service":"pos-api","caller":"app/pos/api/internal/logic/stake/stake_logic.go:178","msg":"HandleMarketBuyTx: inserted 1 records for txId=2Zg322ycemJUk8tCZBcGvvQYAkfYBnzHNwKkTJsiDTNYmNmMKPEmi4yf9NbVi2xMQWA7rGJ3J4zrpUVP3apM7zFE"}
{"time":"2026-06-11T22:01:39.513843+08:00","level":"INFO","service":"pos-api","caller":"app/pos/api/internal/task/kafka.go:93","msg":"KafkaConsumerTask: 收到已扫描交易 service=pos subService=market buy token txID=2izqsuvF4Ggv2gW9qFBK8hKmnNQYNz3p4gHBPkYqYkqXWgoVfVxV9tgwqEG96p1DkBrDrVaF9qRhPwXakXdagnv9"}
{"time":"2026-06-11T22:01:39.513854+08:00","level":"INFO","service":"pos-api","caller":"app/pos/api/internal/logic/stake/stake_logic.go:144","msg":"HandleMarketBuyTx: txId=2izqsuvF4Ggv2gW9qFBK8hKmnNQYNz3p4gHBPkYqYkqXWgoVfVxV9tgwqEG96p1DkBrDrVaF9qRhPwXakXdagnv9"}
{"time":"2026-06-11T22:01:39.515536+08:00","level":"INFO","service":"pos-api","caller":"app/pos/api/internal/logic/stake/stake_logic.go:178","msg":"HandleMarketBuyTx: inserted 1 records for txId=2izqsuvF4Ggv2gW9qFBK8hKmnNQYNz3p4gHBPkYqYkqXWgoVfVxV9tgwqEG96p1DkBrDrVaF9qRhPwXakXdagnv9"}
{"time":"2026-06-11T22:01:39.518127+08:00","level":"INFO","service":"pos-api","caller":"app/pos/api/internal/task/kafka.go:93","msg":"KafkaConsumerTask: 收到已扫描交易 service=pos subService=market buy token txID=3UoooAGFsTEMrpfXCZepoCppWkB6xyzYy71m1eJGmp4XxwJAkbjP79qgNiE8Ub87LJw2P5YFgnFRbhP9KSgDbYuz"}
{"time":"2026-06-11T22:01:39.518157+08:00","level":"INFO","service":"pos-api","caller":"app/pos/api/internal/logic/stake/stake_logic.go:144","msg":"HandleMarketBuyTx: txId=3UoooAGFsTEMrpfXCZepoCppWkB6xyzYy71m1eJGmp4XxwJAkbjP79qgNiE8Ub87LJw2P5YFgnFRbhP9KSgDbYuz"}
{"time":"2026-06-11T22:01:39.527362+08:00","level":"INFO","service":"pos-api","caller":"app/pos/api/internal/logic/stake/stake_logic.go:178","msg":"HandleMarketBuyTx: inserted 1 records for txId=3UoooAGFsTEMrpfXCZepoCppWkB6xyzYy71m1eJGmp4XxwJAkbjP79qgNiE8Ub87LJw2P5YFgnFRbhP9KSgDbYuz"}
{"time":"2026-06-11T22:01:39.528416+08:00","level":"INFO","service":"pos-api","caller":"app/pos/api/internal/task/kafka.go:93","msg":"KafkaConsumerTask: 收到已扫描交易 service=pos subService=market buy token txID=5ewNALuYbVLwjDggoFuNRfVV4eAitapCE3UufH4RMEewEEXxfLXhEqx8qfkTXvCEPcb2AdVPA1umkHtXGrVYCqZZ"}
{"time":"2026-06-11T22:01:39.528433+08:00","level":"INFO","service":"pos-api","caller":"app/pos/api/internal/logic/stake/stake_logic.go:144","msg":"HandleMarketBuyTx: txId=5ewNALuYbVLwjDggoFuNRfVV4eAitapCE3UufH4RMEewEEXxfLXhEqx8qfkTXvCEPcb2AdVPA1umkHtXGrVYCqZZ"}
{"time":"2026-06-11T22:01:39.530316+08:00","level":"INFO","service":"pos-api","caller":"app/pos/api/internal/logic/stake/stake_logic.go:178","msg":"HandleMarketBuyTx: inserted 1 records for txId=5ewNALuYbVLwjDggoFuNRfVV4eAitapCE3UufH4RMEewEEXxfLXhEqx8qfkTXvCEPcb2AdVPA1umkHtXGrVYCqZZ"}
{"time":"2026-06-11T22:01:39.531199+08:00","level":"INFO","service":"pos-api","caller":"app/pos/api/internal/task/kafka.go:93","msg":"KafkaConsumerTask: 收到已扫描交易 service=pos subService=market buy token txID=SomwsAQAnegqG6fDwaZUZFyc9PXyiZruFeeNRDA4gEzPjyZeWFApaxXrazMCkxMRGsEKdwhWJJKiWshrgZnNKrL"}
{"time":"2026-06-11T22:01:39.531222+08:00","level":"INFO","service":"pos-api","caller":"app/pos/api/internal/logic/stake/stake_logic.go:144","msg":"HandleMarketBuyTx: txId=SomwsAQAnegqG6fDwaZUZFyc9PXyiZruFeeNRDA4gEzPjyZeWFApaxXrazMCkxMRGsEKdwhWJJKiWshrgZnNKrL"}
{"time":"2026-06-11T22:01:39.532476+08:00","level":"INFO","service":"pos-api","caller":"app/pos/api/internal/logic/stake/stake_logic.go:178","msg":"HandleMarketBuyTx: inserted 1 records for txId=SomwsAQAnegqG6fDwaZUZFyc9PXyiZruFeeNRDA4gEzPjyZeWFApaxXrazMCkxMRGsEKdwhWJJKiWshrgZnNKrL"}
{"time":"2026-06-11T22:01:39.533177+08:00","level":"INFO","service":"pos-api","caller":"app/pos/api/internal/task/kafka.go:93","msg":"KafkaConsumerTask: 收到已扫描交易 service=pos subService=market buy token txID=36ocLrWKUwUWGP9yNMJ4btkbnfVVgKZU4kVdH1Jco5hYdWMXi64KxDLUijpGMerBG1H3QGRPPzKXiXnDQm5oVsN2"}
{"time":"2026-06-11T22:01:39.533194+08:00","level":"INFO","service":"pos-api","caller":"app/pos/api/internal/logic/stake/stake_logic.go:144","msg":"HandleMarketBuyTx: txId=36ocLrWKUwUWGP9yNMJ4btkbnfVVgKZU4kVdH1Jco5hYdWMXi64KxDLUijpGMerBG1H3QGRPPzKXiXnDQm5oVsN2"}
{"time":"2026-06-11T22:01:39.534029+08:00","level":"INFO","service":"pos-api","caller":"app/pos/api/internal/logic/stake/stake_logic.go:178","msg":"HandleMarketBuyTx: inserted 1 records for txId=36ocLrWKUwUWGP9yNMJ4btkbnfVVgKZU4kVdH1Jco5hYdWMXi64KxDLUijpGMerBG1H3QGRPPzKXiXnDQm5oVsN2"}
{"time":"2026-06-11T22:01:39.534554+08:00","level":"INFO","service":"pos-api","caller":"app/pos/api/internal/task/kafka.go:93","msg":"KafkaConsumerTask: 收到已扫描交易 service=pos subService=market buy token txID=HDykE2MHnjsXRVgkYF8RmWf4pQAxwD48d8ApaQg8cPTpBZcB9x9Y4TLrD1cDweupSapJi1A28kyDJpX69zkaCVp"}
{"time":"2026-06-11T22:01:39.53457+08:00","level":"INFO","service":"pos-api","caller":"app/pos/api/internal/logic/stake/stake_logic.go:144","msg":"HandleMarketBuyTx: txId=HDykE2MHnjsXRVgkYF8RmWf4pQAxwD48d8ApaQg8cPTpBZcB9x9Y4TLrD1cDweupSapJi1A28kyDJpX69zkaCVp"}
{"time":"2026-06-11T22:01:39.535445+08:00","level":"INFO","service":"pos-api","caller":"app/pos/api/internal/logic/stake/stake_logic.go:178","msg":"HandleMarketBuyTx: inserted 1 records for txId=HDykE2MHnjsXRVgkYF8RmWf4pQAxwD48d8ApaQg8cPTpBZcB9x9Y4TLrD1cDweupSapJi1A28kyDJpX69zkaCVp"}
{"time":"2026-06-11T22:01:39.535938+08:00","level":"INFO","service":"pos-api","caller":"app/pos/api/internal/task/kafka.go:93","msg":"KafkaConsumerTask: 收到已扫描交易 service=pos subService=market buy token txID=2KQzZYcQNG9V9e8EukTDH4Vn1KCYx19uxmYKj43cdEfq4mNzMoLL9jtrsbKs7QreZVsdpRdcjiPpEabnoVmLcEqk"}
{"time":"2026-06-11T22:01:39.535949+08:00","level":"INFO","service":"pos-api","caller":"app/pos/api/internal/logic/stake/stake_logic.go:144","msg":"HandleMarketBuyTx: txId=2KQzZYcQNG9V9e8EukTDH4Vn1KCYx19uxmYKj43cdEfq4mNzMoLL9jtrsbKs7QreZVsdpRdcjiPpEabnoVmLcEqk"}
{"time":"2026-06-11T22:01:39.537632+08:00","level":"INFO","service":"pos-api","caller":"app/pos/api/internal/logic/stake/stake_logic.go:178","msg":"HandleMarketBuyTx: inserted 1 records for txId=2KQzZYcQNG9V9e8EukTDH4Vn1KCYx19uxmYKj43cdEfq4mNzMoLL9jtrsbKs7QreZVsdpRdcjiPpEabnoVmLcEqk"}
{"time":"2026-06-11T22:01:39.538287+08:00","level":"INFO","service":"pos-api","caller":"app/pos/api/internal/task/kafka.go:93","msg":"KafkaConsumerTask: 收到已扫描交易 service=pos subService=market buy token txID=2YbbG8fM6csW3wqw3S8tKANA75tQoKP5Lctuofy3GshLkk95AwgFNr8CkqXR48tHHTJa8e6gL1a3rArMJhqckzjW"}
{"time":"2026-06-11T22:01:39.538317+08:00","level":"INFO","service":"pos-api","caller":"app/pos/api/internal/logic/stake/stake_logic.go:144","msg":"HandleMarketBuyTx: txId=2YbbG8fM6csW3wqw3S8tKANA75tQoKP5Lctuofy3GshLkk95AwgFNr8CkqXR48tHHTJa8e6gL1a3rArMJhqckzjW"}
{"time":"2026-06-11T22:01:39.539837+08:00","level":"INFO","service":"pos-api","caller":"app/pos/api/internal/logic/stake/stake_logic.go:178","msg":"HandleMarketBuyTx: inserted 1 records for txId=2YbbG8fM6csW3wqw3S8tKANA75tQoKP5Lctuofy3GshLkk95AwgFNr8CkqXR48tHHTJa8e6gL1a3rArMJhqckzjW"}
{"time":"2026-06-11T22:01:39.540366+08:00","level":"INFO","service":"pos-api","caller":"app/pos/api/internal/task/kafka.go:93","msg":"KafkaConsumerTask: 收到已扫描交易 service=pos subService=market buy token txID=4ATeoNmmeEfgBALFJeqheuuP3WM2CnBbEqCsQPQwyunqoFW9cbf3je7aW8y27iEct91nBr9LJJT1S6TJxGe6iUmn"}
{"time":"2026-06-11T22:01:39.540381+08:00","level":"INFO","service":"pos-api","caller":"app/pos/api/internal/logic/stake/stake_logic.go:144","msg":"HandleMarketBuyTx: txId=4ATeoNmmeEfgBALFJeqheuuP3WM2CnBbEqCsQPQwyunqoFW9cbf3je7aW8y27iEct91nBr9LJJT1S6TJxGe6iUmn"}
{"time":"2026-06-11T22:01:39.541476+08:00","level":"INFO","service":"pos-api","caller":"app/pos/api/internal/logic/stake/stake_logic.go:178","msg":"HandleMarketBuyTx: inserted 1 records for txId=4ATeoNmmeEfgBALFJeqheuuP3WM2CnBbEqCsQPQwyunqoFW9cbf3je7aW8y27iEct91nBr9LJJT1S6TJxGe6iUmn"}
{"time":"2026-06-11T22:01:39.542101+08:00","level":"INFO","service":"pos-api","caller":"app/pos/api/internal/task/kafka.go:93","msg":"KafkaConsumerTask: 收到已扫描交易 service=pos subService=market buy token txID=2ywkdJmQL3wwPLFnfjimiQmFtnSXh1QvxjzRtwZmYLzDJa5MqjTW9wJCNUdK2ZNEkXmN1yVjmsz2N9QsJZ9eNhKv"}
{"time":"2026-06-11T22:01:39.542117+08:00","level":"INFO","service":"pos-api","caller":"app/pos/api/internal/logic/stake/stake_logic.go:144","msg":"HandleMarketBuyTx: txId=2ywkdJmQL3wwPLFnfjimiQmFtnSXh1QvxjzRtwZmYLzDJa5MqjTW9wJCNUdK2ZNEkXmN1yVjmsz2N9QsJZ9eNhKv"}
{"time":"2026-06-11T22:01:39.543362+08:00","level":"INFO","service":"pos-api","caller":"app/pos/api/internal/logic/stake/stake_logic.go:178","msg":"HandleMarketBuyTx: inserted 1 records for txId=2ywkdJmQL3wwPLFnfjimiQmFtnSXh1QvxjzRtwZmYLzDJa5MqjTW9wJCNUdK2ZNEkXmN1yVjmsz2N9QsJZ9eNhKv"}
{"time":"2026-06-11T22:01:39.544168+08:00","level":"INFO","service":"pos-api","caller":"app/pos/api/internal/task/kafka.go:93","msg":"KafkaConsumerTask: 收到已扫描交易 service=pos subService=market buy token txID=531xpaRURkum7XgPGGQqMTjq646VqZ6AsMJcL9JUevphUmLmWpP7UwoVAz2EStKJQEVEDpD9nCnsmypHV5VQ8KeQ"}
{"time":"2026-06-11T22:01:39.5442+08:00","level":"INFO","service":"pos-api","caller":"app/pos/api/internal/logic/stake/stake_logic.go:144","msg":"HandleMarketBuyTx: txId=531xpaRURkum7XgPGGQqMTjq646VqZ6AsMJcL9JUevphUmLmWpP7UwoVAz2EStKJQEVEDpD9nCnsmypHV5VQ8KeQ"}
{"time":"2026-06-11T22:01:39.54505+08:00","level":"INFO","service":"pos-api","caller":"app/pos/api/internal/logic/stake/stake_logic.go:178","msg":"HandleMarketBuyTx: inserted 1 records for txId=531xpaRURkum7XgPGGQqMTjq646VqZ6AsMJcL9JUevphUmLmWpP7UwoVAz2EStKJQEVEDpD9nCnsmypHV5VQ8KeQ"}
{"time":"2026-06-11T22:01:39.545614+08:00","level":"INFO","service":"pos-api","caller":"app/pos/api/internal/task/kafka.go:93","msg":"KafkaConsumerTask: 收到已扫描交易 service=pos subService=market buy token txID=2QNZthhR8STWEk4LQEg6T3fccmKDH19dEvp9PhaYc7iaPfzX5w4tAcZfPRa2mRBXGByz7aeRezCZMLJcPgx7veqg"}
{"time":"2026-06-11T22:01:39.545626+08:00","level":"INFO","service":"pos-api","caller":"app/pos/api/internal/logic/stake/stake_logic.go:144","msg":"HandleMarketBuyTx: txId=2QNZthhR8STWEk4LQEg6T3fccmKDH19dEvp9PhaYc7iaPfzX5w4tAcZfPRa2mRBXGByz7aeRezCZMLJcPgx7veqg"}
{"time":"2026-06-11T22:01:39.546385+08:00","level":"INFO","service":"pos-api","caller":"app/pos/api/internal/logic/stake/stake_logic.go:178","msg":"HandleMarketBuyTx: inserted 1 records for txId=2QNZthhR8STWEk4LQEg6T3fccmKDH19dEvp9PhaYc7iaPfzX5w4tAcZfPRa2mRBXGByz7aeRezCZMLJcPgx7veqg"}
{"time":"2026-06-11T22:01:39.546839+08:00","level":"INFO","service":"pos-api","caller":"app/pos/api/internal/task/kafka.go:93","msg":"KafkaConsumerTask: 收到已扫描交易 service=pos subService=market buy token txID=2H54QMhDycG5njWHrJro7F7R1SCFrVhNDVoYPgtRb5rY6ZvdNjbVAJxiEB1cQBVAupDNDgsuNjXgcLgQ388R9oau"}
{"time":"2026-06-11T22:01:39.546852+08:00","level":"INFO","service":"pos-api","caller":"app/pos/api/internal/logic/stake/stake_logic.go:144","msg":"HandleMarketBuyTx: txId=2H54QMhDycG5njWHrJro7F7R1SCFrVhNDVoYPgtRb5rY6ZvdNjbVAJxiEB1cQBVAupDNDgsuNjXgcLgQ388R9oau"}
{"time":"2026-06-11T22:01:39.547661+08:00","level":"INFO","service":"pos-api","caller":"app/pos/api/internal/logic/stake/stake_logic.go:178","msg":"HandleMarketBuyTx: inserted 1 records for txId=2H54QMhDycG5njWHrJro7F7R1SCFrVhNDVoYPgtRb5rY6ZvdNjbVAJxiEB1cQBVAupDNDgsuNjXgcLgQ388R9oau"}
{"time":"2026-06-11T22:01:39.54814+08:00","level":"INFO","service":"pos-api","caller":"app/pos/api/internal/task/kafka.go:93","msg":"KafkaConsumerTask: 收到已扫描交易 service=pos subService=market buy token txID=5Y3R9KH2EhHyvKvV1A2PtAF7vYVmu3nzqA714pMJaqcx7a6xf6D2CX777Ud7nfsQFhzu79DjGpxssfroW5xYWKU4"}
{"time":"2026-06-11T22:01:39.548154+08:00","level":"INFO","service":"pos-api","caller":"app/pos/api/internal/logic/stake/stake_logic.go:144","msg":"HandleMarketBuyTx: txId=5Y3R9KH2EhHyvKvV1A2PtAF7vYVmu3nzqA714pMJaqcx7a6xf6D2CX777Ud7nfsQFhzu79DjGpxssfroW5xYWKU4"}
{"time":"2026-06-11T22:01:39.548905+08:00","level":"INFO","service":"pos-api","caller":"app/pos/api/internal/logic/stake/stake_logic.go:178","msg":"HandleMarketBuyTx: inserted 1 records for txId=5Y3R9KH2EhHyvKvV1A2PtAF7vYVmu3nzqA714pMJaqcx7a6xf6D2CX777Ud7nfsQFhzu79DjGpxssfroW5xYWKU4"}
{"time":"2026-06-11T22:01:39.549785+08:00","level":"INFO","service":"pos-api","caller":"app/pos/api/internal/task/kafka.go:93","msg":"KafkaConsumerTask: 收到已扫描交易 service=pos subService=market buy token txID=qMK7ghkpoUqNQYZ3eLqAT5jwZMS86LRdDKhM4Leo93GgFubhDYr57jBUTx1AxZzfgTK3RZdEBZnRLkr7Rhx878H"}
{"time":"2026-06-11T22:01:39.549824+08:00","level":"INFO","service":"pos-api","caller":"app/pos/api/internal/logic/stake/stake_logic.go:144","msg":"HandleMarketBuyTx: txId=qMK7ghkpoUqNQYZ3eLqAT5jwZMS86LRdDKhM4Leo93GgFubhDYr57jBUTx1AxZzfgTK3RZdEBZnRLkr7Rhx878H"}
{"time":"2026-06-11T22:01:39.551168+08:00","level":"INFO","service":"pos-api","caller":"app/pos/api/internal/logic/stake/stake_logic.go:178","msg":"HandleMarketBuyTx: inserted 1 records for txId=qMK7ghkpoUqNQYZ3eLqAT5jwZMS86LRdDKhM4Leo93GgFubhDYr57jBUTx1AxZzfgTK3RZdEBZnRLkr7Rhx878H"}
{"time":"2026-06-11T22:01:39.551792+08:00","level":"INFO","service":"pos-api","caller":"app/pos/api/internal/task/kafka.go:93","msg":"KafkaConsumerTask: 收到已扫描交易 service=pos subService=market buy token txID=43Do71dBb8XsyAeWA9Hw1s1rgsbJJv3KNMDMiBUTz2JC7ktXEFKJS3b7yBxapTh1td15iRtEYWEcUYw2J4ZndAPT"}
{"time":"2026-06-11T22:01:39.551825+08:00","level":"INFO","service":"pos-api","caller":"app/pos/api/internal/logic/stake/stake_logic.go:144","msg":"HandleMarketBuyTx: txId=43Do71dBb8XsyAeWA9Hw1s1rgsbJJv3KNMDMiBUTz2JC7ktXEFKJS3b7yBxapTh1td15iRtEYWEcUYw2J4ZndAPT"}
{"time":"2026-06-11T22:01:39.552599+08:00","level":"INFO","service":"pos-api","caller":"app/pos/api/internal/logic/stake/stake_logic.go:178","msg":"HandleMarketBuyTx: inserted 1 records for txId=43Do71dBb8XsyAeWA9Hw1s1rgsbJJv3KNMDMiBUTz2JC7ktXEFKJS3b7yBxapTh1td15iRtEYWEcUYw2J4ZndAPT"}
{"time":"2026-06-11T22:01:39.553141+08:00","level":"INFO","service":"pos-api","caller":"app/pos/api/internal/task/kafka.go:93","msg":"KafkaConsumerTask: 收到已扫描交易 service=pos subService=market buy token txID=3s34yirDfa6AmtoyUrnBHVBaHUVPQqCYomnkNqaS3qYm5jXj6smLVdhVyE6zGhsfvwDYMfNsr3MYhPmMVHfQVW2n"}
{"time":"2026-06-11T22:01:39.553154+08:00","level":"INFO","service":"pos-api","caller":"app/pos/api/internal/logic/stake/stake_logic.go:144","msg":"HandleMarketBuyTx: txId=3s34yirDfa6AmtoyUrnBHVBaHUVPQqCYomnkNqaS3qYm5jXj6smLVdhVyE6zGhsfvwDYMfNsr3MYhPmMVHfQVW2n"}
{"time":"2026-06-11T22:01:39.554033+08:00","level":"INFO","service":"pos-api","caller":"app/pos/api/internal/logic/stake/stake_logic.go:178","msg":"HandleMarketBuyTx: inserted 1 records for txId=3s34yirDfa6AmtoyUrnBHVBaHUVPQqCYomnkNqaS3qYm5jXj6smLVdhVyE6zGhsfvwDYMfNsr3MYhPmMVHfQVW2n"}
{"time":"2026-06-11T22:01:39.554524+08:00","level":"INFO","service":"pos-api","caller":"app/pos/api/internal/task/kafka.go:93","msg":"KafkaConsumerTask: 收到已扫描交易 service=pos subService=market buy token txID=4aoTiZ3ULSKJkJc4WnHqhMgX8C6B6Wxe2Ry1SfupAemkJczctDYj3h85LPL5F1DKjEAmDheoAJFcxPZ6vXfz8am9"}
{"time":"2026-06-11T22:01:39.554537+08:00","level":"INFO","service":"pos-api","caller":"app/pos/api/internal/logic/stake/stake_logic.go:144","msg":"HandleMarketBuyTx: txId=4aoTiZ3ULSKJkJc4WnHqhMgX8C6B6Wxe2Ry1SfupAemkJczctDYj3h85LPL5F1DKjEAmDheoAJFcxPZ6vXfz8am9"}
{"time":"2026-06-11T22:01:39.555298+08:00","level":"INFO","service":"pos-api","caller":"app/pos/api/internal/logic/stake/stake_logic.go:178","msg":"HandleMarketBuyTx: inserted 1 records for txId=4aoTiZ3ULSKJkJc4WnHqhMgX8C6B6Wxe2Ry1SfupAemkJczctDYj3h85LPL5F1DKjEAmDheoAJFcxPZ6vXfz8am9"}
{"time":"2026-06-11T22:01:39.555829+08:00","level":"INFO","service":"pos-api","caller":"app/pos/api/internal/task/kafka.go:93","msg":"KafkaConsumerTask: 收到已扫描交易 service=pos subService=market buy token txID=3wzX6AjavD2catXNmK1p491mxwR7h6QZkdah6dDZdnSDC82J4JEu6ubUG7qtgVdH25MNzdARVVyX78fknkHY3tiR"}
{"time":"2026-06-11T22:01:39.555859+08:00","level":"INFO","service":"pos-api","caller":"app/pos/api/internal/logic/stake/stake_logic.go:144","msg":"HandleMarketBuyTx: txId=3wzX6AjavD2catXNmK1p491mxwR7h6QZkdah6dDZdnSDC82J4JEu6ubUG7qtgVdH25MNzdARVVyX78fknkHY3tiR"}
{"time":"2026-06-11T22:01:39.557584+08:00","level":"INFO","service":"pos-api","caller":"app/pos/api/internal/logic/stake/stake_logic.go:178","msg":"HandleMarketBuyTx: inserted 1 records for txId=3wzX6AjavD2catXNmK1p491mxwR7h6QZkdah6dDZdnSDC82J4JEu6ubUG7qtgVdH25MNzdARVVyX78fknkHY3tiR"}
{"time":"2026-06-11T22:01:39.558212+08:00","level":"INFO","service":"pos-api","caller":"app/pos/api/internal/task/kafka.go:93","msg":"KafkaConsumerTask: 收到已扫描交易 service=pos subService=market buy token txID=4M2fdVr6NNYgBXfjoZzHx7zNqNk4pijGSzzs2YyksSv5yX55HLxBHeU5G4RP9pVzL9zyFWXLwSevWQd3ic8cJHFe"}
{"time":"2026-06-11T22:01:39.558227+08:00","level":"INFO","service":"pos-api","caller":"app/pos/api/internal/logic/stake/stake_logic.go:144","msg":"HandleMarketBuyTx: txId=4M2fdVr6NNYgBXfjoZzHx7zNqNk4pijGSzzs2YyksSv5yX55HLxBHeU5G4RP9pVzL9zyFWXLwSevWQd3ic8cJHFe"}
{"time":"2026-06-11T22:01:39.559127+08:00","level":"INFO","service":"pos-api","caller":"app/pos/api/internal/logic/stake/stake_logic.go:178","msg":"HandleMarketBuyTx: inserted 1 records for txId=4M2fdVr6NNYgBXfjoZzHx7zNqNk4pijGSzzs2YyksSv5yX55HLxBHeU5G4RP9pVzL9zyFWXLwSevWQd3ic8cJHFe"}
{"time":"2026-06-11T22:01:39.559607+08:00","level":"INFO","service":"pos-api","caller":"app/pos/api/internal/task/kafka.go:93","msg":"KafkaConsumerTask: 收到已扫描交易 service=pos subService=market buy token txID=4igTG4pHYYFuDWEQPeDMfVhjCRLhfiNqtLbsgUUno8w7H9fijTnW2rw9DTiWFWCeHZRwntDFTLTzqjLMjaCydEzD"}
{"time":"2026-06-11T22:01:39.559617+08:00","level":"INFO","service":"pos-api","caller":"app/pos/api/internal/logic/stake/stake_logic.go:144","msg":"HandleMarketBuyTx: txId=4igTG4pHYYFuDWEQPeDMfVhjCRLhfiNqtLbsgUUno8w7H9fijTnW2rw9DTiWFWCeHZRwntDFTLTzqjLMjaCydEzD"}
{"time":"2026-06-11T22:01:39.560401+08:00","level":"INFO","service":"pos-api","caller":"app/pos/api/internal/logic/stake/stake_logic.go:178","msg":"HandleMarketBuyTx: inserted 1 records for txId=4igTG4pHYYFuDWEQPeDMfVhjCRLhfiNqtLbsgUUno8w7H9fijTnW2rw9DTiWFWCeHZRwntDFTLTzqjLMjaCydEzD"}
{"time":"2026-06-11T22:01:39.560893+08:00","level":"INFO","service":"pos-api","caller":"app/pos/api/internal/task/kafka.go:93","msg":"KafkaConsumerTask: 收到已扫描交易 service=pos subService=market buy token txID=Sm49S3dyeNBtcw8RqD9enrrUj57GGzweaxGWBi6Stp97nLT8jAS3pP67QrCZmt29HsyET4QP2oNaeYGds8NcwHa"}
{"time":"2026-06-11T22:01:39.560905+08:00","level":"INFO","service":"pos-api","caller":"app/pos/api/internal/logic/stake/stake_logic.go:144","msg":"HandleMarketBuyTx: txId=Sm49S3dyeNBtcw8RqD9enrrUj57GGzweaxGWBi6Stp97nLT8jAS3pP67QrCZmt29HsyET4QP2oNaeYGds8NcwHa"}
{"time":"2026-06-11T22:01:39.561948+08:00","level":"INFO","service":"pos-api","caller":"app/pos/api/internal/logic/stake/stake_logic.go:178","msg":"HandleMarketBuyTx: inserted 1 records for txId=Sm49S3dyeNBtcw8RqD9enrrUj57GGzweaxGWBi6Stp97nLT8jAS3pP67QrCZmt29HsyET4QP2oNaeYGds8NcwHa"}
{"time":"2026-06-11T22:01:39.562421+08:00","level":"INFO","service":"pos-api","caller":"app/pos/api/internal/task/kafka.go:93","msg":"KafkaConsumerTask: 收到已扫描交易 service=pos subService=market buy token txID=2LSVdqmwP9awR5FhfNKHkARFHgvvni7hEQAaucTpX5pYV7P4k9Nw68Aq6SGcDCaa5hXSpCgxX7FBXx1h5rYLvd4j"}
{"time":"2026-06-11T22:01:39.562434+08:00","level":"INFO","service":"pos-api","caller":"app/pos/api/internal/logic/stake/stake_logic.go:144","msg":"HandleMarketBuyTx: txId=2LSVdqmwP9awR5FhfNKHkARFHgvvni7hEQAaucTpX5pYV7P4k9Nw68Aq6SGcDCaa5hXSpCgxX7FBXx1h5rYLvd4j"}
{"time":"2026-06-11T22:01:39.56374+08:00","level":"INFO","service":"pos-api","caller":"app/pos/api/internal/logic/stake/stake_logic.go:178","msg":"HandleMarketBuyTx: inserted 1 records for txId=2LSVdqmwP9awR5FhfNKHkARFHgvvni7hEQAaucTpX5pYV7P4k9Nw68Aq6SGcDCaa5hXSpCgxX7FBXx1h5rYLvd4j"}
{"time":"2026-06-11T22:01:39.564363+08:00","level":"INFO","service":"pos-api","caller":"app/pos/api/internal/task/kafka.go:93","msg":"KafkaConsumerTask: 收到已扫描交易 service=pos subService=market buy token txID=58NUMHM1id1iJcgnngqbhQqoAGWkgjHUfBR2MC3EKfFVhJFbvxyKy3XtrRicoPxG2H9RftAMHysYeBhtJZyEnShV"}
{"time":"2026-06-11T22:01:39.564377+08:00","level":"INFO","service":"pos-api","caller":"app/pos/api/internal/logic/stake/stake_logic.go:144","msg":"HandleMarketBuyTx: txId=58NUMHM1id1iJcgnngqbhQqoAGWkgjHUfBR2MC3EKfFVhJFbvxyKy3XtrRicoPxG2H9RftAMHysYeBhtJZyEnShV"}
{"time":"2026-06-11T22:01:39.565344+08:00","level":"INFO","service":"pos-api","caller":"app/pos/api/internal/logic/stake/stake_logic.go:178","msg":"HandleMarketBuyTx: inserted 1 records for txId=58NUMHM1id1iJcgnngqbhQqoAGWkgjHUfBR2MC3EKfFVhJFbvxyKy3XtrRicoPxG2H9RftAMHysYeBhtJZyEnShV"}
{"time":"2026-06-11T22:01:39.565808+08:00","level":"INFO","service":"pos-api","caller":"app/pos/api/internal/task/kafka.go:93","msg":"KafkaConsumerTask: 收到已扫描交易 service=pos subService=market buy token txID=piASQoH2ZCHo3LsCXjZ9yU9bnojnWFLRhcBxsYskgUYERsoQYVMepLsUS8jg7hQ7wm5W2wUmZCXh9kALsqQvdUT"}
{"time":"2026-06-11T22:01:39.565822+08:00","level":"INFO","service":"pos-api","caller":"app/pos/api/internal/logic/stake/stake_logic.go:144","msg":"HandleMarketBuyTx: txId=piASQoH2ZCHo3LsCXjZ9yU9bnojnWFLRhcBxsYskgUYERsoQYVMepLsUS8jg7hQ7wm5W2wUmZCXh9kALsqQvdUT"}
{"time":"2026-06-11T22:01:39.566726+08:00","level":"INFO","service":"pos-api","caller":"app/pos/api/internal/logic/stake/stake_logic.go:178","msg":"HandleMarketBuyTx: inserted 1 records for txId=piASQoH2ZCHo3LsCXjZ9yU9bnojnWFLRhcBxsYskgUYERsoQYVMepLsUS8jg7hQ7wm5W2wUmZCXh9kALsqQvdUT"}
{"time":"2026-06-11T22:01:39.567249+08:00","level":"INFO","service":"pos-api","caller":"app/pos/api/internal/task/kafka.go:93","msg":"KafkaConsumerTask: 收到已扫描交易 service=pos subService=market buy token txID=3sSiJ1wnkcXghWPyMXQuReisY36uYRgEFZE88fghnqD3ubY7mvbks6NnBUxMGCr51wHi4NuxkLqwmgbT3DNz9L7P"}
{"time":"2026-06-11T22:01:39.567265+08:00","level":"INFO","service":"pos-api","caller":"app/pos/api/internal/logic/stake/stake_logic.go:144","msg":"HandleMarketBuyTx: txId=3sSiJ1wnkcXghWPyMXQuReisY36uYRgEFZE88fghnqD3ubY7mvbks6NnBUxMGCr51wHi4NuxkLqwmgbT3DNz9L7P"}
{"time":"2026-06-11T22:01:39.568042+08:00","level":"INFO","service":"pos-api","caller":"app/pos/api/internal/logic/stake/stake_logic.go:178","msg":"HandleMarketBuyTx: inserted 1 records for txId=3sSiJ1wnkcXghWPyMXQuReisY36uYRgEFZE88fghnqD3ubY7mvbks6NnBUxMGCr51wHi4NuxkLqwmgbT3DNz9L7P"}
{"time":"2026-06-11T22:01:39.568511+08:00","level":"INFO","service":"pos-api","caller":"app/pos/api/internal/task/kafka.go:93","msg":"KafkaConsumerTask: 收到已扫描交易 service=pos subService=market buy token txID=3oXVet8issW6NST5doWJCZ8Dsh1Wnz1uYjCJ8dWyHmBXgqYfKSWFmd7Dm5TcUieCDP1GtnqYRaqivuuSAc86frhq"}
{"time":"2026-06-11T22:01:39.568523+08:00","level":"INFO","service":"pos-api","caller":"app/pos/api/internal/logic/stake/stake_logic.go:144","msg":"HandleMarketBuyTx: txId=3oXVet8issW6NST5doWJCZ8Dsh1Wnz1uYjCJ8dWyHmBXgqYfKSWFmd7Dm5TcUieCDP1GtnqYRaqivuuSAc86frhq"}
{"time":"2026-06-11T22:01:39.569425+08:00","level":"INFO","service":"pos-api","caller":"app/pos/api/internal/logic/stake/stake_logic.go:178","msg":"HandleMarketBuyTx: inserted 1 records for txId=3oXVet8issW6NST5doWJCZ8Dsh1Wnz1uYjCJ8dWyHmBXgqYfKSWFmd7Dm5TcUieCDP1GtnqYRaqivuuSAc86frhq"}
{"time":"2026-06-11T22:01:39.570484+08:00","level":"INFO","service":"pos-api","caller":"app/pos/api/internal/task/kafka.go:93","msg":"KafkaConsumerTask: 收到已扫描交易 service=pos subService=market buy token txID=3PFghqaAL8RBhtLknhp9EmWkgoBGWhgwnWGzn2gv3oXA2giYLZT7mpq7b8axorcWJHtyMUb5Nn3stgAPRnqC9Cdc"}
{"time":"2026-06-11T22:01:39.570506+08:00","level":"INFO","service":"pos-api","caller":"app/pos/api/internal/logic/stake/stake_logic.go:144","msg":"HandleMarketBuyTx: txId=3PFghqaAL8RBhtLknhp9EmWkgoBGWhgwnWGzn2gv3oXA2giYLZT7mpq7b8axorcWJHtyMUb5Nn3stgAPRnqC9Cdc"}
{"time":"2026-06-11T22:01:39.571458+08:00","level":"INFO","service":"pos-api","caller":"app/pos/api/internal/logic/stake/stake_logic.go:178","msg":"HandleMarketBuyTx: inserted 1 records for txId=3PFghqaAL8RBhtLknhp9EmWkgoBGWhgwnWGzn2gv3oXA2giYLZT7mpq7b8axorcWJHtyMUb5Nn3stgAPRnqC9Cdc"}
{"time":"2026-06-11T22:01:39.572122+08:00","level":"INFO","service":"pos-api","caller":"app/pos/api/internal/task/kafka.go:93","msg":"KafkaConsumerTask: 收到已扫描交易 service=pos subService=market buy token txID=4QRQfbggjtdoeL2nJjaYBDqVBzaRpoBi2Nid56uFBb7NJzmSju8Mym8gh4fKqkrgH38GYEn3QSUMdY3kSQfu5V1r"}
{"time":"2026-06-11T22:01:39.572135+08:00","level":"INFO","service":"pos-api","caller":"app/pos/api/internal/logic/stake/stake_logic.go:144","msg":"HandleMarketBuyTx: txId=4QRQfbggjtdoeL2nJjaYBDqVBzaRpoBi2Nid56uFBb7NJzmSju8Mym8gh4fKqkrgH38GYEn3QSUMdY3kSQfu5V1r"}
{"time":"2026-06-11T22:01:39.572916+08:00","level":"INFO","service":"pos-api","caller":"app/pos/api/internal/logic/stake/stake_logic.go:178","msg":"HandleMarketBuyTx: inserted 1 records for txId=4QRQfbggjtdoeL2nJjaYBDqVBzaRpoBi2Nid56uFBb7NJzmSju8Mym8gh4fKqkrgH38GYEn3QSUMdY3kSQfu5V1r"}
{"time":"2026-06-11T22:01:39.573425+08:00","level":"INFO","service":"pos-api","caller":"app/pos/api/internal/task/kafka.go:93","msg":"KafkaConsumerTask: 收到已扫描交易 service=pos subService=market buy token txID=3xmdp7s3GsDHuGaukmQAMCR1kBGKNvuJH47S6ngEhc5MoguoAANBpuv4S19ARNeA3qfdQ9fnmqh1dTVfeAs71HVA"}
{"time":"2026-06-11T22:01:39.573435+08:00","level":"INFO","service":"pos-api","caller":"app/pos/api/internal/logic/stake/stake_logic.go:144","msg":"HandleMarketBuyTx: txId=3xmdp7s3GsDHuGaukmQAMCR1kBGKNvuJH47S6ngEhc5MoguoAANBpuv4S19ARNeA3qfdQ9fnmqh1dTVfeAs71HVA"}
{"time":"2026-06-11T22:01:39.574292+08:00","level":"INFO","service":"pos-api","caller":"app/pos/api/internal/logic/stake/stake_logic.go:178","msg":"HandleMarketBuyTx: inserted 1 records for txId=3xmdp7s3GsDHuGaukmQAMCR1kBGKNvuJH47S6ngEhc5MoguoAANBpuv4S19ARNeA3qfdQ9fnmqh1dTVfeAs71HVA"}
{"time":"2026-06-11T22:01:39.57485+08:00","level":"INFO","service":"pos-api","caller":"app/pos/api/internal/task/kafka.go:93","msg":"KafkaConsumerTask: 收到已扫描交易 service=pos subService=market buy token txID=nwuWK9twiTjbMre3rnopf31EcXzQSDsWnTwNfWsA5iPveL8fnZNpResbmi1uvUPCj1xTcyrzuTssuT1Gzm4hJJL"}
{"time":"2026-06-11T22:01:39.574862+08:00","level":"INFO","service":"pos-api","caller":"app/pos/api/internal/logic/stake/stake_logic.go:144","msg":"HandleMarketBuyTx: txId=nwuWK9twiTjbMre3rnopf31EcXzQSDsWnTwNfWsA5iPveL8fnZNpResbmi1uvUPCj1xTcyrzuTssuT1Gzm4hJJL"}
{"time":"2026-06-11T22:01:39.576745+08:00","level":"INFO","service":"pos-api","caller":"app/pos/api/internal/logic/stake/stake_logic.go:178","msg":"HandleMarketBuyTx: inserted 1 records for txId=nwuWK9twiTjbMre3rnopf31EcXzQSDsWnTwNfWsA5iPveL8fnZNpResbmi1uvUPCj1xTcyrzuTssuT1Gzm4hJJL"}
{"time":"2026-06-11T22:01:39.577658+08:00","level":"INFO","service":"pos-api","caller":"app/pos/api/internal/task/kafka.go:93","msg":"KafkaConsumerTask: 收到已扫描交易 service=pos subService=market buy token txID=XhgrBXpnDQdzuhYAdHhsw4LEMxvtQXHSh9DPMLY6TpyzgNrk1VrFPw212EhpwJcSjFDtmBvwHhdP96J6aRkpfkm"}
{"time":"2026-06-11T22:01:39.577676+08:00","level":"INFO","service":"pos-api","caller":"app/pos/api/internal/logic/stake/stake_logic.go:144","msg":"HandleMarketBuyTx: txId=XhgrBXpnDQdzuhYAdHhsw4LEMxvtQXHSh9DPMLY6TpyzgNrk1VrFPw212EhpwJcSjFDtmBvwHhdP96J6aRkpfkm"}
{"time":"2026-06-11T22:01:39.578559+08:00","level":"INFO","service":"pos-api","caller":"app/pos/api/internal/logic/stake/stake_logic.go:178","msg":"HandleMarketBuyTx: inserted 1 records for txId=XhgrBXpnDQdzuhYAdHhsw4LEMxvtQXHSh9DPMLY6TpyzgNrk1VrFPw212EhpwJcSjFDtmBvwHhdP96J6aRkpfkm"}
{"time":"2026-06-11T22:01:39.579156+08:00","level":"INFO","service":"pos-api","caller":"app/pos/api/internal/task/kafka.go:93","msg":"KafkaConsumerTask: 收到已扫描交易 service=pos subService=market buy token txID=3ET9aDDxVfRAGro9iFVcFm7FndLYB4vvS5RoDLpTzwUaAMo4vQxEFvQxhW5S3iSYxHJTHruJcnudMJvbNRiMkPbj"}
{"time":"2026-06-11T22:01:39.579169+08:00","level":"INFO","service":"pos-api","caller":"app/pos/api/internal/logic/stake/stake_logic.go:144","msg":"HandleMarketBuyTx: txId=3ET9aDDxVfRAGro9iFVcFm7FndLYB4vvS5RoDLpTzwUaAMo4vQxEFvQxhW5S3iSYxHJTHruJcnudMJvbNRiMkPbj"}
{"time":"2026-06-11T22:01:39.580047+08:00","level":"INFO","service":"pos-api","caller":"app/pos/api/internal/logic/stake/stake_logic.go:178","msg":"HandleMarketBuyTx: inserted 1 records for txId=3ET9aDDxVfRAGro9iFVcFm7FndLYB4vvS5RoDLpTzwUaAMo4vQxEFvQxhW5S3iSYxHJTHruJcnudMJvbNRiMkPbj"}
{"time":"2026-06-11T22:01:39.580576+08:00","level":"INFO","service":"pos-api","caller":"app/pos/api/internal/task/kafka.go:93","msg":"KafkaConsumerTask: 收到已扫描交易 service=pos subService=market buy token txID=fbbM7AvMyYku14FehjDGXUJGVrP3bhdZxKfxZod81mpsqURZhQAacPVQu76Qfb6x7fzShHwExDVhome6KF61qw3"}
{"time":"2026-06-11T22:01:39.580588+08:00","level":"INFO","service":"pos-api","caller":"app/pos/api/internal/logic/stake/stake_logic.go:144","msg":"HandleMarketBuyTx: txId=fbbM7AvMyYku14FehjDGXUJGVrP3bhdZxKfxZod81mpsqURZhQAacPVQu76Qfb6x7fzShHwExDVhome6KF61qw3"}
{"time":"2026-06-11T22:01:39.5814+08:00","level":"INFO","service":"pos-api","caller":"app/pos/api/internal/logic/stake/stake_logic.go:178","msg":"HandleMarketBuyTx: inserted 1 records for txId=fbbM7AvMyYku14FehjDGXUJGVrP3bhdZxKfxZod81mpsqURZhQAacPVQu76Qfb6x7fzShHwExDVhome6KF61qw3"}
{"time":"2026-06-11T22:01:39.581892+08:00","level":"INFO","service":"pos-api","caller":"app/pos/api/internal/task/kafka.go:93","msg":"KafkaConsumerTask: 收到已扫描交易 service=pos subService=market buy token txID=2cj2XVCtTN2RPN1UXhFhkRftZhXZFuyXPRK1RsMbJPEaCQ4nqTb6JpyAUoxGNPpwYUE9HByXRrTuu1mD3N5Ceu3D"}
{"time":"2026-06-11T22:01:39.581903+08:00","level":"INFO","service":"pos-api","caller":"app/pos/api/internal/logic/stake/stake_logic.go:144","msg":"HandleMarketBuyTx: txId=2cj2XVCtTN2RPN1UXhFhkRftZhXZFuyXPRK1RsMbJPEaCQ4nqTb6JpyAUoxGNPpwYUE9HByXRrTuu1mD3N5Ceu3D"}
{"time":"2026-06-11T22:01:39.583332+08:00","level":"INFO","service":"pos-api","caller":"app/pos/api/internal/logic/stake/stake_logic.go:178","msg":"HandleMarketBuyTx: inserted 1 records for txId=2cj2XVCtTN2RPN1UXhFhkRftZhXZFuyXPRK1RsMbJPEaCQ4nqTb6JpyAUoxGNPpwYUE9HByXRrTuu1mD3N5Ceu3D"}
{"time":"2026-06-11T22:01:39.584257+08:00","level":"INFO","service":"pos-api","caller":"app/pos/api/internal/task/kafka.go:93","msg":"KafkaConsumerTask: 收到已扫描交易 service=pos subService=market buy token txID=2rNkwpM9LLoQCerqfxSoDiSYhEBBxaP35ttQZttehM2JciyxUatzRkpydz2GKueaVDYYWW2hFM8p1vBnDdU7dkr4"}
{"time":"2026-06-11T22:01:39.584274+08:00","level":"INFO","service":"pos-api","caller":"app/pos/api/internal/logic/stake/stake_logic.go:144","msg":"HandleMarketBuyTx: txId=2rNkwpM9LLoQCerqfxSoDiSYhEBBxaP35ttQZttehM2JciyxUatzRkpydz2GKueaVDYYWW2hFM8p1vBnDdU7dkr4"}
{"time":"2026-06-11T22:01:39.585135+08:00","level":"INFO","service":"pos-api","caller":"app/pos/api/internal/logic/stake/stake_logic.go:178","msg":"HandleMarketBuyTx: inserted 1 records for txId=2rNkwpM9LLoQCerqfxSoDiSYhEBBxaP35ttQZttehM2JciyxUatzRkpydz2GKueaVDYYWW2hFM8p1vBnDdU7dkr4"}
{"time":"2026-06-11T22:01:39.585774+08:00","level":"INFO","service":"pos-api","caller":"app/pos/api/internal/task/kafka.go:93","msg":"KafkaConsumerTask: 收到已扫描交易 service=pos subService=market buy token txID=LmuuurzVZQrhxzkanNEjQqqdGBFwbUhjDHUJNnVNMYaA42T8yRcPe3mRQ16735SQbPwnPa8B3wsEFF2PfA6vrZq"}
{"time":"2026-06-11T22:01:39.585784+08:00","level":"INFO","service":"pos-api","caller":"app/pos/api/internal/logic/stake/stake_logic.go:144","msg":"HandleMarketBuyTx: txId=LmuuurzVZQrhxzkanNEjQqqdGBFwbUhjDHUJNnVNMYaA42T8yRcPe3mRQ16735SQbPwnPa8B3wsEFF2PfA6vrZq"}
{"time":"2026-06-11T22:01:39.586594+08:00","level":"INFO","service":"pos-api","caller":"app/pos/api/internal/logic/stake/stake_logic.go:178","msg":"HandleMarketBuyTx: inserted 1 records for txId=LmuuurzVZQrhxzkanNEjQqqdGBFwbUhjDHUJNnVNMYaA42T8yRcPe3mRQ16735SQbPwnPa8B3wsEFF2PfA6vrZq"}
{"time":"2026-06-11T22:01:39.587182+08:00","level":"INFO","service":"pos-api","caller":"app/pos/api/internal/task/kafka.go:93","msg":"KafkaConsumerTask: 收到已扫描交易 service=pos subService=market buy token txID=4ATS8Xe36G98j7YhcG4H66FpBasvor3xR4Uin4Wmgg8GN6pm76PpgFPARhWvbN87fxq3XMzAQHqVz7uj87dBEBsi"}
{"time":"2026-06-11T22:01:39.587201+08:00","level":"INFO","service":"pos-api","caller":"app/pos/api/internal/logic/stake/stake_logic.go:144","msg":"HandleMarketBuyTx: txId=4ATS8Xe36G98j7YhcG4H66FpBasvor3xR4Uin4Wmgg8GN6pm76PpgFPARhWvbN87fxq3XMzAQHqVz7uj87dBEBsi"}
{"time":"2026-06-11T22:01:39.588081+08:00","level":"INFO","service":"pos-api","caller":"app/pos/api/internal/logic/stake/stake_logic.go:178","msg":"HandleMarketBuyTx: inserted 1 records for txId=4ATS8Xe36G98j7YhcG4H66FpBasvor3xR4Uin4Wmgg8GN6pm76PpgFPARhWvbN87fxq3XMzAQHqVz7uj87dBEBsi"}
{"time":"2026-06-11T22:01:39.588622+08:00","level":"INFO","service":"pos-api","caller":"app/pos/api/internal/task/kafka.go:93","msg":"KafkaConsumerTask: 收到已扫描交易 service=pos subService=market buy token txID=LVsM9qhvX7gyHC5zg1otc2i3kWiMRXSdbf1mc3AZ6xd4f6wkng7wRZdr35mLLwtbnUAYnS1U2ph7YZvv165UDvz"}
{"time":"2026-06-11T22:01:39.588636+08:00","level":"INFO","service":"pos-api","caller":"app/pos/api/internal/logic/stake/stake_logic.go:144","msg":"HandleMarketBuyTx: txId=LVsM9qhvX7gyHC5zg1otc2i3kWiMRXSdbf1mc3AZ6xd4f6wkng7wRZdr35mLLwtbnUAYnS1U2ph7YZvv165UDvz"}
{"time":"2026-06-11T22:01:39.589667+08:00","level":"INFO","service":"pos-api","caller":"app/pos/api/internal/logic/stake/stake_logic.go:178","msg":"HandleMarketBuyTx: inserted 1 records for txId=LVsM9qhvX7gyHC5zg1otc2i3kWiMRXSdbf1mc3AZ6xd4f6wkng7wRZdr35mLLwtbnUAYnS1U2ph7YZvv165UDvz"}
{"time":"2026-06-11T22:01:39.590858+08:00","level":"INFO","service":"pos-api","caller":"app/pos/api/internal/task/kafka.go:93","msg":"KafkaConsumerTask: 收到已扫描交易 service=pos subService=market buy token txID=37FEE1ZvqrPBYpkkkdL49569Sv2X2if9QDDyKf961q9jSc8voQSuJGeD3ZiiHMMKCbat3GX8nu3tWceRriVMczca"}
{"time":"2026-06-11T22:01:39.590877+08:00","level":"INFO","service":"pos-api","caller":"app/pos/api/internal/logic/stake/stake_logic.go:144","msg":"HandleMarketBuyTx: txId=37FEE1ZvqrPBYpkkkdL49569Sv2X2if9QDDyKf961q9jSc8voQSuJGeD3ZiiHMMKCbat3GX8nu3tWceRriVMczca"}
{"time":"2026-06-11T22:01:39.591898+08:00","level":"INFO","service":"pos-api","caller":"app/pos/api/internal/logic/stake/stake_logic.go:178","msg":"HandleMarketBuyTx: inserted 1 records for txId=37FEE1ZvqrPBYpkkkdL49569Sv2X2if9QDDyKf961q9jSc8voQSuJGeD3ZiiHMMKCbat3GX8nu3tWceRriVMczca"}
{"time":"2026-06-11T22:01:39.592595+08:00","level":"INFO","service":"pos-api","caller":"app/pos/api/internal/task/kafka.go:93","msg":"KafkaConsumerTask: 收到已扫描交易 service=pos subService=market buy token txID=4GxyTfrXpwHCYwLoCgxMbU25FwAPffgExL3KsA3CbmGMY11SKF19Nkxwjjf5NwNjqmWZRUvopacPqko3E42RoGiP"}
{"time":"2026-06-11T22:01:39.592611+08:00","level":"INFO","service":"pos-api","caller":"app/pos/api/internal/logic/stake/stake_logic.go:144","msg":"HandleMarketBuyTx: txId=4GxyTfrXpwHCYwLoCgxMbU25FwAPffgExL3KsA3CbmGMY11SKF19Nkxwjjf5NwNjqmWZRUvopacPqko3E42RoGiP"}
{"time":"2026-06-11T22:01:39.593522+08:00","level":"INFO","service":"pos-api","caller":"app/pos/api/internal/logic/stake/stake_logic.go:178","msg":"HandleMarketBuyTx: inserted 1 records for txId=4GxyTfrXpwHCYwLoCgxMbU25FwAPffgExL3KsA3CbmGMY11SKF19Nkxwjjf5NwNjqmWZRUvopacPqko3E42RoGiP"}
{"time":"2026-06-11T22:01:39.594104+08:00","level":"INFO","service":"pos-api","caller":"app/pos/api/internal/task/kafka.go:93","msg":"KafkaConsumerTask: 收到已扫描交易 service=pos subService=market buy token txID=DhpujYqfo2GoNhPnT3auydPBtntWrgJ5RWWGEW9nW78xFdw3u8sk3jzzehPv45Pyi4h6hWNgVCcoNTVK8EZ93Gu"}
{"time":"2026-06-11T22:01:39.594116+08:00","level":"INFO","service":"pos-api","caller":"app/pos/api/internal/logic/stake/stake_logic.go:144","msg":"HandleMarketBuyTx: txId=DhpujYqfo2GoNhPnT3auydPBtntWrgJ5RWWGEW9nW78xFdw3u8sk3jzzehPv45Pyi4h6hWNgVCcoNTVK8EZ93Gu"}
{"time":"2026-06-11T22:01:39.59493+08:00","level":"INFO","service":"pos-api","caller":"app/pos/api/internal/logic/stake/stake_logic.go:178","msg":"HandleMarketBuyTx: inserted 1 records for txId=DhpujYqfo2GoNhPnT3auydPBtntWrgJ5RWWGEW9nW78xFdw3u8sk3jzzehPv45Pyi4h6hWNgVCcoNTVK8EZ93Gu"}
{"time":"2026-06-11T22:01:39.595421+08:00","level":"INFO","service":"pos-api","caller":"app/pos/api/internal/task/kafka.go:93","msg":"KafkaConsumerTask: 收到已扫描交易 service=pos subService=market buy token txID=31DgipZcahFPoptwuPsEqPfFpG8dei55RzhZ6sCxSFUNbMYjWb5ZNrJ32h8Y1LFozaLjEMRcbxXQRVYne13BQeDe"}
{"time":"2026-06-11T22:01:39.595432+08:00","level":"INFO","service":"pos-api","caller":"app/pos/api/internal/logic/stake/stake_logic.go:144","msg":"HandleMarketBuyTx: txId=31DgipZcahFPoptwuPsEqPfFpG8dei55RzhZ6sCxSFUNbMYjWb5ZNrJ32h8Y1LFozaLjEMRcbxXQRVYne13BQeDe"}
{"time":"2026-06-11T22:01:39.596833+08:00","level":"INFO","service":"pos-api","caller":"app/pos/api/internal/logic/stake/stake_logic.go:178","msg":"HandleMarketBuyTx: inserted 1 records for txId=31DgipZcahFPoptwuPsEqPfFpG8dei55RzhZ6sCxSFUNbMYjWb5ZNrJ32h8Y1LFozaLjEMRcbxXQRVYne13BQeDe"}
{"time":"2026-06-11T22:01:39.597788+08:00","level":"INFO","service":"pos-api","caller":"app/pos/api/internal/task/kafka.go:93","msg":"KafkaConsumerTask: 收到已扫描交易 service=pos subService=market buy token txID=4uyyJHhVxyZ3pM7NvN8YgTyYWk7LsCCAHQYWeiRDo5o7mrph3kDA9RhEaqpfbHAZYf7sTAQd51HRmgDPnkXeo6DM"}
{"time":"2026-06-11T22:01:39.597806+08:00","level":"INFO","service":"pos-api","caller":"app/pos/api/internal/logic/stake/stake_logic.go:144","msg":"HandleMarketBuyTx: txId=4uyyJHhVxyZ3pM7NvN8YgTyYWk7LsCCAHQYWeiRDo5o7mrph3kDA9RhEaqpfbHAZYf7sTAQd51HRmgDPnkXeo6DM"}
{"time":"2026-06-11T22:01:39.598642+08:00","level":"INFO","service":"pos-api","caller":"app/pos/api/internal/logic/stake/stake_logic.go:178","msg":"HandleMarketBuyTx: inserted 1 records for txId=4uyyJHhVxyZ3pM7NvN8YgTyYWk7LsCCAHQYWeiRDo5o7mrph3kDA9RhEaqpfbHAZYf7sTAQd51HRmgDPnkXeo6DM"}
{"time":"2026-06-11T22:01:39.59929+08:00","level":"INFO","service":"pos-api","caller":"app/pos/api/internal/task/kafka.go:93","msg":"KafkaConsumerTask: 收到已扫描交易 service=pos subService=market buy token txID=5Lbz6sax3gA5dFRXpmgKk8gzuTurNeRZPAWNkuZUjFVnrkKRjihcunV3j8h1MBywKAdEx8fCvxDEMoEBDusQkBYt"}
{"time":"2026-06-11T22:01:39.599308+08:00","level":"INFO","service":"pos-api","caller":"app/pos/api/internal/logic/stake/stake_logic.go:144","msg":"HandleMarketBuyTx: txId=5Lbz6sax3gA5dFRXpmgKk8gzuTurNeRZPAWNkuZUjFVnrkKRjihcunV3j8h1MBywKAdEx8fCvxDEMoEBDusQkBYt"}
{"time":"2026-06-11T22:01:39.600622+08:00","level":"INFO","service":"pos-api","caller":"app/pos/api/internal/logic/stake/stake_logic.go:178","msg":"HandleMarketBuyTx: inserted 1 records for txId=5Lbz6sax3gA5dFRXpmgKk8gzuTurNeRZPAWNkuZUjFVnrkKRjihcunV3j8h1MBywKAdEx8fCvxDEMoEBDusQkBYt"}
{"time":"2026-06-11T22:01:39.601311+08:00","level":"INFO","service":"pos-api","caller":"app/pos/api/internal/task/kafka.go:93","msg":"KafkaConsumerTask: 收到已扫描交易 service=pos subService=market buy token txID=2Lumg8hqwGkjVfFv8ppMm784pjKz286PZp6DHmqxQZb3grZvZDq5LAz5W5pHtcGmSudBvMKV4h3aZip1XjF7wDZ2"}
{"time":"2026-06-11T22:01:39.601325+08:00","level":"INFO","service":"pos-api","caller":"app/pos/api/internal/logic/stake/stake_logic.go:144","msg":"HandleMarketBuyTx: txId=2Lumg8hqwGkjVfFv8ppMm784pjKz286PZp6DHmqxQZb3grZvZDq5LAz5W5pHtcGmSudBvMKV4h3aZip1XjF7wDZ2"}
{"time":"2026-06-11T22:01:39.602443+08:00","level":"INFO","service":"pos-api","caller":"app/pos/api/internal/logic/stake/stake_logic.go:178","msg":"HandleMarketBuyTx: inserted 1 records for txId=2Lumg8hqwGkjVfFv8ppMm784pjKz286PZp6DHmqxQZb3grZvZDq5LAz5W5pHtcGmSudBvMKV4h3aZip1XjF7wDZ2"}
{"time":"2026-06-11T22:01:39.60321+08:00","level":"INFO","service":"pos-api","caller":"app/pos/api/internal/task/kafka.go:93","msg":"KafkaConsumerTask: 收到已扫描交易 service=pos subService=market buy token txID=4hhgFPLfjfxs7ZBKqGeR7gY2e5FwGbH4aMrPiGuqMy6L3S5AHmnWqwgXsYb4H95ZuSRD3BgRdtiofdb5C4zTBrEg"}
{"time":"2026-06-11T22:01:39.603227+08:00","level":"INFO","service":"pos-api","caller":"app/pos/api/internal/logic/stake/stake_logic.go:144","msg":"HandleMarketBuyTx: txId=4hhgFPLfjfxs7ZBKqGeR7gY2e5FwGbH4aMrPiGuqMy6L3S5AHmnWqwgXsYb4H95ZuSRD3BgRdtiofdb5C4zTBrEg"}
{"time":"2026-06-11T22:01:39.605232+08:00","level":"INFO","service":"pos-api","caller":"app/pos/api/internal/logic/stake/stake_logic.go:178","msg":"HandleMarketBuyTx: inserted 1 records for txId=4hhgFPLfjfxs7ZBKqGeR7gY2e5FwGbH4aMrPiGuqMy6L3S5AHmnWqwgXsYb4H95ZuSRD3BgRdtiofdb5C4zTBrEg"}
{"time":"2026-06-11T22:01:39.605868+08:00","level":"INFO","service":"pos-api","caller":"app/pos/api/internal/task/kafka.go:93","msg":"KafkaConsumerTask: 收到已扫描交易 service=pos subService=market buy token txID=4ze7ZR7gAJ4GJGh854jDvs1rHrau9FM2rdgZPpf7woqE6npuruPVgVUk3GKYVsCBRbGqvXrjSNXpYW9qVRdVCbdT"}
{"time":"2026-06-11T22:01:39.605885+08:00","level":"INFO","service":"pos-api","caller":"app/pos/api/internal/logic/stake/stake_logic.go:144","msg":"HandleMarketBuyTx: txId=4ze7ZR7gAJ4GJGh854jDvs1rHrau9FM2rdgZPpf7woqE6npuruPVgVUk3GKYVsCBRbGqvXrjSNXpYW9qVRdVCbdT"}
{"time":"2026-06-11T22:01:39.606702+08:00","level":"INFO","service":"pos-api","caller":"app/pos/api/internal/logic/stake/stake_logic.go:178","msg":"HandleMarketBuyTx: inserted 1 records for txId=4ze7ZR7gAJ4GJGh854jDvs1rHrau9FM2rdgZPpf7woqE6npuruPVgVUk3GKYVsCBRbGqvXrjSNXpYW9qVRdVCbdT"}
{"time":"2026-06-11T22:01:39.607215+08:00","level":"INFO","service":"pos-api","caller":"app/pos/api/internal/task/kafka.go:93","msg":"KafkaConsumerTask: 收到已扫描交易 service=pos subService=market buy token txID=67ANt9oiywimXmKtA4quPSyzRkLy24KVrTB4RPevWNWAFaRTpyzCYv4SrzQW7tidsz1Gxwq4xmPEw5e9ZHgJS7Sf"}
{"time":"2026-06-11T22:01:39.607228+08:00","level":"INFO","service":"pos-api","caller":"app/pos/api/internal/logic/stake/stake_logic.go:144","msg":"HandleMarketBuyTx: txId=67ANt9oiywimXmKtA4quPSyzRkLy24KVrTB4RPevWNWAFaRTpyzCYv4SrzQW7tidsz1Gxwq4xmPEw5e9ZHgJS7Sf"}
{"time":"2026-06-11T22:01:39.6083+08:00","level":"INFO","service":"pos-api","caller":"app/pos/api/internal/logic/stake/stake_logic.go:178","msg":"HandleMarketBuyTx: inserted 1 records for txId=67ANt9oiywimXmKtA4quPSyzRkLy24KVrTB4RPevWNWAFaRTpyzCYv4SrzQW7tidsz1Gxwq4xmPEw5e9ZHgJS7Sf"}
{"time":"2026-06-11T22:01:39.608837+08:00","level":"INFO","service":"pos-api","caller":"app/pos/api/internal/task/kafka.go:93","msg":"KafkaConsumerTask: 收到已扫描交易 service=pos subService=market buy token txID=4TuQQW1RsLuZFf8jkuyq9pyJoS8VBrbnNr2WryKpTpnHSRZRAntkcr2ZcNXP2ATG6vMNWepPbYeE6U96c59osXfB"}
{"time":"2026-06-11T22:01:39.608849+08:00","level":"INFO","service":"pos-api","caller":"app/pos/api/internal/logic/stake/stake_logic.go:144","msg":"HandleMarketBuyTx: txId=4TuQQW1RsLuZFf8jkuyq9pyJoS8VBrbnNr2WryKpTpnHSRZRAntkcr2ZcNXP2ATG6vMNWepPbYeE6U96c59osXfB"}
{"time":"2026-06-11T22:01:39.609654+08:00","level":"INFO","service":"pos-api","caller":"app/pos/api/internal/logic/stake/stake_logic.go:178","msg":"HandleMarketBuyTx: inserted 1 records for txId=4TuQQW1RsLuZFf8jkuyq9pyJoS8VBrbnNr2WryKpTpnHSRZRAntkcr2ZcNXP2ATG6vMNWepPbYeE6U96c59osXfB"}
{"time":"2026-06-11T22:01:39.610828+08:00","level":"INFO","service":"pos-api","caller":"app/pos/api/internal/task/kafka.go:93","msg":"KafkaConsumerTask: 收到已扫描交易 service=pos subService=market buy token txID=49GmTJNeHLZMpcvWNDTtZadzjGSAoDWwVNyqoR1oCCXQgiMmx5JzNfbCg3QoTgXAohxCfbJRsuJabhanDsnHh1Ey"}
{"time":"2026-06-11T22:01:39.610872+08:00","level":"INFO","service":"pos-api","caller":"app/pos/api/internal/logic/stake/stake_logic.go:144","msg":"HandleMarketBuyTx: txId=49GmTJNeHLZMpcvWNDTtZadzjGSAoDWwVNyqoR1oCCXQgiMmx5JzNfbCg3QoTgXAohxCfbJRsuJabhanDsnHh1Ey"}
{"time":"2026-06-11T22:01:39.611955+08:00","level":"INFO","service":"pos-api","caller":"app/pos/api/internal/logic/stake/stake_logic.go:178","msg":"HandleMarketBuyTx: inserted 1 records for txId=49GmTJNeHLZMpcvWNDTtZadzjGSAoDWwVNyqoR1oCCXQgiMmx5JzNfbCg3QoTgXAohxCfbJRsuJabhanDsnHh1Ey"}
{"time":"2026-06-11T22:01:39.612566+08:00","level":"INFO","service":"pos-api","caller":"app/pos/api/internal/task/kafka.go:93","msg":"KafkaConsumerTask: 收到已扫描交易 service=pos subService=market buy token txID=3xXRJFkp3ZBiM3z498eaxpjbJZvJhJB9EpgzcyoMA9HsXUpZdNhXyCaKCjEUcyKaxxnJppCNxYJNffwDcb6MDfwu"}
{"time":"2026-06-11T22:01:39.61258+08:00","level":"INFO","service":"pos-api","caller":"app/pos/api/internal/logic/stake/stake_logic.go:144","msg":"HandleMarketBuyTx: txId=3xXRJFkp3ZBiM3z498eaxpjbJZvJhJB9EpgzcyoMA9HsXUpZdNhXyCaKCjEUcyKaxxnJppCNxYJNffwDcb6MDfwu"}
{"time":"2026-06-11T22:01:39.613472+08:00","level":"INFO","service":"pos-api","caller":"app/pos/api/internal/logic/stake/stake_logic.go:178","msg":"HandleMarketBuyTx: inserted 1 records for txId=3xXRJFkp3ZBiM3z498eaxpjbJZvJhJB9EpgzcyoMA9HsXUpZdNhXyCaKCjEUcyKaxxnJppCNxYJNffwDcb6MDfwu"}
{"time":"2026-06-11T22:01:39.614119+08:00","level":"INFO","service":"pos-api","caller":"app/pos/api/internal/task/kafka.go:93","msg":"KafkaConsumerTask: 收到已扫描交易 service=pos subService=market buy token txID=3257qiKYhiCsYqpZ2bRE29KovxVNSkSBSiHeGKPU4awEqLkn87m3nAWCgRa1PDr9HGtSaG54e2xEHD2h1nuaDiaV"}
{"time":"2026-06-11T22:01:39.614137+08:00","level":"INFO","service":"pos-api","caller":"app/pos/api/internal/logic/stake/stake_logic.go:144","msg":"HandleMarketBuyTx: txId=3257qiKYhiCsYqpZ2bRE29KovxVNSkSBSiHeGKPU4awEqLkn87m3nAWCgRa1PDr9HGtSaG54e2xEHD2h1nuaDiaV"}
{"time":"2026-06-11T22:01:39.615029+08:00","level":"INFO","service":"pos-api","caller":"app/pos/api/internal/logic/stake/stake_logic.go:178","msg":"HandleMarketBuyTx: inserted 1 records for txId=3257qiKYhiCsYqpZ2bRE29KovxVNSkSBSiHeGKPU4awEqLkn87m3nAWCgRa1PDr9HGtSaG54e2xEHD2h1nuaDiaV"}
{"time":"2026-06-11T22:01:39.615671+08:00","level":"INFO","service":"pos-api","caller":"app/pos/api/internal/task/kafka.go:93","msg":"KafkaConsumerTask: 收到已扫描交易 service=pos subService=market buy token txID=AQmBA56ioL1tDD2ScvZoXuD8EofnEaDCPoLmKKTD7D548psU9LM1tR279cqPrmNUoTvmBZrDdAhg2HnDWAh7Wjf"}
{"time":"2026-06-11T22:01:39.615686+08:00","level":"INFO","service":"pos-api","caller":"app/pos/api/internal/logic/stake/stake_logic.go:144","msg":"HandleMarketBuyTx: txId=AQmBA56ioL1tDD2ScvZoXuD8EofnEaDCPoLmKKTD7D548psU9LM1tR279cqPrmNUoTvmBZrDdAhg2HnDWAh7Wjf"}
{"time":"2026-06-11T22:01:39.617786+08:00","level":"INFO","service":"pos-api","caller":"app/pos/api/internal/logic/stake/stake_logic.go:178","msg":"HandleMarketBuyTx: inserted 1 records for txId=AQmBA56ioL1tDD2ScvZoXuD8EofnEaDCPoLmKKTD7D548psU9LM1tR279cqPrmNUoTvmBZrDdAhg2HnDWAh7Wjf"}
{"time":"2026-06-11T22:01:39.618586+08:00","level":"INFO","service":"pos-api","caller":"app/pos/api/internal/task/kafka.go:93","msg":"KafkaConsumerTask: 收到已扫描交易 service=pos subService=market buy token txID=4v2geB9yTKjuQJ2McXpA5JB3fWAitQo9dzgLYGVKdkgkgieWxG4MYiqG97vW5o9AnV77CmYR1T6htzVyNmXBtRHw"}
{"time":"2026-06-11T22:01:39.618608+08:00","level":"INFO","service":"pos-api","caller":"app/pos/api/internal/logic/stake/stake_logic.go:144","msg":"HandleMarketBuyTx: txId=4v2geB9yTKjuQJ2McXpA5JB3fWAitQo9dzgLYGVKdkgkgieWxG4MYiqG97vW5o9AnV77CmYR1T6htzVyNmXBtRHw"}
{"time":"2026-06-11T22:01:39.619475+08:00","level":"INFO","service":"pos-api","caller":"app/pos/api/internal/logic/stake/stake_logic.go:178","msg":"HandleMarketBuyTx: inserted 1 records for txId=4v2geB9yTKjuQJ2McXpA5JB3fWAitQo9dzgLYGVKdkgkgieWxG4MYiqG97vW5o9AnV77CmYR1T6htzVyNmXBtRHw"}
{"time":"2026-06-11T22:01:39.619993+08:00","level":"INFO","service":"pos-api","caller":"app/pos/api/internal/task/kafka.go:93","msg":"KafkaConsumerTask: 收到已扫描交易 service=pos subService=market buy token txID=4X6o2w3q7Epfy9XE9Ndhyv4CEsrnPysPh1oQm1X7jZCrdEqYukUMegzKTQJA9NxpeV9N9uagJJWJgsbMT5XYRvEq"}
{"time":"2026-06-11T22:01:39.620008+08:00","level":"INFO","service":"pos-api","caller":"app/pos/api/internal/logic/stake/stake_logic.go:144","msg":"HandleMarketBuyTx: txId=4X6o2w3q7Epfy9XE9Ndhyv4CEsrnPysPh1oQm1X7jZCrdEqYukUMegzKTQJA9NxpeV9N9uagJJWJgsbMT5XYRvEq"}
{"time":"2026-06-11T22:01:39.620821+08:00","level":"INFO","service":"pos-api","caller":"app/pos/api/internal/logic/stake/stake_logic.go:178","msg":"HandleMarketBuyTx: inserted 1 records for txId=4X6o2w3q7Epfy9XE9Ndhyv4CEsrnPysPh1oQm1X7jZCrdEqYukUMegzKTQJA9NxpeV9N9uagJJWJgsbMT5XYRvEq"}
{"time":"2026-06-11T22:01:39.621374+08:00","level":"INFO","service":"pos-api","caller":"app/pos/api/internal/task/kafka.go:93","msg":"KafkaConsumerTask: 收到已扫描交易 service=pos subService=market buy token txID=5QJHhyNtnMfVGxoJGCPhW5ac4jNdGK1AU26qAGJbZbvPeEYxjSjMK6Wvm34tZxSmJP8CqD9nzCUGWjoy4CxuML2V"}
{"time":"2026-06-11T22:01:39.621386+08:00","level":"INFO","service":"pos-api","caller":"app/pos/api/internal/logic/stake/stake_logic.go:144","msg":"HandleMarketBuyTx: txId=5QJHhyNtnMfVGxoJGCPhW5ac4jNdGK1AU26qAGJbZbvPeEYxjSjMK6Wvm34tZxSmJP8CqD9nzCUGWjoy4CxuML2V"}
{"time":"2026-06-11T22:01:39.622291+08:00","level":"INFO","service":"pos-api","caller":"app/pos/api/internal/logic/stake/stake_logic.go:178","msg":"HandleMarketBuyTx: inserted 1 records for txId=5QJHhyNtnMfVGxoJGCPhW5ac4jNdGK1AU26qAGJbZbvPeEYxjSjMK6Wvm34tZxSmJP8CqD9nzCUGWjoy4CxuML2V"}
{"time":"2026-06-11T22:01:39.622789+08:00","level":"INFO","service":"pos-api","caller":"app/pos/api/internal/task/kafka.go:93","msg":"KafkaConsumerTask: 收到已扫描交易 service=pos subService=market buy token txID=3EpgJdaRvaBF6zc6FnNh2NbNABGBrYnWHErx6yAiLwSJfKPbUau6dpAWmcokwfXk6mts7e7uvu74v9FVfj1XBVYh"}
{"time":"2026-06-11T22:01:39.622804+08:00","level":"INFO","service":"pos-api","caller":"app/pos/api/internal/logic/stake/stake_logic.go:144","msg":"HandleMarketBuyTx: txId=3EpgJdaRvaBF6zc6FnNh2NbNABGBrYnWHErx6yAiLwSJfKPbUau6dpAWmcokwfXk6mts7e7uvu74v9FVfj1XBVYh"}
{"time":"2026-06-11T22:01:39.623931+08:00","level":"INFO","service":"pos-api","caller":"app/pos/api/internal/logic/stake/stake_logic.go:178","msg":"HandleMarketBuyTx: inserted 1 records for txId=3EpgJdaRvaBF6zc6FnNh2NbNABGBrYnWHErx6yAiLwSJfKPbUau6dpAWmcokwfXk6mts7e7uvu74v9FVfj1XBVYh"}
{"time":"2026-06-11T22:01:39.624857+08:00","level":"INFO","service":"pos-api","caller":"app/pos/api/internal/task/kafka.go:93","msg":"KafkaConsumerTask: 收到已扫描交易 service=pos subService=market buy token txID=7yi6NyFRwYWnr9dau3dnmPD5Hjz4UGaQHBPkPWoqZWzCCBBc9LCnGnPirJUHBPLVTUdH3MUDPdyhu17RwXoShQm"}
{"time":"2026-06-11T22:01:39.624882+08:00","level":"INFO","service":"pos-api","caller":"app/pos/api/internal/logic/stake/stake_logic.go:144","msg":"HandleMarketBuyTx: txId=7yi6NyFRwYWnr9dau3dnmPD5Hjz4UGaQHBPkPWoqZWzCCBBc9LCnGnPirJUHBPLVTUdH3MUDPdyhu17RwXoShQm"}
{"time":"2026-06-11T22:01:39.626739+08:00","level":"INFO","service":"pos-api","caller":"app/pos/api/internal/logic/stake/stake_logic.go:178","msg":"HandleMarketBuyTx: inserted 1 records for txId=7yi6NyFRwYWnr9dau3dnmPD5Hjz4UGaQHBPkPWoqZWzCCBBc9LCnGnPirJUHBPLVTUdH3MUDPdyhu17RwXoShQm"}
{"time":"2026-06-11T22:01:39.627352+08:00","level":"INFO","service":"pos-api","caller":"app/pos/api/internal/task/kafka.go:93","msg":"KafkaConsumerTask: 收到已扫描交易 service=pos subService=market buy token txID=2UPDmqpKhNcvJSTvnXESNPVTjZcYG1E2oq5kmvyRYzmF1nfZPhGUvVY57eUu2BS547o2Zr8rDyjwL7ce3BEeemhC"}
{"time":"2026-06-11T22:01:39.627372+08:00","level":"INFO","service":"pos-api","caller":"app/pos/api/internal/logic/stake/stake_logic.go:144","msg":"HandleMarketBuyTx: txId=2UPDmqpKhNcvJSTvnXESNPVTjZcYG1E2oq5kmvyRYzmF1nfZPhGUvVY57eUu2BS547o2Zr8rDyjwL7ce3BEeemhC"}
{"time":"2026-06-11T22:01:39.628464+08:00","level":"INFO","service":"pos-api","caller":"app/pos/api/internal/logic/stake/stake_logic.go:178","msg":"HandleMarketBuyTx: inserted 1 records for txId=2UPDmqpKhNcvJSTvnXESNPVTjZcYG1E2oq5kmvyRYzmF1nfZPhGUvVY57eUu2BS547o2Zr8rDyjwL7ce3BEeemhC"}
{"time":"2026-06-11T22:01:39.629126+08:00","level":"INFO","service":"pos-api","caller":"app/pos/api/internal/task/kafka.go:93","msg":"KafkaConsumerTask: 收到已扫描交易 service=pos subService=market buy token txID=3a5Aw1N7eYUkAF2XVxKFwMaS6JqaMeSLLk1PXiQjBMDCwtFnNqYqGXRvRyzubsa4RPACbrjLaCSC8EY9Wdn4YsFf"}
{"time":"2026-06-11T22:01:39.629138+08:00","level":"INFO","service":"pos-api","caller":"app/pos/api/internal/logic/stake/stake_logic.go:144","msg":"HandleMarketBuyTx: txId=3a5Aw1N7eYUkAF2XVxKFwMaS6JqaMeSLLk1PXiQjBMDCwtFnNqYqGXRvRyzubsa4RPACbrjLaCSC8EY9Wdn4YsFf"}
{"time":"2026-06-11T22:01:39.629881+08:00","level":"INFO","service":"pos-api","caller":"app/pos/api/internal/logic/stake/stake_logic.go:178","msg":"HandleMarketBuyTx: inserted 1 records for txId=3a5Aw1N7eYUkAF2XVxKFwMaS6JqaMeSLLk1PXiQjBMDCwtFnNqYqGXRvRyzubsa4RPACbrjLaCSC8EY9Wdn4YsFf"}
{"time":"2026-06-11T22:01:39.630357+08:00","level":"INFO","service":"pos-api","caller":"app/pos/api/internal/task/kafka.go:93","msg":"KafkaConsumerTask: 收到已扫描交易 service=pos subService=market buy token txID=2sgWRymobZsWHzjzimVfbxoQftr7RtPAqJm1NJbGamcgvEfr3fDsDh5AfzZz2BUxBLsWPJjM1ZSh6h2UF4Dmstqg"}
{"time":"2026-06-11T22:01:39.63037+08:00","level":"INFO","service":"pos-api","caller":"app/pos/api/internal/logic/stake/stake_logic.go:144","msg":"HandleMarketBuyTx: txId=2sgWRymobZsWHzjzimVfbxoQftr7RtPAqJm1NJbGamcgvEfr3fDsDh5AfzZz2BUxBLsWPJjM1ZSh6h2UF4Dmstqg"}
{"time":"2026-06-11T22:01:39.632334+08:00","level":"INFO","service":"pos-api","caller":"app/pos/api/internal/logic/stake/stake_logic.go:178","msg":"HandleMarketBuyTx: inserted 1 records for txId=2sgWRymobZsWHzjzimVfbxoQftr7RtPAqJm1NJbGamcgvEfr3fDsDh5AfzZz2BUxBLsWPJjM1ZSh6h2UF4Dmstqg"}
{"time":"2026-06-11T22:01:39.632966+08:00","level":"INFO","service":"pos-api","caller":"app/pos/api/internal/task/kafka.go:93","msg":"KafkaConsumerTask: 收到已扫描交易 service=pos subService=market buy token txID=2KTGeD85WUrUu6qLNuUG7Y127HNyXfXJt1bcA8o7pGZL8oVfuN683mPHKm51qgGcMJaPVuLeGGyvH29hLs5uUpie"}
{"time":"2026-06-11T22:01:39.632981+08:00","level":"INFO","service":"pos-api","caller":"app/pos/api/internal/logic/stake/stake_logic.go:144","msg":"HandleMarketBuyTx: txId=2KTGeD85WUrUu6qLNuUG7Y127HNyXfXJt1bcA8o7pGZL8oVfuN683mPHKm51qgGcMJaPVuLeGGyvH29hLs5uUpie"}
{"time":"2026-06-11T22:01:39.633769+08:00","level":"INFO","service":"pos-api","caller":"app/pos/api/internal/logic/stake/stake_logic.go:178","msg":"HandleMarketBuyTx: inserted 1 records for txId=2KTGeD85WUrUu6qLNuUG7Y127HNyXfXJt1bcA8o7pGZL8oVfuN683mPHKm51qgGcMJaPVuLeGGyvH29hLs5uUpie"}
{"time":"2026-06-11T22:01:39.634222+08:00","level":"INFO","service":"pos-api","caller":"app/pos/api/internal/task/kafka.go:93","msg":"KafkaConsumerTask: 收到已扫描交易 service=pos subService=market buy token txID=2x4qEUnieqHvtG69JwDKxNZdyakFeqhYNmckxNZe6C32g7sKzety7Ko4XUcaRdEZJcHyMz6hkcC1EpKyZ4TektkR"}
{"time":"2026-06-11T22:01:39.634234+08:00","level":"INFO","service":"pos-api","caller":"app/pos/api/internal/logic/stake/stake_logic.go:144","msg":"HandleMarketBuyTx: txId=2x4qEUnieqHvtG69JwDKxNZdyakFeqhYNmckxNZe6C32g7sKzety7Ko4XUcaRdEZJcHyMz6hkcC1EpKyZ4TektkR"}
{"time":"2026-06-11T22:01:39.635011+08:00","level":"INFO","service":"pos-api","caller":"app/pos/api/internal/logic/stake/stake_logic.go:178","msg":"HandleMarketBuyTx: inserted 1 records for txId=2x4qEUnieqHvtG69JwDKxNZdyakFeqhYNmckxNZe6C32g7sKzety7Ko4XUcaRdEZJcHyMz6hkcC1EpKyZ4TektkR"}
{"time":"2026-06-11T22:01:39.635777+08:00","level":"INFO","service":"pos-api","caller":"app/pos/api/internal/task/kafka.go:93","msg":"KafkaConsumerTask: 收到已扫描交易 service=pos subService=market buy token txID=3Pp4aHEjexRCp7bxbp8ATuA5mMB2Z34KjqD1kupJXhxEXZKCBz4ViGFYp5yz8L6ipJ61j1pTSXM7vpiTLKiZDJYd"}
{"time":"2026-06-11T22:01:39.635793+08:00","level":"INFO","service":"pos-api","caller":"app/pos/api/internal/logic/stake/stake_logic.go:144","msg":"HandleMarketBuyTx: txId=3Pp4aHEjexRCp7bxbp8ATuA5mMB2Z34KjqD1kupJXhxEXZKCBz4ViGFYp5yz8L6ipJ61j1pTSXM7vpiTLKiZDJYd"}
{"time":"2026-06-11T22:01:39.636844+08:00","level":"INFO","service":"pos-api","caller":"app/pos/api/internal/logic/stake/stake_logic.go:178","msg":"HandleMarketBuyTx: inserted 1 records for txId=3Pp4aHEjexRCp7bxbp8ATuA5mMB2Z34KjqD1kupJXhxEXZKCBz4ViGFYp5yz8L6ipJ61j1pTSXM7vpiTLKiZDJYd"}
{"time":"2026-06-11T22:01:39.6376+08:00","level":"INFO","service":"pos-api","caller":"app/pos/api/internal/task/kafka.go:93","msg":"KafkaConsumerTask: 收到已扫描交易 service=pos subService=market buy token txID=3wsoJ7XYm6rGzCJ6AmtR9Ardg6LQHoEyqYwi9yfNSnqF3bbSCTrApqF3DSyQ7NmSU8Rk25obqiNtyQccoxQck3We"}
{"time":"2026-06-11T22:01:39.63763+08:00","level":"INFO","service":"pos-api","caller":"app/pos/api/internal/logic/stake/stake_logic.go:144","msg":"HandleMarketBuyTx: txId=3wsoJ7XYm6rGzCJ6AmtR9Ardg6LQHoEyqYwi9yfNSnqF3bbSCTrApqF3DSyQ7NmSU8Rk25obqiNtyQccoxQck3We"}
{"time":"2026-06-11T22:01:39.639245+08:00","level":"INFO","service":"pos-api","caller":"app/pos/api/internal/logic/stake/stake_logic.go:178","msg":"HandleMarketBuyTx: inserted 1 records for txId=3wsoJ7XYm6rGzCJ6AmtR9Ardg6LQHoEyqYwi9yfNSnqF3bbSCTrApqF3DSyQ7NmSU8Rk25obqiNtyQccoxQck3We"}
{"time":"2026-06-11T22:01:39.640089+08:00","level":"INFO","service":"pos-api","caller":"app/pos/api/internal/task/kafka.go:93","msg":"KafkaConsumerTask: 收到已扫描交易 service=pos subService=market buy token txID=3gnpxZ4NLJxoxXM6w6FfQGj5ZYLnMHCnYYhDxPdMDpFyn1BVYYSLKrYC9gVh7C4U7xFL8KsRJTs1YhcJM3mUrRBA"}
{"time":"2026-06-11T22:01:39.640117+08:00","level":"INFO","service":"pos-api","caller":"app/pos/api/internal/logic/stake/stake_logic.go:144","msg":"HandleMarketBuyTx: txId=3gnpxZ4NLJxoxXM6w6FfQGj5ZYLnMHCnYYhDxPdMDpFyn1BVYYSLKrYC9gVh7C4U7xFL8KsRJTs1YhcJM3mUrRBA"}
{"time":"2026-06-11T22:01:39.64155+08:00","level":"INFO","service":"pos-api","caller":"app/pos/api/internal/logic/stake/stake_logic.go:178","msg":"HandleMarketBuyTx: inserted 1 records for txId=3gnpxZ4NLJxoxXM6w6FfQGj5ZYLnMHCnYYhDxPdMDpFyn1BVYYSLKrYC9gVh7C4U7xFL8KsRJTs1YhcJM3mUrRBA"}
{"time":"2026-06-11T22:01:39.642316+08:00","level":"INFO","service":"pos-api","caller":"app/pos/api/internal/task/kafka.go:93","msg":"KafkaConsumerTask: 收到已扫描交易 service=pos subService=market buy token txID=2cyEyxhiHtQz4aH34woSpqJ7tYbcRLdbB9oHmsepzNoPJjHqAtstWC4ujef2KsoEBwf1vVZTzoo8YPVqoyd229rW"}
{"time":"2026-06-11T22:01:39.642335+08:00","level":"INFO","service":"pos-api","caller":"app/pos/api/internal/logic/stake/stake_logic.go:144","msg":"HandleMarketBuyTx: txId=2cyEyxhiHtQz4aH34woSpqJ7tYbcRLdbB9oHmsepzNoPJjHqAtstWC4ujef2KsoEBwf1vVZTzoo8YPVqoyd229rW"}
{"time":"2026-06-11T22:01:39.643325+08:00","level":"INFO","service":"pos-api","caller":"app/pos/api/internal/logic/stake/stake_logic.go:178","msg":"HandleMarketBuyTx: inserted 1 records for txId=2cyEyxhiHtQz4aH34woSpqJ7tYbcRLdbB9oHmsepzNoPJjHqAtstWC4ujef2KsoEBwf1vVZTzoo8YPVqoyd229rW"}
{"time":"2026-06-11T22:01:39.643952+08:00","level":"INFO","service":"pos-api","caller":"app/pos/api/internal/task/kafka.go:93","msg":"KafkaConsumerTask: 收到已扫描交易 service=pos subService=market buy token txID=4aL6xAu9KaDkYrc79hsXubwiTQNKUmmNeL1gniquZ58EW31cKLHweTriKoacLj1z7jCxj6tvZomNJGy3WYWydaDh"}
{"time":"2026-06-11T22:01:39.643967+08:00","level":"INFO","service":"pos-api","caller":"app/pos/api/internal/logic/stake/stake_logic.go:144","msg":"HandleMarketBuyTx: txId=4aL6xAu9KaDkYrc79hsXubwiTQNKUmmNeL1gniquZ58EW31cKLHweTriKoacLj1z7jCxj6tvZomNJGy3WYWydaDh"}
{"time":"2026-06-11T22:01:39.645713+08:00","level":"INFO","service":"pos-api","caller":"app/pos/api/internal/logic/stake/stake_logic.go:178","msg":"HandleMarketBuyTx: inserted 1 records for txId=4aL6xAu9KaDkYrc79hsXubwiTQNKUmmNeL1gniquZ58EW31cKLHweTriKoacLj1z7jCxj6tvZomNJGy3WYWydaDh"}
{"time":"2026-06-11T22:01:39.646409+08:00","level":"INFO","service":"pos-api","caller":"app/pos/api/internal/task/kafka.go:93","msg":"KafkaConsumerTask: 收到已扫描交易 service=pos subService=market buy token txID=5Voz1HpyxLEswmJvP6Xe3TT9A1z6WsH77pXodLHuEZhEPkrFRMAoCbGrZZmnS2AGQjnoVb1z4ogxmXrs96LFJEVs"}
{"time":"2026-06-11T22:01:39.646424+08:00","level":"INFO","service":"pos-api","caller":"app/pos/api/internal/logic/stake/stake_logic.go:144","msg":"HandleMarketBuyTx: txId=5Voz1HpyxLEswmJvP6Xe3TT9A1z6WsH77pXodLHuEZhEPkrFRMAoCbGrZZmnS2AGQjnoVb1z4ogxmXrs96LFJEVs"}
{"time":"2026-06-11T22:01:39.647358+08:00","level":"INFO","service":"pos-api","caller":"app/pos/api/internal/logic/stake/stake_logic.go:178","msg":"HandleMarketBuyTx: inserted 1 records for txId=5Voz1HpyxLEswmJvP6Xe3TT9A1z6WsH77pXodLHuEZhEPkrFRMAoCbGrZZmnS2AGQjnoVb1z4ogxmXrs96LFJEVs"}
{"time":"2026-06-11T22:01:39.647913+08:00","level":"INFO","service":"pos-api","caller":"app/pos/api/internal/task/kafka.go:93","msg":"KafkaConsumerTask: 收到已扫描交易 service=pos subService=market buy token txID=44yKgtytKVLK6UxBgwFrEZbspEivzAqbixyEJFokEhovH21KCXWin6cjPoxmPVDGqbKWrXcMjNGissoBYbXBG4T1"}
{"time":"2026-06-11T22:01:39.647925+08:00","level":"INFO","service":"pos-api","caller":"app/pos/api/internal/logic/stake/stake_logic.go:144","msg":"HandleMarketBuyTx: txId=44yKgtytKVLK6UxBgwFrEZbspEivzAqbixyEJFokEhovH21KCXWin6cjPoxmPVDGqbKWrXcMjNGissoBYbXBG4T1"}
{"time":"2026-06-11T22:01:39.648857+08:00","level":"INFO","service":"pos-api","caller":"app/pos/api/internal/logic/stake/stake_logic.go:178","msg":"HandleMarketBuyTx: inserted 1 records for txId=44yKgtytKVLK6UxBgwFrEZbspEivzAqbixyEJFokEhovH21KCXWin6cjPoxmPVDGqbKWrXcMjNGissoBYbXBG4T1"}
{"time":"2026-06-11T22:01:39.64948+08:00","level":"INFO","service":"pos-api","caller":"app/pos/api/internal/task/kafka.go:93","msg":"KafkaConsumerTask: 收到已扫描交易 service=pos subService=market buy token txID=6tkHJXBWHe8Yxh99frFTtYF3cbXnCXLYVxQbvBgAyxMpDYgkwueVqVMDapRGjuAN8VpYiEkar8A86mNjPa6Qbn2"}
{"time":"2026-06-11T22:01:39.649494+08:00","level":"INFO","service":"pos-api","caller":"app/pos/api/internal/logic/stake/stake_logic.go:144","msg":"HandleMarketBuyTx: txId=6tkHJXBWHe8Yxh99frFTtYF3cbXnCXLYVxQbvBgAyxMpDYgkwueVqVMDapRGjuAN8VpYiEkar8A86mNjPa6Qbn2"}
{"time":"2026-06-11T22:01:39.650397+08:00","level":"INFO","service":"pos-api","caller":"app/pos/api/internal/logic/stake/stake_logic.go:178","msg":"HandleMarketBuyTx: inserted 1 records for txId=6tkHJXBWHe8Yxh99frFTtYF3cbXnCXLYVxQbvBgAyxMpDYgkwueVqVMDapRGjuAN8VpYiEkar8A86mNjPa6Qbn2"}
{"time":"2026-06-11T22:01:39.650976+08:00","level":"INFO","service":"pos-api","caller":"app/pos/api/internal/task/kafka.go:93","msg":"KafkaConsumerTask: 收到已扫描交易 service=pos subService=market buy token txID=33Fgww6AdJnMCXSXGre2rafEcH81STLRy7MGNdYGGG1jDPZsfVcxLpidbTRJZnTiYpczmFykecgdPaNPz93PzB3W"}
{"time":"2026-06-11T22:01:39.65099+08:00","level":"INFO","service":"pos-api","caller":"app/pos/api/internal/logic/stake/stake_logic.go:144","msg":"HandleMarketBuyTx: txId=33Fgww6AdJnMCXSXGre2rafEcH81STLRy7MGNdYGGG1jDPZsfVcxLpidbTRJZnTiYpczmFykecgdPaNPz93PzB3W"}
{"time":"2026-06-11T22:01:39.652664+08:00","level":"INFO","service":"pos-api","caller":"app/pos/api/internal/logic/stake/stake_logic.go:178","msg":"HandleMarketBuyTx: inserted 1 records for txId=33Fgww6AdJnMCXSXGre2rafEcH81STLRy7MGNdYGGG1jDPZsfVcxLpidbTRJZnTiYpczmFykecgdPaNPz93PzB3W"}
{"time":"2026-06-11T22:01:39.653457+08:00","level":"INFO","service":"pos-api","caller":"app/pos/api/internal/task/kafka.go:93","msg":"KafkaConsumerTask: 收到已扫描交易 service=pos subService=market buy token txID=4nR8mRmerkuYXaLPAFjD844St66MS6TLaj4qJ2qVJFwwCqs6DmBz1iiJfUma73JjvsprK8jwQ5dw9Tq8erffjFjV"}
{"time":"2026-06-11T22:01:39.653471+08:00","level":"INFO","service":"pos-api","caller":"app/pos/api/internal/logic/stake/stake_logic.go:144","msg":"HandleMarketBuyTx: txId=4nR8mRmerkuYXaLPAFjD844St66MS6TLaj4qJ2qVJFwwCqs6DmBz1iiJfUma73JjvsprK8jwQ5dw9Tq8erffjFjV"}
{"time":"2026-06-11T22:01:39.654586+08:00","level":"INFO","service":"pos-api","caller":"app/pos/api/internal/logic/stake/stake_logic.go:178","msg":"HandleMarketBuyTx: inserted 1 records for txId=4nR8mRmerkuYXaLPAFjD844St66MS6TLaj4qJ2qVJFwwCqs6DmBz1iiJfUma73JjvsprK8jwQ5dw9Tq8erffjFjV"}
{"time":"2026-06-11T22:01:39.655254+08:00","level":"INFO","service":"pos-api","caller":"app/pos/api/internal/task/kafka.go:93","msg":"KafkaConsumerTask: 收到已扫描交易 service=pos subService=market buy token txID=KZ3VivXLsvSbv5tkeBHLkBx7JQJjxPyQUGmTxTv5Ery4vyfYNe56AdHRcYihakceM1GnT2y1XqaSkSTNtgHrjuH"}
{"time":"2026-06-11T22:01:39.65527+08:00","level":"INFO","service":"pos-api","caller":"app/pos/api/internal/logic/stake/stake_logic.go:144","msg":"HandleMarketBuyTx: txId=KZ3VivXLsvSbv5tkeBHLkBx7JQJjxPyQUGmTxTv5Ery4vyfYNe56AdHRcYihakceM1GnT2y1XqaSkSTNtgHrjuH"}
{"time":"2026-06-11T22:01:39.656157+08:00","level":"INFO","service":"pos-api","caller":"app/pos/api/internal/logic/stake/stake_logic.go:178","msg":"HandleMarketBuyTx: inserted 1 records for txId=KZ3VivXLsvSbv5tkeBHLkBx7JQJjxPyQUGmTxTv5Ery4vyfYNe56AdHRcYihakceM1GnT2y1XqaSkSTNtgHrjuH"}
{"time":"2026-06-11T22:01:39.656755+08:00","level":"INFO","service":"pos-api","caller":"app/pos/api/internal/task/kafka.go:93","msg":"KafkaConsumerTask: 收到已扫描交易 service=pos subService=market buy token txID=4eeAwkMTz9qntj7QmKWWxMu1sSkox9i1zXmGEBAtf8UZ6CNCN9cGF3dyqvL9KP8LDkPoVrSuuVidCo5VAi4y6t9d"}
{"time":"2026-06-11T22:01:39.656776+08:00","level":"INFO","service":"pos-api","caller":"app/pos/api/internal/logic/stake/stake_logic.go:144","msg":"HandleMarketBuyTx: txId=4eeAwkMTz9qntj7QmKWWxMu1sSkox9i1zXmGEBAtf8UZ6CNCN9cGF3dyqvL9KP8LDkPoVrSuuVidCo5VAi4y6t9d"}
{"time":"2026-06-11T22:01:39.658055+08:00","level":"INFO","service":"pos-api","caller":"app/pos/api/internal/logic/stake/stake_logic.go:178","msg":"HandleMarketBuyTx: inserted 1 records for txId=4eeAwkMTz9qntj7QmKWWxMu1sSkox9i1zXmGEBAtf8UZ6CNCN9cGF3dyqvL9KP8LDkPoVrSuuVidCo5VAi4y6t9d"}
{"time":"2026-06-11T22:01:39.659145+08:00","level":"INFO","service":"pos-api","caller":"app/pos/api/internal/task/kafka.go:93","msg":"KafkaConsumerTask: 收到已扫描交易 service=pos subService=market buy token txID=2DenXTwETtmrUune5c9LuTsX7H5rk1WRZay8Hopa6dHW3KgFANVuNieX9VMtLswvmkxeJyfLe9ZHpxtTEx1svsQg"}
{"time":"2026-06-11T22:01:39.659179+08:00","level":"INFO","service":"pos-api","caller":"app/pos/api/internal/logic/stake/stake_logic.go:144","msg":"HandleMarketBuyTx: txId=2DenXTwETtmrUune5c9LuTsX7H5rk1WRZay8Hopa6dHW3KgFANVuNieX9VMtLswvmkxeJyfLe9ZHpxtTEx1svsQg"}
{"time":"2026-06-11T22:01:39.660228+08:00","level":"INFO","service":"pos-api","caller":"app/pos/api/internal/logic/stake/stake_logic.go:178","msg":"HandleMarketBuyTx: inserted 1 records for txId=2DenXTwETtmrUune5c9LuTsX7H5rk1WRZay8Hopa6dHW3KgFANVuNieX9VMtLswvmkxeJyfLe9ZHpxtTEx1svsQg"}
{"time":"2026-06-11T22:01:39.660869+08:00","level":"INFO","service":"pos-api","caller":"app/pos/api/internal/task/kafka.go:93","msg":"KafkaConsumerTask: 收到已扫描交易 service=pos subService=market buy token txID=4f259Kn5w5HAwyg61kRa83iRjytMYDbjNzc7v6gJFKnX8HtwkVC3dgBeLtBAc63xu4jd4PgzzRhT2RCB4Nvtcq4E"}
{"time":"2026-06-11T22:01:39.660888+08:00","level":"INFO","service":"pos-api","caller":"app/pos/api/internal/logic/stake/stake_logic.go:144","msg":"HandleMarketBuyTx: txId=4f259Kn5w5HAwyg61kRa83iRjytMYDbjNzc7v6gJFKnX8HtwkVC3dgBeLtBAc63xu4jd4PgzzRhT2RCB4Nvtcq4E"}
{"time":"2026-06-11T22:01:39.661799+08:00","level":"INFO","service":"pos-api","caller":"app/pos/api/internal/logic/stake/stake_logic.go:178","msg":"HandleMarketBuyTx: inserted 1 records for txId=4f259Kn5w5HAwyg61kRa83iRjytMYDbjNzc7v6gJFKnX8HtwkVC3dgBeLtBAc63xu4jd4PgzzRhT2RCB4Nvtcq4E"}
{"time":"2026-06-11T22:01:39.662307+08:00","level":"INFO","service":"pos-api","caller":"app/pos/api/internal/task/kafka.go:93","msg":"KafkaConsumerTask: 收到已扫描交易 service=pos subService=market buy token txID=2UsqcXhXL2EQqtNeM5StJ2h4KLUp5zL3TNYxo81YoefmztiT6NQHUs7UBxAgXM1zzGZ3fQawoFtSZJaLV9DR2jNu"}
{"time":"2026-06-11T22:01:39.662321+08:00","level":"INFO","service":"pos-api","caller":"app/pos/api/internal/logic/stake/stake_logic.go:144","msg":"HandleMarketBuyTx: txId=2UsqcXhXL2EQqtNeM5StJ2h4KLUp5zL3TNYxo81YoefmztiT6NQHUs7UBxAgXM1zzGZ3fQawoFtSZJaLV9DR2jNu"}
{"time":"2026-06-11T22:01:39.663119+08:00","level":"INFO","service":"pos-api","caller":"app/pos/api/internal/logic/stake/stake_logic.go:178","msg":"HandleMarketBuyTx: inserted 1 records for txId=2UsqcXhXL2EQqtNeM5StJ2h4KLUp5zL3TNYxo81YoefmztiT6NQHUs7UBxAgXM1zzGZ3fQawoFtSZJaLV9DR2jNu"}
{"time":"2026-06-11T22:01:39.663612+08:00","level":"INFO","service":"pos-api","caller":"app/pos/api/internal/task/kafka.go:93","msg":"KafkaConsumerTask: 收到已扫描交易 service=pos subService=market buy token txID=5PXpkNxKepJ5e961p59hZCXbMaqi2VZV4w3VPjFApgA9s2Ny9kiYtTa6dvQQfdT7mbtsxPyfWUCtxzp6W4BFHWqz"}
{"time":"2026-06-11T22:01:39.66363+08:00","level":"INFO","service":"pos-api","caller":"app/pos/api/internal/logic/stake/stake_logic.go:144","msg":"HandleMarketBuyTx: txId=5PXpkNxKepJ5e961p59hZCXbMaqi2VZV4w3VPjFApgA9s2Ny9kiYtTa6dvQQfdT7mbtsxPyfWUCtxzp6W4BFHWqz"}
{"time":"2026-06-11T22:01:39.664454+08:00","level":"INFO","service":"pos-api","caller":"app/pos/api/internal/logic/stake/stake_logic.go:178","msg":"HandleMarketBuyTx: inserted 1 records for txId=5PXpkNxKepJ5e961p59hZCXbMaqi2VZV4w3VPjFApgA9s2Ny9kiYtTa6dvQQfdT7mbtsxPyfWUCtxzp6W4BFHWqz"}
{"time":"2026-06-11T22:01:39.665346+08:00","level":"INFO","service":"pos-api","caller":"app/pos/api/internal/task/kafka.go:93","msg":"KafkaConsumerTask: 收到已扫描交易 service=pos subService=market buy token txID=4Mzwzy6UvoiSvK4SqEdB1dJs7fL3SW6tBMFiVmk7sUgAYW5xi4qZg8FVrkFScKTebJ7xBzYqPHJP1UiG4aP1W3pD"}
{"time":"2026-06-11T22:01:39.665365+08:00","level":"INFO","service":"pos-api","caller":"app/pos/api/internal/logic/stake/stake_logic.go:144","msg":"HandleMarketBuyTx: txId=4Mzwzy6UvoiSvK4SqEdB1dJs7fL3SW6tBMFiVmk7sUgAYW5xi4qZg8FVrkFScKTebJ7xBzYqPHJP1UiG4aP1W3pD"}
{"time":"2026-06-11T22:01:39.666845+08:00","level":"INFO","service":"pos-api","caller":"app/pos/api/internal/logic/stake/stake_logic.go:178","msg":"HandleMarketBuyTx: inserted 1 records for txId=4Mzwzy6UvoiSvK4SqEdB1dJs7fL3SW6tBMFiVmk7sUgAYW5xi4qZg8FVrkFScKTebJ7xBzYqPHJP1UiG4aP1W3pD"}
{"time":"2026-06-11T22:01:39.667429+08:00","level":"INFO","service":"pos-api","caller":"app/pos/api/internal/task/kafka.go:93","msg":"KafkaConsumerTask: 收到已扫描交易 service=pos subService=market buy token txID=2fBBj5FTj179bwvWN2w2xtGMVxsQRPae1b4rKXQDegjoqgWpccSJLcKUMTdLTBh58dP15Ji7DSKhoC7xzsnN8YEk"}
{"time":"2026-06-11T22:01:39.667441+08:00","level":"INFO","service":"pos-api","caller":"app/pos/api/internal/logic/stake/stake_logic.go:144","msg":"HandleMarketBuyTx: txId=2fBBj5FTj179bwvWN2w2xtGMVxsQRPae1b4rKXQDegjoqgWpccSJLcKUMTdLTBh58dP15Ji7DSKhoC7xzsnN8YEk"}
{"time":"2026-06-11T22:01:39.66824+08:00","level":"INFO","service":"pos-api","caller":"app/pos/api/internal/logic/stake/stake_logic.go:178","msg":"HandleMarketBuyTx: inserted 1 records for txId=2fBBj5FTj179bwvWN2w2xtGMVxsQRPae1b4rKXQDegjoqgWpccSJLcKUMTdLTBh58dP15Ji7DSKhoC7xzsnN8YEk"}
{"time":"2026-06-11T22:01:39.6687+08:00","level":"INFO","service":"pos-api","caller":"app/pos/api/internal/task/kafka.go:93","msg":"KafkaConsumerTask: 收到已扫描交易 service=pos subService=market buy token txID=2WkY83hCkqJCk81uwhwAtQhYp6hQqAjBjfi1jXvhtgQaJtLmz5yqAtKR3a5yDBFckhHJeueq7Cz74k7v5DfTFZTM"}
{"time":"2026-06-11T22:01:39.668711+08:00","level":"INFO","service":"pos-api","caller":"app/pos/api/internal/logic/stake/stake_logic.go:144","msg":"HandleMarketBuyTx: txId=2WkY83hCkqJCk81uwhwAtQhYp6hQqAjBjfi1jXvhtgQaJtLmz5yqAtKR3a5yDBFckhHJeueq7Cz74k7v5DfTFZTM"}
{"time":"2026-06-11T22:01:39.669569+08:00","level":"INFO","service":"pos-api","caller":"app/pos/api/internal/logic/stake/stake_logic.go:178","msg":"HandleMarketBuyTx: inserted 1 records for txId=2WkY83hCkqJCk81uwhwAtQhYp6hQqAjBjfi1jXvhtgQaJtLmz5yqAtKR3a5yDBFckhHJeueq7Cz74k7v5DfTFZTM"}
{"time":"2026-06-11T22:01:39.670004+08:00","level":"INFO","service":"pos-api","caller":"app/pos/api/internal/task/kafka.go:93","msg":"KafkaConsumerTask: 收到已扫描交易 service=pos subService=market buy token txID=3GbzGfega4RKDzVkB5BhXKEVWWcNH8v4raPJdRfJaFnFuwr8pyBHLKKA5JeRBhHrVP3RHAqcY4DhuK611h86qMzT"}
{"time":"2026-06-11T22:01:39.670014+08:00","level":"INFO","service":"pos-api","caller":"app/pos/api/internal/logic/stake/stake_logic.go:144","msg":"HandleMarketBuyTx: txId=3GbzGfega4RKDzVkB5BhXKEVWWcNH8v4raPJdRfJaFnFuwr8pyBHLKKA5JeRBhHrVP3RHAqcY4DhuK611h86qMzT"}
{"time":"2026-06-11T22:01:39.670759+08:00","level":"INFO","service":"pos-api","caller":"app/pos/api/internal/logic/stake/stake_logic.go:178","msg":"HandleMarketBuyTx: inserted 1 records for txId=3GbzGfega4RKDzVkB5BhXKEVWWcNH8v4raPJdRfJaFnFuwr8pyBHLKKA5JeRBhHrVP3RHAqcY4DhuK611h86qMzT"}
{"time":"2026-06-11T22:01:39.671215+08:00","level":"INFO","service":"pos-api","caller":"app/pos/api/internal/task/kafka.go:93","msg":"KafkaConsumerTask: 收到已扫描交易 service=pos subService=market buy token txID=4pDjccjT9bvCo97L3qYL5JEw86nbKjjXgSWLC1RoFPoASeXwAeZgUEC77iQqmkqraczYdkTQ2Www3V2Ner18B3gj"}
{"time":"2026-06-11T22:01:39.67123+08:00","level":"INFO","service":"pos-api","caller":"app/pos/api/internal/logic/stake/stake_logic.go:144","msg":"HandleMarketBuyTx: txId=4pDjccjT9bvCo97L3qYL5JEw86nbKjjXgSWLC1RoFPoASeXwAeZgUEC77iQqmkqraczYdkTQ2Www3V2Ner18B3gj"}
{"time":"2026-06-11T22:01:39.672917+08:00","level":"INFO","service":"pos-api","caller":"app/pos/api/internal/logic/stake/stake_logic.go:178","msg":"HandleMarketBuyTx: inserted 1 records for txId=4pDjccjT9bvCo97L3qYL5JEw86nbKjjXgSWLC1RoFPoASeXwAeZgUEC77iQqmkqraczYdkTQ2Www3V2Ner18B3gj"}
{"time":"2026-06-11T22:01:39.673563+08:00","level":"INFO","service":"pos-api","caller":"app/pos/api/internal/task/kafka.go:93","msg":"KafkaConsumerTask: 收到已扫描交易 service=pos subService=market buy token txID=4WyP2bo5MqatmSjAp7BV6Cg3dZs4tVXHbt4vXWnrvQSx1CFgKbRRGY76TMHPbRsAABGRf16rJQxS4izogr45aGNh"}
{"time":"2026-06-11T22:01:39.673576+08:00","level":"INFO","service":"pos-api","caller":"app/pos/api/internal/logic/stake/stake_logic.go:144","msg":"HandleMarketBuyTx: txId=4WyP2bo5MqatmSjAp7BV6Cg3dZs4tVXHbt4vXWnrvQSx1CFgKbRRGY76TMHPbRsAABGRf16rJQxS4izogr45aGNh"}
{"time":"2026-06-11T22:01:39.675231+08:00","level":"INFO","service":"pos-api","caller":"app/pos/api/internal/logic/stake/stake_logic.go:178","msg":"HandleMarketBuyTx: inserted 1 records for txId=4WyP2bo5MqatmSjAp7BV6Cg3dZs4tVXHbt4vXWnrvQSx1CFgKbRRGY76TMHPbRsAABGRf16rJQxS4izogr45aGNh"}
{"time":"2026-06-11T22:01:39.675705+08:00","level":"INFO","service":"pos-api","caller":"app/pos/api/internal/task/kafka.go:93","msg":"KafkaConsumerTask: 收到已扫描交易 service=pos subService=market buy token txID=5UBk4qvh5cqbu2vGf1y1B7jgW4WVDaMgqwzyC9J8jXKfnZibJtA8brRPZsiJW2YDyf3akDAsFALLVqxWTYvoLS8u"}
{"time":"2026-06-11T22:01:39.67572+08:00","level":"INFO","service":"pos-api","caller":"app/pos/api/internal/logic/stake/stake_logic.go:144","msg":"HandleMarketBuyTx: txId=5UBk4qvh5cqbu2vGf1y1B7jgW4WVDaMgqwzyC9J8jXKfnZibJtA8brRPZsiJW2YDyf3akDAsFALLVqxWTYvoLS8u"}
{"time":"2026-06-11T22:01:39.67654+08:00","level":"INFO","service":"pos-api","caller":"app/pos/api/internal/logic/stake/stake_logic.go:178","msg":"HandleMarketBuyTx: inserted 1 records for txId=5UBk4qvh5cqbu2vGf1y1B7jgW4WVDaMgqwzyC9J8jXKfnZibJtA8brRPZsiJW2YDyf3akDAsFALLVqxWTYvoLS8u"}
{"time":"2026-06-11T22:01:39.67704+08:00","level":"INFO","service":"pos-api","caller":"app/pos/api/internal/task/kafka.go:93","msg":"KafkaConsumerTask: 收到已扫描交易 service=pos subService=market buy token txID=2W9LeQEGS5hmKwLMnPHHJtSKEcqd4EwQtQRnNAfDSeW8nLVkaRBsGfgfL9USYmj52jnARR2XHuJFc7hVxy3HSoJF"}
{"time":"2026-06-11T22:01:39.677052+08:00","level":"INFO","service":"pos-api","caller":"app/pos/api/internal/logic/stake/stake_logic.go:144","msg":"HandleMarketBuyTx: txId=2W9LeQEGS5hmKwLMnPHHJtSKEcqd4EwQtQRnNAfDSeW8nLVkaRBsGfgfL9USYmj52jnARR2XHuJFc7hVxy3HSoJF"}
{"time":"2026-06-11T22:01:39.677892+08:00","level":"INFO","service":"pos-api","caller":"app/pos/api/internal/logic/stake/stake_logic.go:178","msg":"HandleMarketBuyTx: inserted 1 records for txId=2W9LeQEGS5hmKwLMnPHHJtSKEcqd4EwQtQRnNAfDSeW8nLVkaRBsGfgfL9USYmj52jnARR2XHuJFc7hVxy3HSoJF"}
{"time":"2026-06-11T22:01:39.678715+08:00","level":"INFO","service":"pos-api","caller":"app/pos/api/internal/task/kafka.go:93","msg":"KafkaConsumerTask: 收到已扫描交易 service=pos subService=market buy token txID=3B7U6EgGHZAtYc76xwpSTgmCmGeG8JWzu6Sxv4gduGb2cBz332rVXBdo4yVfwMx9kjjWFecv2RZUTDVpa34osbMd"}
{"time":"2026-06-11T22:01:39.678744+08:00","level":"INFO","service":"pos-api","caller":"app/pos/api/internal/logic/stake/stake_logic.go:144","msg":"HandleMarketBuyTx: txId=3B7U6EgGHZAtYc76xwpSTgmCmGeG8JWzu6Sxv4gduGb2cBz332rVXBdo4yVfwMx9kjjWFecv2RZUTDVpa34osbMd"}
{"time":"2026-06-11T22:01:39.680088+08:00","level":"INFO","service":"pos-api","caller":"app/pos/api/internal/logic/stake/stake_logic.go:178","msg":"HandleMarketBuyTx: inserted 1 records for txId=3B7U6EgGHZAtYc76xwpSTgmCmGeG8JWzu6Sxv4gduGb2cBz332rVXBdo4yVfwMx9kjjWFecv2RZUTDVpa34osbMd"}
{"time":"2026-06-11T22:01:39.680676+08:00","level":"INFO","service":"pos-api","caller":"app/pos/api/internal/task/kafka.go:93","msg":"KafkaConsumerTask: 收到已扫描交易 service=pos subService=market buy token txID=DkotkAXsDAsGtzHpggXckbLSosrpzBREKqyAzpYiCmyGM3uJMp7LseTjcSmMggPvWKA56WfbSQ3zBSdvq2QdxEr"}
{"time":"2026-06-11T22:01:39.680695+08:00","level":"INFO","service":"pos-api","caller":"app/pos/api/internal/logic/stake/stake_logic.go:144","msg":"HandleMarketBuyTx: txId=DkotkAXsDAsGtzHpggXckbLSosrpzBREKqyAzpYiCmyGM3uJMp7LseTjcSmMggPvWKA56WfbSQ3zBSdvq2QdxEr"}
{"time":"2026-06-11T22:01:39.681522+08:00","level":"INFO","service":"pos-api","caller":"app/pos/api/internal/logic/stake/stake_logic.go:178","msg":"HandleMarketBuyTx: inserted 1 records for txId=DkotkAXsDAsGtzHpggXckbLSosrpzBREKqyAzpYiCmyGM3uJMp7LseTjcSmMggPvWKA56WfbSQ3zBSdvq2QdxEr"}
{"time":"2026-06-11T22:01:39.682016+08:00","level":"INFO","service":"pos-api","caller":"app/pos/api/internal/task/kafka.go:93","msg":"KafkaConsumerTask: 收到已扫描交易 service=pos subService=market buy token txID=4zcz1cfJHfEFqc6JSaBDdUCdmjWDmac8fw3AtU7LkUJQx4cu6Hw2FzeDodVkmZy5PUTz9SGT1duK8KgWPsrz8KD4"}
{"time":"2026-06-11T22:01:39.682034+08:00","level":"INFO","service":"pos-api","caller":"app/pos/api/internal/logic/stake/stake_logic.go:144","msg":"HandleMarketBuyTx: txId=4zcz1cfJHfEFqc6JSaBDdUCdmjWDmac8fw3AtU7LkUJQx4cu6Hw2FzeDodVkmZy5PUTz9SGT1duK8KgWPsrz8KD4"}
{"time":"2026-06-11T22:01:39.682932+08:00","level":"INFO","service":"pos-api","caller":"app/pos/api/internal/logic/stake/stake_logic.go:178","msg":"HandleMarketBuyTx: inserted 1 records for txId=4zcz1cfJHfEFqc6JSaBDdUCdmjWDmac8fw3AtU7LkUJQx4cu6Hw2FzeDodVkmZy5PUTz9SGT1duK8KgWPsrz8KD4"}
{"time":"2026-06-11T22:01:39.683601+08:00","level":"INFO","service":"pos-api","caller":"app/pos/api/internal/task/kafka.go:93","msg":"KafkaConsumerTask: 收到已扫描交易 service=pos subService=market buy token txID=4rSTB685T2c8YUiWkRQpxp3z95ZCeJRMLWQA4k4ktMpYdU41kPtPFsQFRcUugPBHvT33LfKRjGsf15djonZqNb4G"}
{"time":"2026-06-11T22:01:39.683622+08:00","level":"INFO","service":"pos-api","caller":"app/pos/api/internal/logic/stake/stake_logic.go:144","msg":"HandleMarketBuyTx: txId=4rSTB685T2c8YUiWkRQpxp3z95ZCeJRMLWQA4k4ktMpYdU41kPtPFsQFRcUugPBHvT33LfKRjGsf15djonZqNb4G"}
{"time":"2026-06-11T22:01:39.684642+08:00","level":"INFO","service":"pos-api","caller":"app/pos/api/internal/logic/stake/stake_logic.go:178","msg":"HandleMarketBuyTx: inserted 1 records for txId=4rSTB685T2c8YUiWkRQpxp3z95ZCeJRMLWQA4k4ktMpYdU41kPtPFsQFRcUugPBHvT33LfKRjGsf15djonZqNb4G"}
{"time":"2026-06-11T22:01:39.685747+08:00","level":"INFO","service":"pos-api","caller":"app/pos/api/internal/task/kafka.go:93","msg":"KafkaConsumerTask: 收到已扫描交易 service=pos subService=market buy token txID=5tY8nsACS3jUcSVsdyvRrt5kKHsvGeszBW6dcqrLnUHJXrj7DnLwaCpodUtYRT6E4hjax5LAhej7gxTVkry4X5uJ"}
{"time":"2026-06-11T22:01:39.685792+08:00","level":"INFO","service":"pos-api","caller":"app/pos/api/internal/logic/stake/stake_logic.go:144","msg":"HandleMarketBuyTx: txId=5tY8nsACS3jUcSVsdyvRrt5kKHsvGeszBW6dcqrLnUHJXrj7DnLwaCpodUtYRT6E4hjax5LAhej7gxTVkry4X5uJ"}
{"time":"2026-06-11T22:01:39.686875+08:00","level":"INFO","service":"pos-api","caller":"app/pos/api/internal/logic/stake/stake_logic.go:178","msg":"HandleMarketBuyTx: inserted 1 records for txId=5tY8nsACS3jUcSVsdyvRrt5kKHsvGeszBW6dcqrLnUHJXrj7DnLwaCpodUtYRT6E4hjax5LAhej7gxTVkry4X5uJ"}
{"time":"2026-06-11T22:01:39.6874+08:00","level":"INFO","service":"pos-api","caller":"app/pos/api/internal/task/kafka.go:93","msg":"KafkaConsumerTask: 收到已扫描交易 service=pos subService=market buy token txID=43LygwXCd4tj41nhAtPXHLt7BnQuS69pvFsmHwCheek2SxZHeSgtWaP7eKAN7AgohmC55EXfedbwYfgHR5JB3Yqw"}
{"time":"2026-06-11T22:01:39.687412+08:00","level":"INFO","service":"pos-api","caller":"app/pos/api/internal/logic/stake/stake_logic.go:144","msg":"HandleMarketBuyTx: txId=43LygwXCd4tj41nhAtPXHLt7BnQuS69pvFsmHwCheek2SxZHeSgtWaP7eKAN7AgohmC55EXfedbwYfgHR5JB3Yqw"}
{"time":"2026-06-11T22:01:39.688201+08:00","level":"INFO","service":"pos-api","caller":"app/pos/api/internal/logic/stake/stake_logic.go:178","msg":"HandleMarketBuyTx: inserted 1 records for txId=43LygwXCd4tj41nhAtPXHLt7BnQuS69pvFsmHwCheek2SxZHeSgtWaP7eKAN7AgohmC55EXfedbwYfgHR5JB3Yqw"}
{"time":"2026-06-11T22:01:39.688605+08:00","level":"INFO","service":"pos-api","caller":"app/pos/api/internal/task/kafka.go:93","msg":"KafkaConsumerTask: 收到已扫描交易 service=pos subService=market buy token txID=65FFTNeKT6MEEe7koxwEU7D8exSSspahKa7nWyUd6cSBLMiu1whtiMwvUPzgBJM2TMh7HM6gnUFZiqEuSL8yCTM5"}
{"time":"2026-06-11T22:01:39.688619+08:00","level":"INFO","service":"pos-api","caller":"app/pos/api/internal/logic/stake/stake_logic.go:144","msg":"HandleMarketBuyTx: txId=65FFTNeKT6MEEe7koxwEU7D8exSSspahKa7nWyUd6cSBLMiu1whtiMwvUPzgBJM2TMh7HM6gnUFZiqEuSL8yCTM5"}
{"time":"2026-06-11T22:01:39.68936+08:00","level":"INFO","service":"pos-api","caller":"app/pos/api/internal/logic/stake/stake_logic.go:178","msg":"HandleMarketBuyTx: inserted 1 records for txId=65FFTNeKT6MEEe7koxwEU7D8exSSspahKa7nWyUd6cSBLMiu1whtiMwvUPzgBJM2TMh7HM6gnUFZiqEuSL8yCTM5"}
{"time":"2026-06-11T22:01:39.689778+08:00","level":"INFO","service":"pos-api","caller":"app/pos/api/internal/task/kafka.go:93","msg":"KafkaConsumerTask: 收到已扫描交易 service=pos subService=market buy token txID=5UrA7oSa7Yeg55N5eAyMihpmW1dJbHTjsD1ok9Caoi2msDjg9RBSS7R3fHmwk6HrWTkAmzLjXiHBwwd1opTcWxaV"}
{"time":"2026-06-11T22:01:39.689789+08:00","level":"INFO","service":"pos-api","caller":"app/pos/api/internal/logic/stake/stake_logic.go:144","msg":"HandleMarketBuyTx: txId=5UrA7oSa7Yeg55N5eAyMihpmW1dJbHTjsD1ok9Caoi2msDjg9RBSS7R3fHmwk6HrWTkAmzLjXiHBwwd1opTcWxaV"}
{"time":"2026-06-11T22:01:39.690629+08:00","level":"INFO","service":"pos-api","caller":"app/pos/api/internal/logic/stake/stake_logic.go:178","msg":"HandleMarketBuyTx: inserted 1 records for txId=5UrA7oSa7Yeg55N5eAyMihpmW1dJbHTjsD1ok9Caoi2msDjg9RBSS7R3fHmwk6HrWTkAmzLjXiHBwwd1opTcWxaV"}
{"time":"2026-06-11T22:01:39.691237+08:00","level":"INFO","service":"pos-api","caller":"app/pos/api/internal/task/kafka.go:93","msg":"KafkaConsumerTask: 收到已扫描交易 service=pos subService=market buy token txID=4hGRHq45wsprXefvwDsHVa2jyJYSEo1NQKeHG8q4yfpXA6cbVNJKPMkwhMb1XFRhY4bf21EmkM9B3UruJLV6dsi9"}
{"time":"2026-06-11T22:01:39.691255+08:00","level":"INFO","service":"pos-api","caller":"app/pos/api/internal/logic/stake/stake_logic.go:144","msg":"HandleMarketBuyTx: txId=4hGRHq45wsprXefvwDsHVa2jyJYSEo1NQKeHG8q4yfpXA6cbVNJKPMkwhMb1XFRhY4bf21EmkM9B3UruJLV6dsi9"}
{"time":"2026-06-11T22:01:39.692826+08:00","level":"INFO","service":"pos-api","caller":"app/pos/api/internal/logic/stake/stake_logic.go:178","msg":"HandleMarketBuyTx: inserted 1 records for txId=4hGRHq45wsprXefvwDsHVa2jyJYSEo1NQKeHG8q4yfpXA6cbVNJKPMkwhMb1XFRhY4bf21EmkM9B3UruJLV6dsi9"}
{"time":"2026-06-11T22:01:39.693425+08:00","level":"INFO","service":"pos-api","caller":"app/pos/api/internal/task/kafka.go:93","msg":"KafkaConsumerTask: 收到已扫描交易 service=pos subService=market buy token txID=3HPKN3pxjEc6NDmiEVQQif9Rq37KkTvxz8iBLC1RQEeLFPMdbjDSvomJYrMCckULR9UCSagF28fA9JAbmUYRY7Mx"}
{"time":"2026-06-11T22:01:39.693439+08:00","level":"INFO","service":"pos-api","caller":"app/pos/api/internal/logic/stake/stake_logic.go:144","msg":"HandleMarketBuyTx: txId=3HPKN3pxjEc6NDmiEVQQif9Rq37KkTvxz8iBLC1RQEeLFPMdbjDSvomJYrMCckULR9UCSagF28fA9JAbmUYRY7Mx"}
{"time":"2026-06-11T22:01:39.69434+08:00","level":"INFO","service":"pos-api","caller":"app/pos/api/internal/logic/stake/stake_logic.go:178","msg":"HandleMarketBuyTx: inserted 1 records for txId=3HPKN3pxjEc6NDmiEVQQif9Rq37KkTvxz8iBLC1RQEeLFPMdbjDSvomJYrMCckULR9UCSagF28fA9JAbmUYRY7Mx"}
{"time":"2026-06-11T22:01:39.694796+08:00","level":"INFO","service":"pos-api","caller":"app/pos/api/internal/task/kafka.go:93","msg":"KafkaConsumerTask: 收到已扫描交易 service=pos subService=market buy token txID=42iDfB2w3pdKUqJx73aigXx9UYGevTa12ZdwNRmnWKuxm5FhYjafU5SgzqHrm2AufQ8BPWj77vyHqurSpdakfJDh"}
{"time":"2026-06-11T22:01:39.694812+08:00","level":"INFO","service":"pos-api","caller":"app/pos/api/internal/logic/stake/stake_logic.go:144","msg":"HandleMarketBuyTx: txId=42iDfB2w3pdKUqJx73aigXx9UYGevTa12ZdwNRmnWKuxm5FhYjafU5SgzqHrm2AufQ8BPWj77vyHqurSpdakfJDh"}
{"time":"2026-06-11T22:01:39.695717+08:00","level":"INFO","service":"pos-api","caller":"app/pos/api/internal/logic/stake/stake_logic.go:178","msg":"HandleMarketBuyTx: inserted 1 records for txId=42iDfB2w3pdKUqJx73aigXx9UYGevTa12ZdwNRmnWKuxm5FhYjafU5SgzqHrm2AufQ8BPWj77vyHqurSpdakfJDh"}
{"time":"2026-06-11T22:01:39.696165+08:00","level":"INFO","service":"pos-api","caller":"app/pos/api/internal/task/kafka.go:93","msg":"KafkaConsumerTask: 收到已扫描交易 service=pos subService=market buy token txID=5Krj58SgANYVzzKTJF44uupRPJF3yhEXrBJGZidiuD4vBvVgRYrE1Dv4anQvN7QxGVMC1V2u2yEjZTvwAvorZCJR"}
{"time":"2026-06-11T22:01:39.696176+08:00","level":"INFO","service":"pos-api","caller":"app/pos/api/internal/logic/stake/stake_logic.go:144","msg":"HandleMarketBuyTx: txId=5Krj58SgANYVzzKTJF44uupRPJF3yhEXrBJGZidiuD4vBvVgRYrE1Dv4anQvN7QxGVMC1V2u2yEjZTvwAvorZCJR"}
{"time":"2026-06-11T22:01:39.697123+08:00","level":"INFO","service":"pos-api","caller":"app/pos/api/internal/logic/stake/stake_logic.go:178","msg":"HandleMarketBuyTx: inserted 1 records for txId=5Krj58SgANYVzzKTJF44uupRPJF3yhEXrBJGZidiuD4vBvVgRYrE1Dv4anQvN7QxGVMC1V2u2yEjZTvwAvorZCJR"}
{"time":"2026-06-11T22:01:39.697638+08:00","level":"INFO","service":"pos-api","caller":"app/pos/api/internal/task/kafka.go:93","msg":"KafkaConsumerTask: 收到已扫描交易 service=pos subService=market buy token txID=3hKyHFbxkuHRniKnxSZKnEsjdoHVhz323zoktajS862oNrxAydCiKuumb4qfFi4oHwv9t4d6Y3yZUXjWeDLyACAh"}
{"time":"2026-06-11T22:01:39.697649+08:00","level":"INFO","service":"pos-api","caller":"app/pos/api/internal/logic/stake/stake_logic.go:144","msg":"HandleMarketBuyTx: txId=3hKyHFbxkuHRniKnxSZKnEsjdoHVhz323zoktajS862oNrxAydCiKuumb4qfFi4oHwv9t4d6Y3yZUXjWeDLyACAh"}
{"time":"2026-06-11T22:01:39.699178+08:00","level":"INFO","service":"pos-api","caller":"app/pos/api/internal/logic/stake/stake_logic.go:178","msg":"HandleMarketBuyTx: inserted 1 records for txId=3hKyHFbxkuHRniKnxSZKnEsjdoHVhz323zoktajS862oNrxAydCiKuumb4qfFi4oHwv9t4d6Y3yZUXjWeDLyACAh"}
{"time":"2026-06-11T22:01:39.699823+08:00","level":"INFO","service":"pos-api","caller":"app/pos/api/internal/task/kafka.go:93","msg":"KafkaConsumerTask: 收到已扫描交易 service=pos subService=market buy token txID=5EEACTDPLjMxUQ8WdVHiXGh5yBjjKz94U4RUZu5zVkAkdp61mPHVYuurqjsKWdSBDtxSFbEqkU6xQm4V4JgpQsQd"}
{"time":"2026-06-11T22:01:39.699835+08:00","level":"INFO","service":"pos-api","caller":"app/pos/api/internal/logic/stake/stake_logic.go:144","msg":"HandleMarketBuyTx: txId=5EEACTDPLjMxUQ8WdVHiXGh5yBjjKz94U4RUZu5zVkAkdp61mPHVYuurqjsKWdSBDtxSFbEqkU6xQm4V4JgpQsQd"}
{"time":"2026-06-11T22:01:39.700787+08:00","level":"INFO","service":"pos-api","caller":"app/pos/api/internal/logic/stake/stake_logic.go:178","msg":"HandleMarketBuyTx: inserted 1 records for txId=5EEACTDPLjMxUQ8WdVHiXGh5yBjjKz94U4RUZu5zVkAkdp61mPHVYuurqjsKWdSBDtxSFbEqkU6xQm4V4JgpQsQd"}
{"time":"2026-06-11T22:01:39.701237+08:00","level":"INFO","service":"pos-api","caller":"app/pos/api/internal/task/kafka.go:93","msg":"KafkaConsumerTask: 收到已扫描交易 service=pos subService=market buy token txID=65kGp8R8mFTS1TdqbbwDYdAymuHxouMSrBwnDrNSoV7Q5DGJp64MsvCBFYjQ2Jk6731BCuJ1zYab9C62fQ6tW12v"}
{"time":"2026-06-11T22:01:39.701259+08:00","level":"INFO","service":"pos-api","caller":"app/pos/api/internal/logic/stake/stake_logic.go:144","msg":"HandleMarketBuyTx: txId=65kGp8R8mFTS1TdqbbwDYdAymuHxouMSrBwnDrNSoV7Q5DGJp64MsvCBFYjQ2Jk6731BCuJ1zYab9C62fQ6tW12v"}
{"time":"2026-06-11T22:01:39.702059+08:00","level":"INFO","service":"pos-api","caller":"app/pos/api/internal/logic/stake/stake_logic.go:178","msg":"HandleMarketBuyTx: inserted 1 records for txId=65kGp8R8mFTS1TdqbbwDYdAymuHxouMSrBwnDrNSoV7Q5DGJp64MsvCBFYjQ2Jk6731BCuJ1zYab9C62fQ6tW12v"}
{"time":"2026-06-11T22:01:39.702545+08:00","level":"INFO","service":"pos-api","caller":"app/pos/api/internal/task/kafka.go:93","msg":"KafkaConsumerTask: 收到已扫描交易 service=pos subService=market buy token txID=FC9EidNb8MjX9SoAdgtkmXjb39Wj6pbT8agaxyrn3fxAkgRV5QxYGZGRMUM5YuVCjctcxKrTiiFgJ6F1r14exTk"}
{"time":"2026-06-11T22:01:39.702558+08:00","level":"INFO","service":"pos-api","caller":"app/pos/api/internal/logic/stake/stake_logic.go:144","msg":"HandleMarketBuyTx: txId=FC9EidNb8MjX9SoAdgtkmXjb39Wj6pbT8agaxyrn3fxAkgRV5QxYGZGRMUM5YuVCjctcxKrTiiFgJ6F1r14exTk"}
{"time":"2026-06-11T22:01:39.70333+08:00","level":"INFO","service":"pos-api","caller":"app/pos/api/internal/logic/stake/stake_logic.go:178","msg":"HandleMarketBuyTx: inserted 1 records for txId=FC9EidNb8MjX9SoAdgtkmXjb39Wj6pbT8agaxyrn3fxAkgRV5QxYGZGRMUM5YuVCjctcxKrTiiFgJ6F1r14exTk"}
{"time":"2026-06-11T22:01:39.703757+08:00","level":"INFO","service":"pos-api","caller":"app/pos/api/internal/task/kafka.go:93","msg":"KafkaConsumerTask: 收到已扫描交易 service=pos subService=market buy token txID=4hnR6KFM9aTPJJiDEjbzAmdSxwvsko9G9DxXMeLACexK7vP9u4RPrgZDt4XR8RzSpJwY9nRWwmvn4L2zGu5SKFSD"}
{"time":"2026-06-11T22:01:39.703771+08:00","level":"INFO","service":"pos-api","caller":"app/pos/api/internal/logic/stake/stake_logic.go:144","msg":"HandleMarketBuyTx: txId=4hnR6KFM9aTPJJiDEjbzAmdSxwvsko9G9DxXMeLACexK7vP9u4RPrgZDt4XR8RzSpJwY9nRWwmvn4L2zGu5SKFSD"}
{"time":"2026-06-11T22:01:39.704646+08:00","level":"INFO","service":"pos-api","caller":"app/pos/api/internal/logic/stake/stake_logic.go:178","msg":"HandleMarketBuyTx: inserted 1 records for txId=4hnR6KFM9aTPJJiDEjbzAmdSxwvsko9G9DxXMeLACexK7vP9u4RPrgZDt4XR8RzSpJwY9nRWwmvn4L2zGu5SKFSD"}
{"time":"2026-06-11T22:01:39.705644+08:00","level":"INFO","service":"pos-api","caller":"app/pos/api/internal/task/kafka.go:93","msg":"KafkaConsumerTask: 收到已扫描交易 service=pos subService=market buy token txID=2cb493xTHRqqhf9Kj4FKq2nW2Zh835fn9cQh2uWKPSjYYspEeDwrnKfirD8TEFkVNjv2pQx2PcTaRNHEYBM6NrJn"}
{"time":"2026-06-11T22:01:39.705674+08:00","level":"INFO","service":"pos-api","caller":"app/pos/api/internal/logic/stake/stake_logic.go:144","msg":"HandleMarketBuyTx: txId=2cb493xTHRqqhf9Kj4FKq2nW2Zh835fn9cQh2uWKPSjYYspEeDwrnKfirD8TEFkVNjv2pQx2PcTaRNHEYBM6NrJn"}
{"time":"2026-06-11T22:01:39.706798+08:00","level":"INFO","service":"pos-api","caller":"app/pos/api/internal/logic/stake/stake_logic.go:178","msg":"HandleMarketBuyTx: inserted 1 records for txId=2cb493xTHRqqhf9Kj4FKq2nW2Zh835fn9cQh2uWKPSjYYspEeDwrnKfirD8TEFkVNjv2pQx2PcTaRNHEYBM6NrJn"}
{"time":"2026-06-11T22:01:39.707502+08:00","level":"INFO","service":"pos-api","caller":"app/pos/api/internal/task/kafka.go:93","msg":"KafkaConsumerTask: 收到已扫描交易 service=pos subService=market buy token txID=3p1Px5uB6ZkQqMNRrSyXSPrWMxSHcNvGUgYX34V2xib3rV8KJbYxYxoGF5hiWdDmpLHU7R9yS7LdBFM2UdnNboQR"}
{"time":"2026-06-11T22:01:39.707517+08:00","level":"INFO","service":"pos-api","caller":"app/pos/api/internal/logic/stake/stake_logic.go:144","msg":"HandleMarketBuyTx: txId=3p1Px5uB6ZkQqMNRrSyXSPrWMxSHcNvGUgYX34V2xib3rV8KJbYxYxoGF5hiWdDmpLHU7R9yS7LdBFM2UdnNboQR"}
{"time":"2026-06-11T22:01:39.708448+08:00","level":"INFO","service":"pos-api","caller":"app/pos/api/internal/logic/stake/stake_logic.go:178","msg":"HandleMarketBuyTx: inserted 1 records for txId=3p1Px5uB6ZkQqMNRrSyXSPrWMxSHcNvGUgYX34V2xib3rV8KJbYxYxoGF5hiWdDmpLHU7R9yS7LdBFM2UdnNboQR"}
{"time":"2026-06-11T22:01:39.709027+08:00","level":"INFO","service":"pos-api","caller":"app/pos/api/internal/task/kafka.go:93","msg":"KafkaConsumerTask: 收到已扫描交易 service=pos subService=market buy token txID=31ogtiFq4aoEe8hKmKhrSxKDvJmjf4wL6Y3wVuTUJQz29xSpJJhpsC682MRhphUcWq1ngVNjftkJb5qGj7K79P3X"}
{"time":"2026-06-11T22:01:39.709049+08:00","level":"INFO","service":"pos-api","caller":"app/pos/api/internal/logic/stake/stake_logic.go:144","msg":"HandleMarketBuyTx: txId=31ogtiFq4aoEe8hKmKhrSxKDvJmjf4wL6Y3wVuTUJQz29xSpJJhpsC682MRhphUcWq1ngVNjftkJb5qGj7K79P3X"}
{"time":"2026-06-11T22:01:39.709852+08:00","level":"INFO","service":"pos-api","caller":"app/pos/api/internal/logic/stake/stake_logic.go:178","msg":"HandleMarketBuyTx: inserted 1 records for txId=31ogtiFq4aoEe8hKmKhrSxKDvJmjf4wL6Y3wVuTUJQz29xSpJJhpsC682MRhphUcWq1ngVNjftkJb5qGj7K79P3X"}
{"time":"2026-06-11T22:01:39.710307+08:00","level":"INFO","service":"pos-api","caller":"app/pos/api/internal/task/kafka.go:93","msg":"KafkaConsumerTask: 收到已扫描交易 service=pos subService=market buy token txID=2y2XotfFUoN7v3dMYCWPRFhVsvPohwcUayx5gYkJby2ocyBrkYBxroytK3Ar3XZCaMcpsNj6nABJ3JohT6MEknnz"}
{"time":"2026-06-11T22:01:39.710318+08:00","level":"INFO","service":"pos-api","caller":"app/pos/api/internal/logic/stake/stake_logic.go:144","msg":"HandleMarketBuyTx: txId=2y2XotfFUoN7v3dMYCWPRFhVsvPohwcUayx5gYkJby2ocyBrkYBxroytK3Ar3XZCaMcpsNj6nABJ3JohT6MEknnz"}
{"time":"2026-06-11T22:01:39.711069+08:00","level":"INFO","service":"pos-api","caller":"app/pos/api/internal/logic/stake/stake_logic.go:178","msg":"HandleMarketBuyTx: inserted 1 records for txId=2y2XotfFUoN7v3dMYCWPRFhVsvPohwcUayx5gYkJby2ocyBrkYBxroytK3Ar3XZCaMcpsNj6nABJ3JohT6MEknnz"}
{"time":"2026-06-11T22:01:39.711881+08:00","level":"INFO","service":"pos-api","caller":"app/pos/api/internal/task/kafka.go:93","msg":"KafkaConsumerTask: 收到已扫描交易 service=pos subService=market buy token txID=2X1n7Zsa64v6VGhpLLxoKr7gpfKS8auMVLAcwPrHBkBBGXQrgASKiTpXvMgX4zHKESx115bndsqWohdjt2kixA5U"}
{"time":"2026-06-11T22:01:39.7119+08:00","level":"INFO","service":"pos-api","caller":"app/pos/api/internal/logic/stake/stake_logic.go:144","msg":"HandleMarketBuyTx: txId=2X1n7Zsa64v6VGhpLLxoKr7gpfKS8auMVLAcwPrHBkBBGXQrgASKiTpXvMgX4zHKESx115bndsqWohdjt2kixA5U"}
{"time":"2026-06-11T22:01:39.713147+08:00","level":"INFO","service":"pos-api","caller":"app/pos/api/internal/logic/stake/stake_logic.go:178","msg":"HandleMarketBuyTx: inserted 1 records for txId=2X1n7Zsa64v6VGhpLLxoKr7gpfKS8auMVLAcwPrHBkBBGXQrgASKiTpXvMgX4zHKESx115bndsqWohdjt2kixA5U"}
{"time":"2026-06-11T22:01:39.713781+08:00","level":"INFO","service":"pos-api","caller":"app/pos/api/internal/task/kafka.go:93","msg":"KafkaConsumerTask: 收到已扫描交易 service=pos subService=market buy token txID=5rNgzCXsJfWJGHw8GxbYwkFbMvc48uBYbfP6jye9LTN2aaeCrwMWxReH9pP1ASjtCVx1W4o4eyN3fr3arovsiWUj"}
{"time":"2026-06-11T22:01:39.713793+08:00","level":"INFO","service":"pos-api","caller":"app/pos/api/internal/logic/stake/stake_logic.go:144","msg":"HandleMarketBuyTx: txId=5rNgzCXsJfWJGHw8GxbYwkFbMvc48uBYbfP6jye9LTN2aaeCrwMWxReH9pP1ASjtCVx1W4o4eyN3fr3arovsiWUj"}
{"time":"2026-06-11T22:01:39.714562+08:00","level":"INFO","service":"pos-api","caller":"app/pos/api/internal/logic/stake/stake_logic.go:178","msg":"HandleMarketBuyTx: inserted 1 records for txId=5rNgzCXsJfWJGHw8GxbYwkFbMvc48uBYbfP6jye9LTN2aaeCrwMWxReH9pP1ASjtCVx1W4o4eyN3fr3arovsiWUj"}
{"time":"2026-06-11T22:01:39.715027+08:00","level":"INFO","service":"pos-api","caller":"app/pos/api/internal/task/kafka.go:93","msg":"KafkaConsumerTask: 收到已扫描交易 service=pos subService=market buy token txID=4C8TMKJK5wNvMFdDwXfyBBoTQLvDysscSAjyD4T6qKJge2hkqpLLMmZckQDVA3dFVBwiJhrmvkJZJLr2mVCLh9t3"}
{"time":"2026-06-11T22:01:39.715039+08:00","level":"INFO","service":"pos-api","caller":"app/pos/api/internal/logic/stake/stake_logic.go:144","msg":"HandleMarketBuyTx: txId=4C8TMKJK5wNvMFdDwXfyBBoTQLvDysscSAjyD4T6qKJge2hkqpLLMmZckQDVA3dFVBwiJhrmvkJZJLr2mVCLh9t3"}
{"time":"2026-06-11T22:01:39.715907+08:00","level":"INFO","service":"pos-api","caller":"app/pos/api/internal/logic/stake/stake_logic.go:178","msg":"HandleMarketBuyTx: inserted 1 records for txId=4C8TMKJK5wNvMFdDwXfyBBoTQLvDysscSAjyD4T6qKJge2hkqpLLMmZckQDVA3dFVBwiJhrmvkJZJLr2mVCLh9t3"}
{"time":"2026-06-11T22:01:39.716397+08:00","level":"INFO","service":"pos-api","caller":"app/pos/api/internal/task/kafka.go:93","msg":"KafkaConsumerTask: 收到已扫描交易 service=pos subService=market buy token txID=PLFHHeAZ5fszuTCy1CxWEnxh7CvQJoc6YaoeX2QHTwb18XsZyRkyEAbWcBKarcXdWz1WbAgcBHAPJ38KTs2B51R"}
{"time":"2026-06-11T22:01:39.71641+08:00","level":"INFO","service":"pos-api","caller":"app/pos/api/internal/logic/stake/stake_logic.go:144","msg":"HandleMarketBuyTx: txId=PLFHHeAZ5fszuTCy1CxWEnxh7CvQJoc6YaoeX2QHTwb18XsZyRkyEAbWcBKarcXdWz1WbAgcBHAPJ38KTs2B51R"}
{"time":"2026-06-11T22:01:39.717215+08:00","level":"INFO","service":"pos-api","caller":"app/pos/api/internal/logic/stake/stake_logic.go:178","msg":"HandleMarketBuyTx: inserted 1 records for txId=PLFHHeAZ5fszuTCy1CxWEnxh7CvQJoc6YaoeX2QHTwb18XsZyRkyEAbWcBKarcXdWz1WbAgcBHAPJ38KTs2B51R"}
{"time":"2026-06-11T22:01:39.717627+08:00","level":"INFO","service":"pos-api","caller":"app/pos/api/internal/task/kafka.go:93","msg":"KafkaConsumerTask: 收到已扫描交易 service=pos subService=market buy token txID=63g39LhsGZKVhjd5v5fWt5V7YPokY3ikfNCP3aQyLbzAozLf2p7YPteetBkihReDm1Eugv8feTb65SBPiyneDB4h"}
{"time":"2026-06-11T22:01:39.717646+08:00","level":"INFO","service":"pos-api","caller":"app/pos/api/internal/logic/stake/stake_logic.go:144","msg":"HandleMarketBuyTx: txId=63g39LhsGZKVhjd5v5fWt5V7YPokY3ikfNCP3aQyLbzAozLf2p7YPteetBkihReDm1Eugv8feTb65SBPiyneDB4h"}
{"time":"2026-06-11T22:01:39.719223+08:00","level":"INFO","service":"pos-api","caller":"app/pos/api/internal/logic/stake/stake_logic.go:178","msg":"HandleMarketBuyTx: inserted 1 records for txId=63g39LhsGZKVhjd5v5fWt5V7YPokY3ikfNCP3aQyLbzAozLf2p7YPteetBkihReDm1Eugv8feTb65SBPiyneDB4h"}
{"time":"2026-06-11T22:01:39.719807+08:00","level":"INFO","service":"pos-api","caller":"app/pos/api/internal/task/kafka.go:93","msg":"KafkaConsumerTask: 收到已扫描交易 service=pos subService=market buy token txID=cjdDVrQnKUSS2w7oKq3p3Cd5giHkBu7krtbdcoNv36WLoBbdyH9y7bQvRMtuPneaNaBS8yD7vY7kbiBuKmvqJba"}
{"time":"2026-06-11T22:01:39.719821+08:00","level":"INFO","service":"pos-api","caller":"app/pos/api/internal/logic/stake/stake_logic.go:144","msg":"HandleMarketBuyTx: txId=cjdDVrQnKUSS2w7oKq3p3Cd5giHkBu7krtbdcoNv36WLoBbdyH9y7bQvRMtuPneaNaBS8yD7vY7kbiBuKmvqJba"}
{"time":"2026-06-11T22:01:39.720685+08:00","level":"INFO","service":"pos-api","caller":"app/pos/api/internal/logic/stake/stake_logic.go:178","msg":"HandleMarketBuyTx: inserted 1 records for txId=cjdDVrQnKUSS2w7oKq3p3Cd5giHkBu7krtbdcoNv36WLoBbdyH9y7bQvRMtuPneaNaBS8yD7vY7kbiBuKmvqJba"}
{"time":"2026-06-11T22:01:39.721418+08:00","level":"INFO","service":"pos-api","caller":"app/pos/api/internal/task/kafka.go:93","msg":"KafkaConsumerTask: 收到已扫描交易 service=pos subService=market buy token txID=zj1VRaLkGNSGFTueSh7BScDNtz3KYLNM3T3ZwTDLa4BFpqccuwGMhweart2gRojyAHdFNToi7HsJybUaydFqBAz"}
{"time":"2026-06-11T22:01:39.721434+08:00","level":"INFO","service":"pos-api","caller":"app/pos/api/internal/logic/stake/stake_logic.go:144","msg":"HandleMarketBuyTx: txId=zj1VRaLkGNSGFTueSh7BScDNtz3KYLNM3T3ZwTDLa4BFpqccuwGMhweart2gRojyAHdFNToi7HsJybUaydFqBAz"}
{"time":"2026-06-11T22:01:39.722752+08:00","level":"INFO","service":"pos-api","caller":"app/pos/api/internal/logic/stake/stake_logic.go:178","msg":"HandleMarketBuyTx: inserted 1 records for txId=zj1VRaLkGNSGFTueSh7BScDNtz3KYLNM3T3ZwTDLa4BFpqccuwGMhweart2gRojyAHdFNToi7HsJybUaydFqBAz"}
{"time":"2026-06-11T22:01:39.72318+08:00","level":"INFO","service":"pos-api","caller":"app/pos/api/internal/task/kafka.go:93","msg":"KafkaConsumerTask: 收到已扫描交易 service=pos subService=market buy token txID=4FnRkNSVt3GVtfqf3jKFb92kz3RqvSLNsgBhRTn5PSS92rznSpVKzhVLsQ1e15pyYbZfJXjJDPcnXbhm8BgWEKZ1"}
{"time":"2026-06-11T22:01:39.723193+08:00","level":"INFO","service":"pos-api","caller":"app/pos/api/internal/logic/stake/stake_logic.go:144","msg":"HandleMarketBuyTx: txId=4FnRkNSVt3GVtfqf3jKFb92kz3RqvSLNsgBhRTn5PSS92rznSpVKzhVLsQ1e15pyYbZfJXjJDPcnXbhm8BgWEKZ1"}
{"time":"2026-06-11T22:01:39.724038+08:00","level":"INFO","service":"pos-api","caller":"app/pos/api/internal/logic/stake/stake_logic.go:178","msg":"HandleMarketBuyTx: inserted 1 records for txId=4FnRkNSVt3GVtfqf3jKFb92kz3RqvSLNsgBhRTn5PSS92rznSpVKzhVLsQ1e15pyYbZfJXjJDPcnXbhm8BgWEKZ1"}
{"time":"2026-06-11T22:01:39.724537+08:00","level":"INFO","service":"pos-api","caller":"app/pos/api/internal/task/kafka.go:93","msg":"KafkaConsumerTask: 收到已扫描交易 service=pos subService=market buy token txID=5goRhrfGNgipevegm86479UdcmPXhwUqKfbFict5pNZEZhATAknU43fNs6RrHUZVqMxZvB7vVwDNQkJdzJzu5gdb"}
{"time":"2026-06-11T22:01:39.724555+08:00","level":"INFO","service":"pos-api","caller":"app/pos/api/internal/logic/stake/stake_logic.go:144","msg":"HandleMarketBuyTx: txId=5goRhrfGNgipevegm86479UdcmPXhwUqKfbFict5pNZEZhATAknU43fNs6RrHUZVqMxZvB7vVwDNQkJdzJzu5gdb"}
{"time":"2026-06-11T22:01:39.726309+08:00","level":"INFO","service":"pos-api","caller":"app/pos/api/internal/logic/stake/stake_logic.go:178","msg":"HandleMarketBuyTx: inserted 1 records for txId=5goRhrfGNgipevegm86479UdcmPXhwUqKfbFict5pNZEZhATAknU43fNs6RrHUZVqMxZvB7vVwDNQkJdzJzu5gdb"}
{"time":"2026-06-11T22:01:39.726856+08:00","level":"INFO","service":"pos-api","caller":"app/pos/api/internal/task/kafka.go:93","msg":"KafkaConsumerTask: 收到已扫描交易 service=pos subService=market buy token txID=4Dtm8gyN2ZFBBenQVLpL7qcZ9XLpAqs9L2kWEFcfhv2omXbmYuieHVTqf1vsFLPxnePSaRfWtFp47CLj3QFqkQME"}
{"time":"2026-06-11T22:01:39.726869+08:00","level":"INFO","service":"pos-api","caller":"app/pos/api/internal/logic/stake/stake_logic.go:144","msg":"HandleMarketBuyTx: txId=4Dtm8gyN2ZFBBenQVLpL7qcZ9XLpAqs9L2kWEFcfhv2omXbmYuieHVTqf1vsFLPxnePSaRfWtFp47CLj3QFqkQME"}
{"time":"2026-06-11T22:01:39.727663+08:00","level":"INFO","service":"pos-api","caller":"app/pos/api/internal/logic/stake/stake_logic.go:178","msg":"HandleMarketBuyTx: inserted 1 records for txId=4Dtm8gyN2ZFBBenQVLpL7qcZ9XLpAqs9L2kWEFcfhv2omXbmYuieHVTqf1vsFLPxnePSaRfWtFp47CLj3QFqkQME"}
{"time":"2026-06-11T22:01:39.728114+08:00","level":"INFO","service":"pos-api","caller":"app/pos/api/internal/task/kafka.go:93","msg":"KafkaConsumerTask: 收到已扫描交易 service=pos subService=market buy token txID=3GNEwmYj9hnzMZ28Y7GgRBWPB3dzyob5a9LTE7Ej3BKXGnwib2cFSpkDbhbDiQ5xQAnidDMfyAdtY8F8voJ17bHQ"}
{"time":"2026-06-11T22:01:39.728125+08:00","level":"INFO","service":"pos-api","caller":"app/pos/api/internal/logic/stake/stake_logic.go:144","msg":"HandleMarketBuyTx: txId=3GNEwmYj9hnzMZ28Y7GgRBWPB3dzyob5a9LTE7Ej3BKXGnwib2cFSpkDbhbDiQ5xQAnidDMfyAdtY8F8voJ17bHQ"}
{"time":"2026-06-11T22:01:39.728857+08:00","level":"INFO","service":"pos-api","caller":"app/pos/api/internal/logic/stake/stake_logic.go:178","msg":"HandleMarketBuyTx: inserted 1 records for txId=3GNEwmYj9hnzMZ28Y7GgRBWPB3dzyob5a9LTE7Ej3BKXGnwib2cFSpkDbhbDiQ5xQAnidDMfyAdtY8F8voJ17bHQ"}
{"time":"2026-06-11T22:01:39.729284+08:00","level":"INFO","service":"pos-api","caller":"app/pos/api/internal/task/kafka.go:93","msg":"KafkaConsumerTask: 收到已扫描交易 service=pos subService=market buy token txID=3ooKnjUkJaKBbKjvUsSrkQmDE6uyK97b7fsKRknKWgp2ZjX3NgS6atvs9rD1sx6vJrTKaV53zArBhosoSqmNGGYy"}
{"time":"2026-06-11T22:01:39.729295+08:00","level":"INFO","service":"pos-api","caller":"app/pos/api/internal/logic/stake/stake_logic.go:144","msg":"HandleMarketBuyTx: txId=3ooKnjUkJaKBbKjvUsSrkQmDE6uyK97b7fsKRknKWgp2ZjX3NgS6atvs9rD1sx6vJrTKaV53zArBhosoSqmNGGYy"}
{"time":"2026-06-11T22:01:39.730069+08:00","level":"INFO","service":"pos-api","caller":"app/pos/api/internal/logic/stake/stake_logic.go:178","msg":"HandleMarketBuyTx: inserted 1 records for txId=3ooKnjUkJaKBbKjvUsSrkQmDE6uyK97b7fsKRknKWgp2ZjX3NgS6atvs9rD1sx6vJrTKaV53zArBhosoSqmNGGYy"}
{"time":"2026-06-11T22:01:39.730508+08:00","level":"INFO","service":"pos-api","caller":"app/pos/api/internal/task/kafka.go:93","msg":"KafkaConsumerTask: 收到已扫描交易 service=pos subService=market buy token txID=5bd1uiNq3zakDCtGo2tMgiH4SqkZ8evMM7zxGWDsPBZooDvCHMJeUjGMQ5NyzeC2Vj5MECkMVYvfAaV6piBQRfed"}
{"time":"2026-06-11T22:01:39.730518+08:00","level":"INFO","service":"pos-api","caller":"app/pos/api/internal/logic/stake/stake_logic.go:144","msg":"HandleMarketBuyTx: txId=5bd1uiNq3zakDCtGo2tMgiH4SqkZ8evMM7zxGWDsPBZooDvCHMJeUjGMQ5NyzeC2Vj5MECkMVYvfAaV6piBQRfed"}
{"time":"2026-06-11T22:01:39.731446+08:00","level":"INFO","service":"pos-api","caller":"app/pos/api/internal/logic/stake/stake_logic.go:178","msg":"HandleMarketBuyTx: inserted 1 records for txId=5bd1uiNq3zakDCtGo2tMgiH4SqkZ8evMM7zxGWDsPBZooDvCHMJeUjGMQ5NyzeC2Vj5MECkMVYvfAaV6piBQRfed"}
{"time":"2026-06-11T22:01:39.732594+08:00","level":"INFO","service":"pos-api","caller":"app/pos/api/internal/task/kafka.go:93","msg":"KafkaConsumerTask: 收到已扫描交易 service=pos subService=market buy token txID=474VZSo6NWytAJkKyFRB4vRLfrPCum8YzXBKkwfrXRUSPKqYaAeM4CwovFjsJBYhGbd73wKK43Hi7TNh1w6N3MJP"}
{"time":"2026-06-11T22:01:39.732619+08:00","level":"INFO","service":"pos-api","caller":"app/pos/api/internal/logic/stake/stake_logic.go:144","msg":"HandleMarketBuyTx: txId=474VZSo6NWytAJkKyFRB4vRLfrPCum8YzXBKkwfrXRUSPKqYaAeM4CwovFjsJBYhGbd73wKK43Hi7TNh1w6N3MJP"}
{"time":"2026-06-11T22:01:39.733597+08:00","level":"INFO","service":"pos-api","caller":"app/pos/api/internal/logic/stake/stake_logic.go:178","msg":"HandleMarketBuyTx: inserted 1 records for txId=474VZSo6NWytAJkKyFRB4vRLfrPCum8YzXBKkwfrXRUSPKqYaAeM4CwovFjsJBYhGbd73wKK43Hi7TNh1w6N3MJP"}
{"time":"2026-06-11T22:01:39.73427+08:00","level":"INFO","service":"pos-api","caller":"app/pos/api/internal/task/kafka.go:93","msg":"KafkaConsumerTask: 收到已扫描交易 service=pos subService=market buy token txID=2uSEdTueD6te5Tgd2ZujkocbsgNPVUAtoerapKf6i3QSsW7VEYGwrNy9TejDb4P6tzyeSK1AeFmuZguqzFq7id6E"}
{"time":"2026-06-11T22:01:39.734283+08:00","level":"INFO","service":"pos-api","caller":"app/pos/api/internal/logic/stake/stake_logic.go:144","msg":"HandleMarketBuyTx: txId=2uSEdTueD6te5Tgd2ZujkocbsgNPVUAtoerapKf6i3QSsW7VEYGwrNy9TejDb4P6tzyeSK1AeFmuZguqzFq7id6E"}
{"time":"2026-06-11T22:01:39.735029+08:00","level":"INFO","service":"pos-api","caller":"app/pos/api/internal/logic/stake/stake_logic.go:178","msg":"HandleMarketBuyTx: inserted 1 records for txId=2uSEdTueD6te5Tgd2ZujkocbsgNPVUAtoerapKf6i3QSsW7VEYGwrNy9TejDb4P6tzyeSK1AeFmuZguqzFq7id6E"}
{"time":"2026-06-11T22:01:39.735533+08:00","level":"INFO","service":"pos-api","caller":"app/pos/api/internal/task/kafka.go:93","msg":"KafkaConsumerTask: 收到已扫描交易 service=pos subService=market buy token txID=3Pp4aHEjexRCp7bxbp8ATuA5mMB2Z34KjqD1kupJXhxEXZKCBz4ViGFYp5yz8L6ipJ61j1pTSXM7vpiTLKiZDJYd"}
{"time":"2026-06-11T22:01:39.735544+08:00","level":"INFO","service":"pos-api","caller":"app/pos/api/internal/logic/stake/stake_logic.go:144","msg":"HandleMarketBuyTx: txId=3Pp4aHEjexRCp7bxbp8ATuA5mMB2Z34KjqD1kupJXhxEXZKCBz4ViGFYp5yz8L6ipJ61j1pTSXM7vpiTLKiZDJYd"}
{"time":"2026-06-11T22:01:39.73619+08:00","level":"INFO","service":"pos-api","caller":"app/pos/api/internal/logic/stake/stake_logic.go:178","msg":"HandleMarketBuyTx: inserted 1 records for txId=3Pp4aHEjexRCp7bxbp8ATuA5mMB2Z34KjqD1kupJXhxEXZKCBz4ViGFYp5yz8L6ipJ61j1pTSXM7vpiTLKiZDJYd"}
{"time":"2026-06-11T22:01:39.736617+08:00","level":"INFO","service":"pos-api","caller":"app/pos/api/internal/task/kafka.go:93","msg":"KafkaConsumerTask: 收到已扫描交易 service=pos subService=market buy token txID=YAkT9ByHbNqUmySMWeLGv4oC8T8eDCCu95k7dqWHMbRaARUthSCkXu8km2mEsMsEE3Grhm5R2DaNTucNdijsLkK"}
{"time":"2026-06-11T22:01:39.736628+08:00","level":"INFO","service":"pos-api","caller":"app/pos/api/internal/logic/stake/stake_logic.go:144","msg":"HandleMarketBuyTx: txId=YAkT9ByHbNqUmySMWeLGv4oC8T8eDCCu95k7dqWHMbRaARUthSCkXu8km2mEsMsEE3Grhm5R2DaNTucNdijsLkK"}
{"time":"2026-06-11T22:01:39.737546+08:00","level":"INFO","service":"pos-api","caller":"app/pos/api/internal/logic/stake/stake_logic.go:178","msg":"HandleMarketBuyTx: inserted 1 records for txId=YAkT9ByHbNqUmySMWeLGv4oC8T8eDCCu95k7dqWHMbRaARUthSCkXu8km2mEsMsEE3Grhm5R2DaNTucNdijsLkK"}
{"time":"2026-06-11T22:01:39.738241+08:00","level":"INFO","service":"pos-api","caller":"app/pos/api/internal/task/kafka.go:93","msg":"KafkaConsumerTask: 收到已扫描交易 service=pos subService=market buy token txID=4xBGScocz7YvcSpR5EDb4p1DgAsy65FDDHxKbFUSMdK6hXVRkyiFxkhXiihzF7yEhpsdQEEhUiZZpca2xsqZibM"}
{"time":"2026-06-11T22:01:39.738308+08:00","level":"INFO","service":"pos-api","caller":"app/pos/api/internal/logic/stake/stake_logic.go:144","msg":"HandleMarketBuyTx: txId=4xBGScocz7YvcSpR5EDb4p1DgAsy65FDDHxKbFUSMdK6hXVRkyiFxkhXiihzF7yEhpsdQEEhUiZZpca2xsqZibM"}
{"time":"2026-06-11T22:01:39.739693+08:00","level":"INFO","service":"pos-api","caller":"app/pos/api/internal/logic/stake/stake_logic.go:178","msg":"HandleMarketBuyTx: inserted 1 records for txId=4xBGScocz7YvcSpR5EDb4p1DgAsy65FDDHxKbFUSMdK6hXVRkyiFxkhXiihzF7yEhpsdQEEhUiZZpca2xsqZibM"}
{"time":"2026-06-11T22:01:39.740203+08:00","level":"INFO","service":"pos-api","caller":"app/pos/api/internal/task/kafka.go:93","msg":"KafkaConsumerTask: 收到已扫描交易 service=pos subService=market buy token txID=2UA5Ans6RApNN2X9NG7dbCoZrx2moMxXqWUZrZBmdCoJMYTJK38iXMsKYA8w2ShWtQyTUL4CRzo6SS8m4Mt4e5YL"}
{"time":"2026-06-11T22:01:39.740218+08:00","level":"INFO","service":"pos-api","caller":"app/pos/api/internal/logic/stake/stake_logic.go:144","msg":"HandleMarketBuyTx: txId=2UA5Ans6RApNN2X9NG7dbCoZrx2moMxXqWUZrZBmdCoJMYTJK38iXMsKYA8w2ShWtQyTUL4CRzo6SS8m4Mt4e5YL"}
{"time":"2026-06-11T22:01:39.740871+08:00","level":"INFO","service":"pos-api","caller":"app/pos/api/internal/logic/stake/stake_logic.go:178","msg":"HandleMarketBuyTx: inserted 1 records for txId=2UA5Ans6RApNN2X9NG7dbCoZrx2moMxXqWUZrZBmdCoJMYTJK38iXMsKYA8w2ShWtQyTUL4CRzo6SS8m4Mt4e5YL"}
{"time":"2026-06-11T22:01:39.741443+08:00","level":"INFO","service":"pos-api","caller":"app/pos/api/internal/task/kafka.go:93","msg":"KafkaConsumerTask: 收到已扫描交易 service=pos subService=market buy token txID=5Voz1HpyxLEswmJvP6Xe3TT9A1z6WsH77pXodLHuEZhEPkrFRMAoCbGrZZmnS2AGQjnoVb1z4ogxmXrs96LFJEVs"}
{"time":"2026-06-11T22:01:39.741466+08:00","level":"INFO","service":"pos-api","caller":"app/pos/api/internal/logic/stake/stake_logic.go:144","msg":"HandleMarketBuyTx: txId=5Voz1HpyxLEswmJvP6Xe3TT9A1z6WsH77pXodLHuEZhEPkrFRMAoCbGrZZmnS2AGQjnoVb1z4ogxmXrs96LFJEVs"}
{"time":"2026-06-11T22:01:39.74255+08:00","level":"INFO","service":"pos-api","caller":"app/pos/api/internal/logic/stake/stake_logic.go:178","msg":"HandleMarketBuyTx: inserted 1 records for txId=5Voz1HpyxLEswmJvP6Xe3TT9A1z6WsH77pXodLHuEZhEPkrFRMAoCbGrZZmnS2AGQjnoVb1z4ogxmXrs96LFJEVs"}
{"time":"2026-06-11T22:01:39.743386+08:00","level":"INFO","service":"pos-api","caller":"app/pos/api/internal/task/kafka.go:93","msg":"KafkaConsumerTask: 收到已扫描交易 service=pos subService=market buy token txID=44yKgtytKVLK6UxBgwFrEZbspEivzAqbixyEJFokEhovH21KCXWin6cjPoxmPVDGqbKWrXcMjNGissoBYbXBG4T1"}
{"time":"2026-06-11T22:01:39.743405+08:00","level":"INFO","service":"pos-api","caller":"app/pos/api/internal/logic/stake/stake_logic.go:144","msg":"HandleMarketBuyTx: txId=44yKgtytKVLK6UxBgwFrEZbspEivzAqbixyEJFokEhovH21KCXWin6cjPoxmPVDGqbKWrXcMjNGissoBYbXBG4T1"}
{"time":"2026-06-11T22:01:39.744704+08:00","level":"INFO","service":"pos-api","caller":"app/pos/api/internal/logic/stake/stake_logic.go:178","msg":"HandleMarketBuyTx: inserted 1 records for txId=44yKgtytKVLK6UxBgwFrEZbspEivzAqbixyEJFokEhovH21KCXWin6cjPoxmPVDGqbKWrXcMjNGissoBYbXBG4T1"}
{"time":"2026-06-11T22:01:39.745803+08:00","level":"INFO","service":"pos-api","caller":"app/pos/api/internal/task/kafka.go:93","msg":"KafkaConsumerTask: 收到已扫描交易 service=pos subService=market buy token txID=fbbM7AvMyYku14FehjDGXUJGVrP3bhdZxKfxZod81mpsqURZhQAacPVQu76Qfb6x7fzShHwExDVhome6KF61qw3"}
{"time":"2026-06-11T22:01:39.745828+08:00","level":"INFO","service":"pos-api","caller":"app/pos/api/internal/logic/stake/stake_logic.go:144","msg":"HandleMarketBuyTx: txId=fbbM7AvMyYku14FehjDGXUJGVrP3bhdZxKfxZod81mpsqURZhQAacPVQu76Qfb6x7fzShHwExDVhome6KF61qw3"}
{"time":"2026-06-11T22:01:39.746747+08:00","level":"INFO","service":"pos-api","caller":"app/pos/api/internal/logic/stake/stake_logic.go:178","msg":"HandleMarketBuyTx: inserted 1 records for txId=fbbM7AvMyYku14FehjDGXUJGVrP3bhdZxKfxZod81mpsqURZhQAacPVQu76Qfb6x7fzShHwExDVhome6KF61qw3"}
{"time":"2026-06-11T22:01:39.747603+08:00","level":"INFO","service":"pos-api","caller":"app/pos/api/internal/task/kafka.go:93","msg":"KafkaConsumerTask: 收到已扫描交易 service=pos subService=market buy token txID=TrzeJc7fudpVCweUbxd6ZhcvskjHfQxSosS4bg2pRcShVR3JJmC3a6ZnJxdCVFTD1oWs4UknaaBPaWVrVj8bDX7"}
{"time":"2026-06-11T22:01:39.747625+08:00","level":"INFO","service":"pos-api","caller":"app/pos/api/internal/logic/stake/stake_logic.go:144","msg":"HandleMarketBuyTx: txId=TrzeJc7fudpVCweUbxd6ZhcvskjHfQxSosS4bg2pRcShVR3JJmC3a6ZnJxdCVFTD1oWs4UknaaBPaWVrVj8bDX7"}
{"time":"2026-06-11T22:01:39.748675+08:00","level":"INFO","service":"pos-api","caller":"app/pos/api/internal/logic/stake/stake_logic.go:178","msg":"HandleMarketBuyTx: inserted 1 records for txId=TrzeJc7fudpVCweUbxd6ZhcvskjHfQxSosS4bg2pRcShVR3JJmC3a6ZnJxdCVFTD1oWs4UknaaBPaWVrVj8bDX7"}
{"time":"2026-06-11T22:01:39.750563+08:00","level":"INFO","service":"pos-api","caller":"app/pos/api/internal/task/kafka.go:93","msg":"KafkaConsumerTask: 收到已扫描交易 service=pos subService=market buy token txID=58ZdE9nJhPhrufvoVinerQgp5YeTs37w1YKeTw71tff1iQTaZjvmKCB8Excy8w4BgNJnStq3YbnctXpvXFmBXf7C"}
{"time":"2026-06-11T22:01:39.750595+08:00","level":"INFO","service":"pos-api","caller":"app/pos/api/internal/logic/stake/stake_logic.go:144","msg":"HandleMarketBuyTx: txId=58ZdE9nJhPhrufvoVinerQgp5YeTs37w1YKeTw71tff1iQTaZjvmKCB8Excy8w4BgNJnStq3YbnctXpvXFmBXf7C"}
{"time":"2026-06-11T22:01:39.752291+08:00","level":"INFO","service":"pos-api","caller":"app/pos/api/internal/logic/stake/stake_logic.go:178","msg":"HandleMarketBuyTx: inserted 1 records for txId=58ZdE9nJhPhrufvoVinerQgp5YeTs37w1YKeTw71tff1iQTaZjvmKCB8Excy8w4BgNJnStq3YbnctXpvXFmBXf7C"}
{"time":"2026-06-11T22:01:39.753061+08:00","level":"INFO","service":"pos-api","caller":"app/pos/api/internal/task/kafka.go:93","msg":"KafkaConsumerTask: 收到已扫描交易 service=pos subService=market buy token txID=nUXMyJV6JUH1Ac6gbRSNPfEUaGmTqxhWBWqEk2vobF8TnmK3U9rhm8gnNJ32nQqUh5KAkwXfMvCKsjEbUpG3ktH"}
{"time":"2026-06-11T22:01:39.753078+08:00","level":"INFO","service":"pos-api","caller":"app/pos/api/internal/logic/stake/stake_logic.go:144","msg":"HandleMarketBuyTx: txId=nUXMyJV6JUH1Ac6gbRSNPfEUaGmTqxhWBWqEk2vobF8TnmK3U9rhm8gnNJ32nQqUh5KAkwXfMvCKsjEbUpG3ktH"}
{"time":"2026-06-11T22:01:39.754118+08:00","level":"INFO","service":"pos-api","caller":"app/pos/api/internal/logic/stake/stake_logic.go:178","msg":"HandleMarketBuyTx: inserted 1 records for txId=nUXMyJV6JUH1Ac6gbRSNPfEUaGmTqxhWBWqEk2vobF8TnmK3U9rhm8gnNJ32nQqUh5KAkwXfMvCKsjEbUpG3ktH"}
{"time":"2026-06-11T22:01:39.754627+08:00","level":"INFO","service":"pos-api","caller":"app/pos/api/internal/task/kafka.go:93","msg":"KafkaConsumerTask: 收到已扫描交易 service=pos subService=market buy token txID=5KPvXeoUuo5MKMR2btqDQkjaoy9caHYNo4sLqSuR5THuPaDv6CmxPnHKZcKUfr9yPc1tfT7ApM5cXgtpPL1cL2Xk"}
{"time":"2026-06-11T22:01:39.754642+08:00","level":"INFO","service":"pos-api","caller":"app/pos/api/internal/logic/stake/stake_logic.go:144","msg":"HandleMarketBuyTx: txId=5KPvXeoUuo5MKMR2btqDQkjaoy9caHYNo4sLqSuR5THuPaDv6CmxPnHKZcKUfr9yPc1tfT7ApM5cXgtpPL1cL2Xk"}
{"time":"2026-06-11T22:01:39.755539+08:00","level":"INFO","service":"pos-api","caller":"app/pos/api/internal/logic/stake/stake_logic.go:178","msg":"HandleMarketBuyTx: inserted 1 records for txId=5KPvXeoUuo5MKMR2btqDQkjaoy9caHYNo4sLqSuR5THuPaDv6CmxPnHKZcKUfr9yPc1tfT7ApM5cXgtpPL1cL2Xk"}
{"time":"2026-06-11T22:01:39.755998+08:00","level":"INFO","service":"pos-api","caller":"app/pos/api/internal/task/kafka.go:93","msg":"KafkaConsumerTask: 收到已扫描交易 service=pos subService=market buy token txID=3a5Aw1N7eYUkAF2XVxKFwMaS6JqaMeSLLk1PXiQjBMDCwtFnNqYqGXRvRyzubsa4RPACbrjLaCSC8EY9Wdn4YsFf"}
{"time":"2026-06-11T22:01:39.75601+08:00","level":"INFO","service":"pos-api","caller":"app/pos/api/internal/logic/stake/stake_logic.go:144","msg":"HandleMarketBuyTx: txId=3a5Aw1N7eYUkAF2XVxKFwMaS6JqaMeSLLk1PXiQjBMDCwtFnNqYqGXRvRyzubsa4RPACbrjLaCSC8EY9Wdn4YsFf"}
{"time":"2026-06-11T22:01:39.756636+08:00","level":"INFO","service":"pos-api","caller":"app/pos/api/internal/logic/stake/stake_logic.go:178","msg":"HandleMarketBuyTx: inserted 1 records for txId=3a5Aw1N7eYUkAF2XVxKFwMaS6JqaMeSLLk1PXiQjBMDCwtFnNqYqGXRvRyzubsa4RPACbrjLaCSC8EY9Wdn4YsFf"}
{"time":"2026-06-11T22:01:39.75709+08:00","level":"INFO","service":"pos-api","caller":"app/pos/api/internal/task/kafka.go:93","msg":"KafkaConsumerTask: 收到已扫描交易 service=pos subService=market buy token txID=3oXVet8issW6NST5doWJCZ8Dsh1Wnz1uYjCJ8dWyHmBXgqYfKSWFmd7Dm5TcUieCDP1GtnqYRaqivuuSAc86frhq"}
{"time":"2026-06-11T22:01:39.757108+08:00","level":"INFO","service":"pos-api","caller":"app/pos/api/internal/logic/stake/stake_logic.go:144","msg":"HandleMarketBuyTx: txId=3oXVet8issW6NST5doWJCZ8Dsh1Wnz1uYjCJ8dWyHmBXgqYfKSWFmd7Dm5TcUieCDP1GtnqYRaqivuuSAc86frhq"}
{"time":"2026-06-11T22:01:39.758265+08:00","level":"INFO","service":"pos-api","caller":"app/pos/api/internal/logic/stake/stake_logic.go:178","msg":"HandleMarketBuyTx: inserted 1 records for txId=3oXVet8issW6NST5doWJCZ8Dsh1Wnz1uYjCJ8dWyHmBXgqYfKSWFmd7Dm5TcUieCDP1GtnqYRaqivuuSAc86frhq"}
{"time":"2026-06-11T22:01:39.759136+08:00","level":"INFO","service":"pos-api","caller":"app/pos/api/internal/task/kafka.go:93","msg":"KafkaConsumerTask: 收到已扫描交易 service=pos subService=market buy token txID=2ywkdJmQL3wwPLFnfjimiQmFtnSXh1QvxjzRtwZmYLzDJa5MqjTW9wJCNUdK2ZNEkXmN1yVjmsz2N9QsJZ9eNhKv"}
{"time":"2026-06-11T22:01:39.759171+08:00","level":"INFO","service":"pos-api","caller":"app/pos/api/internal/logic/stake/stake_logic.go:144","msg":"HandleMarketBuyTx: txId=2ywkdJmQL3wwPLFnfjimiQmFtnSXh1QvxjzRtwZmYLzDJa5MqjTW9wJCNUdK2ZNEkXmN1yVjmsz2N9QsJZ9eNhKv"}
{"time":"2026-06-11T22:01:39.760062+08:00","level":"INFO","service":"pos-api","caller":"app/pos/api/internal/logic/stake/stake_logic.go:178","msg":"HandleMarketBuyTx: inserted 1 records for txId=2ywkdJmQL3wwPLFnfjimiQmFtnSXh1QvxjzRtwZmYLzDJa5MqjTW9wJCNUdK2ZNEkXmN1yVjmsz2N9QsJZ9eNhKv"}
{"time":"2026-06-11T22:01:39.760772+08:00","level":"INFO","service":"pos-api","caller":"app/pos/api/internal/task/kafka.go:93","msg":"KafkaConsumerTask: 收到已扫描交易 service=pos subService=market buy token txID=4vDsHLAcx6BRD8EEeeHiFnXKyZcXimUDjWxE8jGcgBiKS6b8BMNebrCbaC7BRCCpwXH9VCpnwYNQDDPsvKpMrTvJ"}
{"time":"2026-06-11T22:01:39.760798+08:00","level":"INFO","service":"pos-api","caller":"app/pos/api/internal/logic/stake/stake_logic.go:144","msg":"HandleMarketBuyTx: txId=4vDsHLAcx6BRD8EEeeHiFnXKyZcXimUDjWxE8jGcgBiKS6b8BMNebrCbaC7BRCCpwXH9VCpnwYNQDDPsvKpMrTvJ"}
{"time":"2026-06-11T22:01:39.761791+08:00","level":"INFO","service":"pos-api","caller":"app/pos/api/internal/logic/stake/stake_logic.go:178","msg":"HandleMarketBuyTx: inserted 1 records for txId=4vDsHLAcx6BRD8EEeeHiFnXKyZcXimUDjWxE8jGcgBiKS6b8BMNebrCbaC7BRCCpwXH9VCpnwYNQDDPsvKpMrTvJ"}
{"time":"2026-06-11T22:01:39.762549+08:00","level":"INFO","service":"pos-api","caller":"app/pos/api/internal/task/kafka.go:93","msg":"KafkaConsumerTask: 收到已扫描交易 service=pos subService=market buy token txID=3PFghqaAL8RBhtLknhp9EmWkgoBGWhgwnWGzn2gv3oXA2giYLZT7mpq7b8axorcWJHtyMUb5Nn3stgAPRnqC9Cdc"}
{"time":"2026-06-11T22:01:39.762567+08:00","level":"INFO","service":"pos-api","caller":"app/pos/api/internal/logic/stake/stake_logic.go:144","msg":"HandleMarketBuyTx: txId=3PFghqaAL8RBhtLknhp9EmWkgoBGWhgwnWGzn2gv3oXA2giYLZT7mpq7b8axorcWJHtyMUb5Nn3stgAPRnqC9Cdc"}
{"time":"2026-06-11T22:01:39.763273+08:00","level":"INFO","service":"pos-api","caller":"app/pos/api/internal/logic/stake/stake_logic.go:178","msg":"HandleMarketBuyTx: inserted 1 records for txId=3PFghqaAL8RBhtLknhp9EmWkgoBGWhgwnWGzn2gv3oXA2giYLZT7mpq7b8axorcWJHtyMUb5Nn3stgAPRnqC9Cdc"}
{"time":"2026-06-11T22:01:39.763748+08:00","level":"INFO","service":"pos-api","caller":"app/pos/api/internal/task/kafka.go:93","msg":"KafkaConsumerTask: 收到已扫描交易 service=pos subService=market buy token txID=XhgrBXpnDQdzuhYAdHhsw4LEMxvtQXHSh9DPMLY6TpyzgNrk1VrFPw212EhpwJcSjFDtmBvwHhdP96J6aRkpfkm"}
{"time":"2026-06-11T22:01:39.76376+08:00","level":"INFO","service":"pos-api","caller":"app/pos/api/internal/logic/stake/stake_logic.go:144","msg":"HandleMarketBuyTx: txId=XhgrBXpnDQdzuhYAdHhsw4LEMxvtQXHSh9DPMLY6TpyzgNrk1VrFPw212EhpwJcSjFDtmBvwHhdP96J6aRkpfkm"}
{"time":"2026-06-11T22:01:39.766071+08:00","level":"INFO","service":"pos-api","caller":"app/pos/api/internal/logic/stake/stake_logic.go:178","msg":"HandleMarketBuyTx: inserted 1 records for txId=XhgrBXpnDQdzuhYAdHhsw4LEMxvtQXHSh9DPMLY6TpyzgNrk1VrFPw212EhpwJcSjFDtmBvwHhdP96J6aRkpfkm"}
{"time":"2026-06-11T22:01:39.766783+08:00","level":"INFO","service":"pos-api","caller":"app/pos/api/internal/task/kafka.go:93","msg":"KafkaConsumerTask: 收到已扫描交易 service=pos subService=market buy token txID=5yfU1hSSx86yYTQuepLVdzNYTUbua2pRkmai4yhtdtDxMghhNtfp8EDJXPiT9Hh2ThK5DsoUrueCrpTAKqPzu9VU"}
{"time":"2026-06-11T22:01:39.7668+08:00","level":"INFO","service":"pos-api","caller":"app/pos/api/internal/logic/stake/stake_logic.go:144","msg":"HandleMarketBuyTx: txId=5yfU1hSSx86yYTQuepLVdzNYTUbua2pRkmai4yhtdtDxMghhNtfp8EDJXPiT9Hh2ThK5DsoUrueCrpTAKqPzu9VU"}
{"time":"2026-06-11T22:01:39.767527+08:00","level":"INFO","service":"pos-api","caller":"app/pos/api/internal/logic/stake/stake_logic.go:178","msg":"HandleMarketBuyTx: inserted 1 records for txId=5yfU1hSSx86yYTQuepLVdzNYTUbua2pRkmai4yhtdtDxMghhNtfp8EDJXPiT9Hh2ThK5DsoUrueCrpTAKqPzu9VU"}
{"time":"2026-06-11T22:01:39.768049+08:00","level":"INFO","service":"pos-api","caller":"app/pos/api/internal/task/kafka.go:93","msg":"KafkaConsumerTask: 收到已扫描交易 service=pos subService=market buy token txID=3s34yirDfa6AmtoyUrnBHVBaHUVPQqCYomnkNqaS3qYm5jXj6smLVdhVyE6zGhsfvwDYMfNsr3MYhPmMVHfQVW2n"}
{"time":"2026-06-11T22:01:39.768061+08:00","level":"INFO","service":"pos-api","caller":"app/pos/api/internal/logic/stake/stake_logic.go:144","msg":"HandleMarketBuyTx: txId=3s34yirDfa6AmtoyUrnBHVBaHUVPQqCYomnkNqaS3qYm5jXj6smLVdhVyE6zGhsfvwDYMfNsr3MYhPmMVHfQVW2n"}
{"time":"2026-06-11T22:01:39.768795+08:00","level":"INFO","service":"pos-api","caller":"app/pos/api/internal/logic/stake/stake_logic.go:178","msg":"HandleMarketBuyTx: inserted 1 records for txId=3s34yirDfa6AmtoyUrnBHVBaHUVPQqCYomnkNqaS3qYm5jXj6smLVdhVyE6zGhsfvwDYMfNsr3MYhPmMVHfQVW2n"}
{"time":"2026-06-11T22:01:39.769339+08:00","level":"INFO","service":"pos-api","caller":"app/pos/api/internal/task/kafka.go:93","msg":"KafkaConsumerTask: 收到已扫描交易 service=pos subService=market buy token txID=utGiohiXCjrC9N94zRqJVa3Wu9ooayub5FfoN8XYMHDE4xTJNGTR4nRqyRWrXErd3gUwTPc3pQkVk12w6S4bHwf"}
{"time":"2026-06-11T22:01:39.769358+08:00","level":"INFO","service":"pos-api","caller":"app/pos/api/internal/logic/stake/stake_logic.go:144","msg":"HandleMarketBuyTx: txId=utGiohiXCjrC9N94zRqJVa3Wu9ooayub5FfoN8XYMHDE4xTJNGTR4nRqyRWrXErd3gUwTPc3pQkVk12w6S4bHwf"}
{"time":"2026-06-11T22:01:39.770048+08:00","level":"INFO","service":"pos-api","caller":"app/pos/api/internal/logic/stake/stake_logic.go:178","msg":"HandleMarketBuyTx: inserted 1 records for txId=utGiohiXCjrC9N94zRqJVa3Wu9ooayub5FfoN8XYMHDE4xTJNGTR4nRqyRWrXErd3gUwTPc3pQkVk12w6S4bHwf"}
{"time":"2026-06-11T22:01:39.770495+08:00","level":"INFO","service":"pos-api","caller":"app/pos/api/internal/task/kafka.go:93","msg":"KafkaConsumerTask: 收到已扫描交易 service=pos subService=market buy token txID=5mc8B1cvtj2qmQoyVjLk6Rn6sTzzmi3QTrBTQwZPx6BiHkuyuboNNsA8tRrzxPAhpZk1E2b5x35ZMhznD7hYmKF5"}
{"time":"2026-06-11T22:01:39.770508+08:00","level":"INFO","service":"pos-api","caller":"app/pos/api/internal/logic/stake/stake_logic.go:144","msg":"HandleMarketBuyTx: txId=5mc8B1cvtj2qmQoyVjLk6Rn6sTzzmi3QTrBTQwZPx6BiHkuyuboNNsA8tRrzxPAhpZk1E2b5x35ZMhznD7hYmKF5"}
{"time":"2026-06-11T22:01:39.772326+08:00","level":"INFO","service":"pos-api","caller":"app/pos/api/internal/logic/stake/stake_logic.go:178","msg":"HandleMarketBuyTx: inserted 1 records for txId=5mc8B1cvtj2qmQoyVjLk6Rn6sTzzmi3QTrBTQwZPx6BiHkuyuboNNsA8tRrzxPAhpZk1E2b5x35ZMhznD7hYmKF5"}
{"time":"2026-06-11T22:01:39.772983+08:00","level":"INFO","service":"pos-api","caller":"app/pos/api/internal/task/kafka.go:93","msg":"KafkaConsumerTask: 收到已扫描交易 service=pos subService=market buy token txID=KZ3VivXLsvSbv5tkeBHLkBx7JQJjxPyQUGmTxTv5Ery4vyfYNe56AdHRcYihakceM1GnT2y1XqaSkSTNtgHrjuH"}
{"time":"2026-06-11T22:01:39.772996+08:00","level":"INFO","service":"pos-api","caller":"app/pos/api/internal/logic/stake/stake_logic.go:144","msg":"HandleMarketBuyTx: txId=KZ3VivXLsvSbv5tkeBHLkBx7JQJjxPyQUGmTxTv5Ery4vyfYNe56AdHRcYihakceM1GnT2y1XqaSkSTNtgHrjuH"}
{"time":"2026-06-11T22:01:39.774036+08:00","level":"INFO","service":"pos-api","caller":"app/pos/api/internal/logic/stake/stake_logic.go:178","msg":"HandleMarketBuyTx: inserted 1 records for txId=KZ3VivXLsvSbv5tkeBHLkBx7JQJjxPyQUGmTxTv5Ery4vyfYNe56AdHRcYihakceM1GnT2y1XqaSkSTNtgHrjuH"}
{"time":"2026-06-11T22:01:39.774683+08:00","level":"INFO","service":"pos-api","caller":"app/pos/api/internal/task/kafka.go:93","msg":"KafkaConsumerTask: 收到已扫描交易 service=pos subService=market buy token txID=58NUMHM1id1iJcgnngqbhQqoAGWkgjHUfBR2MC3EKfFVhJFbvxyKy3XtrRicoPxG2H9RftAMHysYeBhtJZyEnShV"}
{"time":"2026-06-11T22:01:39.774697+08:00","level":"INFO","service":"pos-api","caller":"app/pos/api/internal/logic/stake/stake_logic.go:144","msg":"HandleMarketBuyTx: txId=58NUMHM1id1iJcgnngqbhQqoAGWkgjHUfBR2MC3EKfFVhJFbvxyKy3XtrRicoPxG2H9RftAMHysYeBhtJZyEnShV"}
{"time":"2026-06-11T22:01:39.775475+08:00","level":"INFO","service":"pos-api","caller":"app/pos/api/internal/logic/stake/stake_logic.go:178","msg":"HandleMarketBuyTx: inserted 1 records for txId=58NUMHM1id1iJcgnngqbhQqoAGWkgjHUfBR2MC3EKfFVhJFbvxyKy3XtrRicoPxG2H9RftAMHysYeBhtJZyEnShV"}
{"time":"2026-06-11T22:01:39.775961+08:00","level":"INFO","service":"pos-api","caller":"app/pos/api/internal/task/kafka.go:93","msg":"KafkaConsumerTask: 收到已扫描交易 service=pos subService=market buy token txID=2izqsuvF4Ggv2gW9qFBK8hKmnNQYNz3p4gHBPkYqYkqXWgoVfVxV9tgwqEG96p1DkBrDrVaF9qRhPwXakXdagnv9"}
{"time":"2026-06-11T22:01:39.775977+08:00","level":"INFO","service":"pos-api","caller":"app/pos/api/internal/logic/stake/stake_logic.go:144","msg":"HandleMarketBuyTx: txId=2izqsuvF4Ggv2gW9qFBK8hKmnNQYNz3p4gHBPkYqYkqXWgoVfVxV9tgwqEG96p1DkBrDrVaF9qRhPwXakXdagnv9"}
{"time":"2026-06-11T22:01:39.776651+08:00","level":"INFO","service":"pos-api","caller":"app/pos/api/internal/logic/stake/stake_logic.go:178","msg":"HandleMarketBuyTx: inserted 1 records for txId=2izqsuvF4Ggv2gW9qFBK8hKmnNQYNz3p4gHBPkYqYkqXWgoVfVxV9tgwqEG96p1DkBrDrVaF9qRhPwXakXdagnv9"}
{"time":"2026-06-11T22:01:39.777147+08:00","level":"INFO","service":"pos-api","caller":"app/pos/api/internal/task/kafka.go:93","msg":"KafkaConsumerTask: 收到已扫描交易 service=pos subService=market buy token txID=AiSqcYhagB4NBqDRueyDmogPEuXe2LTniERqtm1tyCEFxXQsdPJJvTgiirub1PFVyZNcVDKuBTrAdRNBaT5wHCN"}
{"time":"2026-06-11T22:01:39.777163+08:00","level":"INFO","service":"pos-api","caller":"app/pos/api/internal/logic/stake/stake_logic.go:144","msg":"HandleMarketBuyTx: txId=AiSqcYhagB4NBqDRueyDmogPEuXe2LTniERqtm1tyCEFxXQsdPJJvTgiirub1PFVyZNcVDKuBTrAdRNBaT5wHCN"}
{"time":"2026-06-11T22:01:39.779165+08:00","level":"INFO","service":"pos-api","caller":"app/pos/api/internal/logic/stake/stake_logic.go:178","msg":"HandleMarketBuyTx: inserted 1 records for txId=AiSqcYhagB4NBqDRueyDmogPEuXe2LTniERqtm1tyCEFxXQsdPJJvTgiirub1PFVyZNcVDKuBTrAdRNBaT5wHCN"}
{"time":"2026-06-11T22:01:39.779744+08:00","level":"INFO","service":"pos-api","caller":"app/pos/api/internal/task/kafka.go:93","msg":"KafkaConsumerTask: 收到已扫描交易 service=pos subService=market buy token txID=474VZSo6NWytAJkKyFRB4vRLfrPCum8YzXBKkwfrXRUSPKqYaAeM4CwovFjsJBYhGbd73wKK43Hi7TNh1w6N3MJP"}
{"time":"2026-06-11T22:01:39.779757+08:00","level":"INFO","service":"pos-api","caller":"app/pos/api/internal/logic/stake/stake_logic.go:144","msg":"HandleMarketBuyTx: txId=474VZSo6NWytAJkKyFRB4vRLfrPCum8YzXBKkwfrXRUSPKqYaAeM4CwovFjsJBYhGbd73wKK43Hi7TNh1w6N3MJP"}
{"time":"2026-06-11T22:01:39.780478+08:00","level":"INFO","service":"pos-api","caller":"app/pos/api/internal/logic/stake/stake_logic.go:178","msg":"HandleMarketBuyTx: inserted 1 records for txId=474VZSo6NWytAJkKyFRB4vRLfrPCum8YzXBKkwfrXRUSPKqYaAeM4CwovFjsJBYhGbd73wKK43Hi7TNh1w6N3MJP"}
{"time":"2026-06-11T22:01:39.780957+08:00","level":"INFO","service":"pos-api","caller":"app/pos/api/internal/task/kafka.go:93","msg":"KafkaConsumerTask: 收到已扫描交易 service=pos subService=market buy token txID=65kGp8R8mFTS1TdqbbwDYdAymuHxouMSrBwnDrNSoV7Q5DGJp64MsvCBFYjQ2Jk6731BCuJ1zYab9C62fQ6tW12v"}
{"time":"2026-06-11T22:01:39.780969+08:00","level":"INFO","service":"pos-api","caller":"app/pos/api/internal/logic/stake/stake_logic.go:144","msg":"HandleMarketBuyTx: txId=65kGp8R8mFTS1TdqbbwDYdAymuHxouMSrBwnDrNSoV7Q5DGJp64MsvCBFYjQ2Jk6731BCuJ1zYab9C62fQ6tW12v"}
{"time":"2026-06-11T22:01:39.782857+08:00","level":"INFO","service":"pos-api","caller":"app/pos/api/internal/logic/stake/stake_logic.go:178","msg":"HandleMarketBuyTx: inserted 1 records for txId=65kGp8R8mFTS1TdqbbwDYdAymuHxouMSrBwnDrNSoV7Q5DGJp64MsvCBFYjQ2Jk6731BCuJ1zYab9C62fQ6tW12v"}
{"time":"2026-06-11T22:01:39.78397+08:00","level":"INFO","service":"pos-api","caller":"app/pos/api/internal/task/kafka.go:93","msg":"KafkaConsumerTask: 收到已扫描交易 service=pos subService=market buy token txID=2UPDmqpKhNcvJSTvnXESNPVTjZcYG1E2oq5kmvyRYzmF1nfZPhGUvVY57eUu2BS547o2Zr8rDyjwL7ce3BEeemhC"}
{"time":"2026-06-11T22:01:39.783992+08:00","level":"INFO","service":"pos-api","caller":"app/pos/api/internal/logic/stake/stake_logic.go:144","msg":"HandleMarketBuyTx: txId=2UPDmqpKhNcvJSTvnXESNPVTjZcYG1E2oq5kmvyRYzmF1nfZPhGUvVY57eUu2BS547o2Zr8rDyjwL7ce3BEeemhC"}
{"time":"2026-06-11T22:01:39.786701+08:00","level":"INFO","service":"pos-api","caller":"app/pos/api/internal/logic/stake/stake_logic.go:178","msg":"HandleMarketBuyTx: inserted 1 records for txId=2UPDmqpKhNcvJSTvnXESNPVTjZcYG1E2oq5kmvyRYzmF1nfZPhGUvVY57eUu2BS547o2Zr8rDyjwL7ce3BEeemhC"}
{"time":"2026-06-11T22:01:39.787693+08:00","level":"INFO","service":"pos-api","caller":"app/pos/api/internal/task/kafka.go:93","msg":"KafkaConsumerTask: 收到已扫描交易 service=pos subService=market buy token txID=4Dtm8gyN2ZFBBenQVLpL7qcZ9XLpAqs9L2kWEFcfhv2omXbmYuieHVTqf1vsFLPxnePSaRfWtFp47CLj3QFqkQME"}
{"time":"2026-06-11T22:01:39.787714+08:00","level":"INFO","service":"pos-api","caller":"app/pos/api/internal/logic/stake/stake_logic.go:144","msg":"HandleMarketBuyTx: txId=4Dtm8gyN2ZFBBenQVLpL7qcZ9XLpAqs9L2kWEFcfhv2omXbmYuieHVTqf1vsFLPxnePSaRfWtFp47CLj3QFqkQME"}
{"time":"2026-06-11T22:01:39.789092+08:00","level":"INFO","service":"pos-api","caller":"app/pos/api/internal/logic/stake/stake_logic.go:178","msg":"HandleMarketBuyTx: inserted 1 records for txId=4Dtm8gyN2ZFBBenQVLpL7qcZ9XLpAqs9L2kWEFcfhv2omXbmYuieHVTqf1vsFLPxnePSaRfWtFp47CLj3QFqkQME"}
{"time":"2026-06-11T22:01:39.789887+08:00","level":"INFO","service":"pos-api","caller":"app/pos/api/internal/task/kafka.go:93","msg":"KafkaConsumerTask: 收到已扫描交易 service=pos subService=market buy token txID=5juEa8ymfZ4KZxFGJfPLpwF1ZeKzzxqZYNvBJ5cKsPQfiKyGJbQV7XPQN5wiJJRfQdfGKTzXmqFAoXaa5Jh5PyAv"}
{"time":"2026-06-11T22:01:39.789908+08:00","level":"INFO","service":"pos-api","caller":"app/pos/api/internal/logic/stake/stake_logic.go:144","msg":"HandleMarketBuyTx: txId=5juEa8ymfZ4KZxFGJfPLpwF1ZeKzzxqZYNvBJ5cKsPQfiKyGJbQV7XPQN5wiJJRfQdfGKTzXmqFAoXaa5Jh5PyAv"}
{"time":"2026-06-11T22:01:39.791457+08:00","level":"INFO","service":"pos-api","caller":"app/pos/api/internal/logic/stake/stake_logic.go:178","msg":"HandleMarketBuyTx: inserted 1 records for txId=5juEa8ymfZ4KZxFGJfPLpwF1ZeKzzxqZYNvBJ5cKsPQfiKyGJbQV7XPQN5wiJJRfQdfGKTzXmqFAoXaa5Jh5PyAv"}
{"time":"2026-06-11T22:01:39.793579+08:00","level":"INFO","service":"pos-api","caller":"app/pos/api/internal/task/kafka.go:93","msg":"KafkaConsumerTask: 收到已扫描交易 service=pos subService=market buy token txID=3Kg4VDtaPXPPveC7EhBHXXtCXG5JVA3CBQqgz9Lkcdo9TzAWMN6qkwbhkDd3yQmmBvxGeeac2Nt3TfQrkdNCVdFY"}
{"time":"2026-06-11T22:01:39.793609+08:00","level":"INFO","service":"pos-api","caller":"app/pos/api/internal/logic/stake/stake_logic.go:144","msg":"HandleMarketBuyTx: txId=3Kg4VDtaPXPPveC7EhBHXXtCXG5JVA3CBQqgz9Lkcdo9TzAWMN6qkwbhkDd3yQmmBvxGeeac2Nt3TfQrkdNCVdFY"}
{"time":"2026-06-11T22:01:39.795106+08:00","level":"INFO","service":"pos-api","caller":"app/pos/api/internal/logic/stake/stake_logic.go:178","msg":"HandleMarketBuyTx: inserted 1 records for txId=3Kg4VDtaPXPPveC7EhBHXXtCXG5JVA3CBQqgz9Lkcdo9TzAWMN6qkwbhkDd3yQmmBvxGeeac2Nt3TfQrkdNCVdFY"}
{"time":"2026-06-11T22:01:39.7959+08:00","level":"INFO","service":"pos-api","caller":"app/pos/api/internal/task/kafka.go:93","msg":"KafkaConsumerTask: 收到已扫描交易 service=pos subService=market buy token txID=28RXL2CYPu45z9S5BgJM3ZMXQd3abwv1QJjL9YYmBPzdPncSRA9HwFbwBjMTcLqDqzBtTHAphQnDzy2Ds488GiBJ"}
{"time":"2026-06-11T22:01:39.795916+08:00","level":"INFO","service":"pos-api","caller":"app/pos/api/internal/logic/stake/stake_logic.go:144","msg":"HandleMarketBuyTx: txId=28RXL2CYPu45z9S5BgJM3ZMXQd3abwv1QJjL9YYmBPzdPncSRA9HwFbwBjMTcLqDqzBtTHAphQnDzy2Ds488GiBJ"}
{"time":"2026-06-11T22:01:39.79691+08:00","level":"INFO","service":"pos-api","caller":"app/pos/api/internal/logic/stake/stake_logic.go:178","msg":"HandleMarketBuyTx: inserted 1 records for txId=28RXL2CYPu45z9S5BgJM3ZMXQd3abwv1QJjL9YYmBPzdPncSRA9HwFbwBjMTcLqDqzBtTHAphQnDzy2Ds488GiBJ"}
{"time":"2026-06-11T22:01:39.797445+08:00","level":"INFO","service":"pos-api","caller":"app/pos/api/internal/task/kafka.go:93","msg":"KafkaConsumerTask: 收到已扫描交易 service=pos subService=market buy token txID=4QRQfbggjtdoeL2nJjaYBDqVBzaRpoBi2Nid56uFBb7NJzmSju8Mym8gh4fKqkrgH38GYEn3QSUMdY3kSQfu5V1r"}
{"time":"2026-06-11T22:01:39.797458+08:00","level":"INFO","service":"pos-api","caller":"app/pos/api/internal/logic/stake/stake_logic.go:144","msg":"HandleMarketBuyTx: txId=4QRQfbggjtdoeL2nJjaYBDqVBzaRpoBi2Nid56uFBb7NJzmSju8Mym8gh4fKqkrgH38GYEn3QSUMdY3kSQfu5V1r"}
{"time":"2026-06-11T22:01:39.798162+08:00","level":"INFO","service":"pos-api","caller":"app/pos/api/internal/logic/stake/stake_logic.go:178","msg":"HandleMarketBuyTx: inserted 1 records for txId=4QRQfbggjtdoeL2nJjaYBDqVBzaRpoBi2Nid56uFBb7NJzmSju8Mym8gh4fKqkrgH38GYEn3QSUMdY3kSQfu5V1r"}
{"time":"2026-06-11T22:01:39.798881+08:00","level":"INFO","service":"pos-api","caller":"app/pos/api/internal/task/kafka.go:93","msg":"KafkaConsumerTask: 收到已扫描交易 service=pos subService=market buy token txID=41f7M8YdWrfMz2gM6G9wzvxcWxZruKdQXbHkETTaoFZRi4wTaxtSRicaGvCYGaAEcmeVvWwJA4sRMmrY5gi2uPBV"}
{"time":"2026-06-11T22:01:39.798919+08:00","level":"INFO","service":"pos-api","caller":"app/pos/api/internal/logic/stake/stake_logic.go:144","msg":"HandleMarketBuyTx: txId=41f7M8YdWrfMz2gM6G9wzvxcWxZruKdQXbHkETTaoFZRi4wTaxtSRicaGvCYGaAEcmeVvWwJA4sRMmrY5gi2uPBV"}
{"time":"2026-06-11T22:01:39.800349+08:00","level":"INFO","service":"pos-api","caller":"app/pos/api/internal/logic/stake/stake_logic.go:178","msg":"HandleMarketBuyTx: inserted 1 records for txId=41f7M8YdWrfMz2gM6G9wzvxcWxZruKdQXbHkETTaoFZRi4wTaxtSRicaGvCYGaAEcmeVvWwJA4sRMmrY5gi2uPBV"}
{"time":"2026-06-11T22:01:39.80093+08:00","level":"INFO","service":"pos-api","caller":"app/pos/api/internal/task/kafka.go:93","msg":"KafkaConsumerTask: 收到已扫描交易 service=pos subService=market buy token txID=4X6o2w3q7Epfy9XE9Ndhyv4CEsrnPysPh1oQm1X7jZCrdEqYukUMegzKTQJA9NxpeV9N9uagJJWJgsbMT5XYRvEq"}
{"time":"2026-06-11T22:01:39.800944+08:00","level":"INFO","service":"pos-api","caller":"app/pos/api/internal/logic/stake/stake_logic.go:144","msg":"HandleMarketBuyTx: txId=4X6o2w3q7Epfy9XE9Ndhyv4CEsrnPysPh1oQm1X7jZCrdEqYukUMegzKTQJA9NxpeV9N9uagJJWJgsbMT5XYRvEq"}
{"time":"2026-06-11T22:01:39.80163+08:00","level":"INFO","service":"pos-api","caller":"app/pos/api/internal/logic/stake/stake_logic.go:178","msg":"HandleMarketBuyTx: inserted 1 records for txId=4X6o2w3q7Epfy9XE9Ndhyv4CEsrnPysPh1oQm1X7jZCrdEqYukUMegzKTQJA9NxpeV9N9uagJJWJgsbMT5XYRvEq"}
{"time":"2026-06-11T22:01:39.802103+08:00","level":"INFO","service":"pos-api","caller":"app/pos/api/internal/task/kafka.go:93","msg":"KafkaConsumerTask: 收到已扫描交易 service=pos subService=market buy token txID=3ByCwBCvYcae5FNWTG1QR2evsoaVs2aBXH8UmXw2U66ZGyPj8keNTB5youVDayHzbyLTi1HZBx34GQy6hnJbuZLW"}
{"time":"2026-06-11T22:01:39.802114+08:00","level":"INFO","service":"pos-api","caller":"app/pos/api/internal/logic/stake/stake_logic.go:144","msg":"HandleMarketBuyTx: txId=3ByCwBCvYcae5FNWTG1QR2evsoaVs2aBXH8UmXw2U66ZGyPj8keNTB5youVDayHzbyLTi1HZBx34GQy6hnJbuZLW"}
{"time":"2026-06-11T22:01:39.802957+08:00","level":"INFO","service":"pos-api","caller":"app/pos/api/internal/logic/stake/stake_logic.go:178","msg":"HandleMarketBuyTx: inserted 1 records for txId=3ByCwBCvYcae5FNWTG1QR2evsoaVs2aBXH8UmXw2U66ZGyPj8keNTB5youVDayHzbyLTi1HZBx34GQy6hnJbuZLW"}
{"time":"2026-06-11T22:01:39.803438+08:00","level":"INFO","service":"pos-api","caller":"app/pos/api/internal/task/kafka.go:93","msg":"KafkaConsumerTask: 收到已扫描交易 service=pos subService=market buy token txID=3wzX6AjavD2catXNmK1p491mxwR7h6QZkdah6dDZdnSDC82J4JEu6ubUG7qtgVdH25MNzdARVVyX78fknkHY3tiR"}
{"time":"2026-06-11T22:01:39.803449+08:00","level":"INFO","service":"pos-api","caller":"app/pos/api/internal/logic/stake/stake_logic.go:144","msg":"HandleMarketBuyTx: txId=3wzX6AjavD2catXNmK1p491mxwR7h6QZkdah6dDZdnSDC82J4JEu6ubUG7qtgVdH25MNzdARVVyX78fknkHY3tiR"}
{"time":"2026-06-11T22:01:39.804151+08:00","level":"INFO","service":"pos-api","caller":"app/pos/api/internal/logic/stake/stake_logic.go:178","msg":"HandleMarketBuyTx: inserted 1 records for txId=3wzX6AjavD2catXNmK1p491mxwR7h6QZkdah6dDZdnSDC82J4JEu6ubUG7qtgVdH25MNzdARVVyX78fknkHY3tiR"}
{"time":"2026-06-11T22:01:39.804613+08:00","level":"INFO","service":"pos-api","caller":"app/pos/api/internal/task/kafka.go:93","msg":"KafkaConsumerTask: 收到已扫描交易 service=pos subService=market buy token txID=3EpgJdaRvaBF6zc6FnNh2NbNABGBrYnWHErx6yAiLwSJfKPbUau6dpAWmcokwfXk6mts7e7uvu74v9FVfj1XBVYh"}
{"time":"2026-06-11T22:01:39.804624+08:00","level":"INFO","service":"pos-api","caller":"app/pos/api/internal/logic/stake/stake_logic.go:144","msg":"HandleMarketBuyTx: txId=3EpgJdaRvaBF6zc6FnNh2NbNABGBrYnWHErx6yAiLwSJfKPbUau6dpAWmcokwfXk6mts7e7uvu74v9FVfj1XBVYh"}
{"time":"2026-06-11T22:01:39.805653+08:00","level":"INFO","service":"pos-api","caller":"app/pos/api/internal/logic/stake/stake_logic.go:178","msg":"HandleMarketBuyTx: inserted 1 records for txId=3EpgJdaRvaBF6zc6FnNh2NbNABGBrYnWHErx6yAiLwSJfKPbUau6dpAWmcokwfXk6mts7e7uvu74v9FVfj1XBVYh"}
{"time":"2026-06-11T22:01:39.806646+08:00","level":"INFO","service":"pos-api","caller":"app/pos/api/internal/task/kafka.go:93","msg":"KafkaConsumerTask: 收到已扫描交易 service=pos subService=market buy token txID=5UBk4qvh5cqbu2vGf1y1B7jgW4WVDaMgqwzyC9J8jXKfnZibJtA8brRPZsiJW2YDyf3akDAsFALLVqxWTYvoLS8u"}
{"time":"2026-06-11T22:01:39.80667+08:00","level":"INFO","service":"pos-api","caller":"app/pos/api/internal/logic/stake/stake_logic.go:144","msg":"HandleMarketBuyTx: txId=5UBk4qvh5cqbu2vGf1y1B7jgW4WVDaMgqwzyC9J8jXKfnZibJtA8brRPZsiJW2YDyf3akDAsFALLVqxWTYvoLS8u"}
{"time":"2026-06-11T22:01:39.807489+08:00","level":"INFO","service":"pos-api","caller":"app/pos/api/internal/logic/stake/stake_logic.go:178","msg":"HandleMarketBuyTx: inserted 1 records for txId=5UBk4qvh5cqbu2vGf1y1B7jgW4WVDaMgqwzyC9J8jXKfnZibJtA8brRPZsiJW2YDyf3akDAsFALLVqxWTYvoLS8u"}
{"time":"2026-06-11T22:01:39.808189+08:00","level":"INFO","service":"pos-api","caller":"app/pos/api/internal/task/kafka.go:93","msg":"KafkaConsumerTask: 收到已扫描交易 service=pos subService=market buy token txID=25HLFsxFkuNr2ppr3e6htk13djjkWwc62Dotnnzr3mzB23UhXWiJsxCHCcENp9M7vYoziaNkBWP9yCGa8upFsLN7"}
{"time":"2026-06-11T22:01:39.808213+08:00","level":"INFO","service":"pos-api","caller":"app/pos/api/internal/logic/stake/stake_logic.go:144","msg":"HandleMarketBuyTx: txId=25HLFsxFkuNr2ppr3e6htk13djjkWwc62Dotnnzr3mzB23UhXWiJsxCHCcENp9M7vYoziaNkBWP9yCGa8upFsLN7"}
{"time":"2026-06-11T22:01:39.808945+08:00","level":"INFO","service":"pos-api","caller":"app/pos/api/internal/logic/stake/stake_logic.go:178","msg":"HandleMarketBuyTx: inserted 1 records for txId=25HLFsxFkuNr2ppr3e6htk13djjkWwc62Dotnnzr3mzB23UhXWiJsxCHCcENp9M7vYoziaNkBWP9yCGa8upFsLN7"}
{"time":"2026-06-11T22:01:39.80951+08:00","level":"INFO","service":"pos-api","caller":"app/pos/api/internal/task/kafka.go:93","msg":"KafkaConsumerTask: 收到已扫描交易 service=pos subService=market buy token txID=32fV4xPp4dj8dCBhPCoTbSYhe3E8vbsME8sMsKWS9ggxESpik2yKmeWKuXafQzEPwvNVqtin3CtdfnErnKuavCH4"}
{"time":"2026-06-11T22:01:39.809528+08:00","level":"INFO","service":"pos-api","caller":"app/pos/api/internal/logic/stake/stake_logic.go:144","msg":"HandleMarketBuyTx: txId=32fV4xPp4dj8dCBhPCoTbSYhe3E8vbsME8sMsKWS9ggxESpik2yKmeWKuXafQzEPwvNVqtin3CtdfnErnKuavCH4"}
{"time":"2026-06-11T22:01:39.810841+08:00","level":"INFO","service":"pos-api","caller":"app/pos/api/internal/logic/stake/stake_logic.go:178","msg":"HandleMarketBuyTx: inserted 1 records for txId=32fV4xPp4dj8dCBhPCoTbSYhe3E8vbsME8sMsKWS9ggxESpik2yKmeWKuXafQzEPwvNVqtin3CtdfnErnKuavCH4"}
{"time":"2026-06-11T22:01:39.811631+08:00","level":"INFO","service":"pos-api","caller":"app/pos/api/internal/task/kafka.go:93","msg":"KafkaConsumerTask: 收到已扫描交易 service=pos subService=market buy token txID=5goRhrfGNgipevegm86479UdcmPXhwUqKfbFict5pNZEZhATAknU43fNs6RrHUZVqMxZvB7vVwDNQkJdzJzu5gdb"}
{"time":"2026-06-11T22:01:39.811659+08:00","level":"INFO","service":"pos-api","caller":"app/pos/api/internal/logic/stake/stake_logic.go:144","msg":"HandleMarketBuyTx: txId=5goRhrfGNgipevegm86479UdcmPXhwUqKfbFict5pNZEZhATAknU43fNs6RrHUZVqMxZvB7vVwDNQkJdzJzu5gdb"}
{"time":"2026-06-11T22:01:39.813717+08:00","level":"INFO","service":"pos-api","caller":"app/pos/api/internal/logic/stake/stake_logic.go:178","msg":"HandleMarketBuyTx: inserted 1 records for txId=5goRhrfGNgipevegm86479UdcmPXhwUqKfbFict5pNZEZhATAknU43fNs6RrHUZVqMxZvB7vVwDNQkJdzJzu5gdb"}
{"time":"2026-06-11T22:01:39.814377+08:00","level":"INFO","service":"pos-api","caller":"app/pos/api/internal/task/kafka.go:93","msg":"KafkaConsumerTask: 收到已扫描交易 service=pos subService=market buy token txID=4zcz1cfJHfEFqc6JSaBDdUCdmjWDmac8fw3AtU7LkUJQx4cu6Hw2FzeDodVkmZy5PUTz9SGT1duK8KgWPsrz8KD4"}
{"time":"2026-06-11T22:01:39.814399+08:00","level":"INFO","service":"pos-api","caller":"app/pos/api/internal/logic/stake/stake_logic.go:144","msg":"HandleMarketBuyTx: txId=4zcz1cfJHfEFqc6JSaBDdUCdmjWDmac8fw3AtU7LkUJQx4cu6Hw2FzeDodVkmZy5PUTz9SGT1duK8KgWPsrz8KD4"}
{"time":"2026-06-11T22:01:39.815124+08:00","level":"INFO","service":"pos-api","caller":"app/pos/api/internal/logic/stake/stake_logic.go:178","msg":"HandleMarketBuyTx: inserted 1 records for txId=4zcz1cfJHfEFqc6JSaBDdUCdmjWDmac8fw3AtU7LkUJQx4cu6Hw2FzeDodVkmZy5PUTz9SGT1duK8KgWPsrz8KD4"}
{"time":"2026-06-11T22:01:39.815551+08:00","level":"INFO","service":"pos-api","caller":"app/pos/api/internal/task/kafka.go:93","msg":"KafkaConsumerTask: 收到已扫描交易 service=pos subService=market buy token txID=2H54QMhDycG5njWHrJro7F7R1SCFrVhNDVoYPgtRb5rY6ZvdNjbVAJxiEB1cQBVAupDNDgsuNjXgcLgQ388R9oau"}
{"time":"2026-06-11T22:01:39.815563+08:00","level":"INFO","service":"pos-api","caller":"app/pos/api/internal/logic/stake/stake_logic.go:144","msg":"HandleMarketBuyTx: txId=2H54QMhDycG5njWHrJro7F7R1SCFrVhNDVoYPgtRb5rY6ZvdNjbVAJxiEB1cQBVAupDNDgsuNjXgcLgQ388R9oau"}
{"time":"2026-06-11T22:01:39.816342+08:00","level":"INFO","service":"pos-api","caller":"app/pos/api/internal/logic/stake/stake_logic.go:178","msg":"HandleMarketBuyTx: inserted 1 records for txId=2H54QMhDycG5njWHrJro7F7R1SCFrVhNDVoYPgtRb5rY6ZvdNjbVAJxiEB1cQBVAupDNDgsuNjXgcLgQ388R9oau"}
{"time":"2026-06-11T22:01:39.816798+08:00","level":"INFO","service":"pos-api","caller":"app/pos/api/internal/task/kafka.go:93","msg":"KafkaConsumerTask: 收到已扫描交易 service=pos subService=market buy token txID=2ct7VovRbpPj5j3Y4mY5jN4rwGws7ttcfUqkercK1zG9YqnaEA2pJXuBg9S2UrKWybw6uUPnb96ctzmD6eVsh6b1"}
{"time":"2026-06-11T22:01:39.81681+08:00","level":"INFO","service":"pos-api","caller":"app/pos/api/internal/logic/stake/stake_logic.go:144","msg":"HandleMarketBuyTx: txId=2ct7VovRbpPj5j3Y4mY5jN4rwGws7ttcfUqkercK1zG9YqnaEA2pJXuBg9S2UrKWybw6uUPnb96ctzmD6eVsh6b1"}
{"time":"2026-06-11T22:01:39.817737+08:00","level":"INFO","service":"pos-api","caller":"app/pos/api/internal/logic/stake/stake_logic.go:178","msg":"HandleMarketBuyTx: inserted 1 records for txId=2ct7VovRbpPj5j3Y4mY5jN4rwGws7ttcfUqkercK1zG9YqnaEA2pJXuBg9S2UrKWybw6uUPnb96ctzmD6eVsh6b1"}
{"time":"2026-06-11T22:01:39.818258+08:00","level":"INFO","service":"pos-api","caller":"app/pos/api/internal/task/kafka.go:93","msg":"KafkaConsumerTask: 收到已扫描交易 service=pos subService=market buy token txID=2Lumg8hqwGkjVfFv8ppMm784pjKz286PZp6DHmqxQZb3grZvZDq5LAz5W5pHtcGmSudBvMKV4h3aZip1XjF7wDZ2"}
{"time":"2026-06-11T22:01:39.818272+08:00","level":"INFO","service":"pos-api","caller":"app/pos/api/internal/logic/stake/stake_logic.go:144","msg":"HandleMarketBuyTx: txId=2Lumg8hqwGkjVfFv8ppMm784pjKz286PZp6DHmqxQZb3grZvZDq5LAz5W5pHtcGmSudBvMKV4h3aZip1XjF7wDZ2"}
{"time":"2026-06-11T22:01:39.819171+08:00","level":"INFO","service":"pos-api","caller":"app/pos/api/internal/logic/stake/stake_logic.go:178","msg":"HandleMarketBuyTx: inserted 1 records for txId=2Lumg8hqwGkjVfFv8ppMm784pjKz286PZp6DHmqxQZb3grZvZDq5LAz5W5pHtcGmSudBvMKV4h3aZip1XjF7wDZ2"}
{"time":"2026-06-11T22:01:39.820029+08:00","level":"INFO","service":"pos-api","caller":"app/pos/api/internal/task/kafka.go:93","msg":"KafkaConsumerTask: 收到已扫描交易 service=pos subService=market buy token txID=2DenXTwETtmrUune5c9LuTsX7H5rk1WRZay8Hopa6dHW3KgFANVuNieX9VMtLswvmkxeJyfLe9ZHpxtTEx1svsQg"}
{"time":"2026-06-11T22:01:39.820057+08:00","level":"INFO","service":"pos-api","caller":"app/pos/api/internal/logic/stake/stake_logic.go:144","msg":"HandleMarketBuyTx: txId=2DenXTwETtmrUune5c9LuTsX7H5rk1WRZay8Hopa6dHW3KgFANVuNieX9VMtLswvmkxeJyfLe9ZHpxtTEx1svsQg"}
{"time":"2026-06-11T22:01:39.820817+08:00","level":"INFO","service":"pos-api","caller":"app/pos/api/internal/logic/stake/stake_logic.go:178","msg":"HandleMarketBuyTx: inserted 1 records for txId=2DenXTwETtmrUune5c9LuTsX7H5rk1WRZay8Hopa6dHW3KgFANVuNieX9VMtLswvmkxeJyfLe9ZHpxtTEx1svsQg"}
{"time":"2026-06-11T22:01:39.821374+08:00","level":"INFO","service":"pos-api","caller":"app/pos/api/internal/task/kafka.go:93","msg":"KafkaConsumerTask: 收到已扫描交易 service=pos subService=market buy token txID=duR5obqHqfwnNtweK9uAZbiD1MZmnS6dxCT48sSLu5aEnfCVDnHd9NtFEYm6yNG5xKbKEtbYM7gE3dAJZbsiYVG"}
{"time":"2026-06-11T22:01:39.821389+08:00","level":"INFO","service":"pos-api","caller":"app/pos/api/internal/logic/stake/stake_logic.go:144","msg":"HandleMarketBuyTx: txId=duR5obqHqfwnNtweK9uAZbiD1MZmnS6dxCT48sSLu5aEnfCVDnHd9NtFEYm6yNG5xKbKEtbYM7gE3dAJZbsiYVG"}
{"time":"2026-06-11T22:01:39.822149+08:00","level":"INFO","service":"pos-api","caller":"app/pos/api/internal/logic/stake/stake_logic.go:178","msg":"HandleMarketBuyTx: inserted 1 records for txId=duR5obqHqfwnNtweK9uAZbiD1MZmnS6dxCT48sSLu5aEnfCVDnHd9NtFEYm6yNG5xKbKEtbYM7gE3dAJZbsiYVG"}
{"time":"2026-06-11T22:01:39.822652+08:00","level":"INFO","service":"pos-api","caller":"app/pos/api/internal/task/kafka.go:93","msg":"KafkaConsumerTask: 收到已扫描交易 service=pos subService=market buy token txID=5bd1uiNq3zakDCtGo2tMgiH4SqkZ8evMM7zxGWDsPBZooDvCHMJeUjGMQ5NyzeC2Vj5MECkMVYvfAaV6piBQRfed"}
{"time":"2026-06-11T22:01:39.822665+08:00","level":"INFO","service":"pos-api","caller":"app/pos/api/internal/logic/stake/stake_logic.go:144","msg":"HandleMarketBuyTx: txId=5bd1uiNq3zakDCtGo2tMgiH4SqkZ8evMM7zxGWDsPBZooDvCHMJeUjGMQ5NyzeC2Vj5MECkMVYvfAaV6piBQRfed"}
{"time":"2026-06-11T22:01:39.824795+08:00","level":"INFO","service":"pos-api","caller":"app/pos/api/internal/logic/stake/stake_logic.go:178","msg":"HandleMarketBuyTx: inserted 1 records for txId=5bd1uiNq3zakDCtGo2tMgiH4SqkZ8evMM7zxGWDsPBZooDvCHMJeUjGMQ5NyzeC2Vj5MECkMVYvfAaV6piBQRfed"}
{"time":"2026-06-11T22:01:39.825562+08:00","level":"INFO","service":"pos-api","caller":"app/pos/api/internal/task/kafka.go:93","msg":"KafkaConsumerTask: 收到已扫描交易 service=pos subService=market buy token txID=3xXRJFkp3ZBiM3z498eaxpjbJZvJhJB9EpgzcyoMA9HsXUpZdNhXyCaKCjEUcyKaxxnJppCNxYJNffwDcb6MDfwu"}
{"time":"2026-06-11T22:01:39.825595+08:00","level":"INFO","service":"pos-api","caller":"app/pos/api/internal/logic/stake/stake_logic.go:144","msg":"HandleMarketBuyTx: txId=3xXRJFkp3ZBiM3z498eaxpjbJZvJhJB9EpgzcyoMA9HsXUpZdNhXyCaKCjEUcyKaxxnJppCNxYJNffwDcb6MDfwu"}
{"time":"2026-06-11T22:01:39.82693+08:00","level":"INFO","service":"pos-api","caller":"app/pos/api/internal/logic/stake/stake_logic.go:178","msg":"HandleMarketBuyTx: inserted 1 records for txId=3xXRJFkp3ZBiM3z498eaxpjbJZvJhJB9EpgzcyoMA9HsXUpZdNhXyCaKCjEUcyKaxxnJppCNxYJNffwDcb6MDfwu"}
{"time":"2026-06-11T22:01:39.827656+08:00","level":"INFO","service":"pos-api","caller":"app/pos/api/internal/task/kafka.go:93","msg":"KafkaConsumerTask: 收到已扫描交易 service=pos subService=market buy token txID=S8kFkZBXCHnDkLbeyYaUR7JHwoiafnr3iJ5dSJyGJLBYE6nuggn24Gp9VmxHSkyNyMq8NF13MqHnegNrshvQscd"}
{"time":"2026-06-11T22:01:39.827672+08:00","level":"INFO","service":"pos-api","caller":"app/pos/api/internal/logic/stake/stake_logic.go:144","msg":"HandleMarketBuyTx: txId=S8kFkZBXCHnDkLbeyYaUR7JHwoiafnr3iJ5dSJyGJLBYE6nuggn24Gp9VmxHSkyNyMq8NF13MqHnegNrshvQscd"}
{"time":"2026-06-11T22:01:39.828414+08:00","level":"INFO","service":"pos-api","caller":"app/pos/api/internal/logic/stake/stake_logic.go:178","msg":"HandleMarketBuyTx: inserted 1 records for txId=S8kFkZBXCHnDkLbeyYaUR7JHwoiafnr3iJ5dSJyGJLBYE6nuggn24Gp9VmxHSkyNyMq8NF13MqHnegNrshvQscd"}
{"time":"2026-06-11T22:01:39.828939+08:00","level":"INFO","service":"pos-api","caller":"app/pos/api/internal/task/kafka.go:93","msg":"KafkaConsumerTask: 收到已扫描交易 service=pos subService=market buy token txID=6tkHJXBWHe8Yxh99frFTtYF3cbXnCXLYVxQbvBgAyxMpDYgkwueVqVMDapRGjuAN8VpYiEkar8A86mNjPa6Qbn2"}
{"time":"2026-06-11T22:01:39.82895+08:00","level":"INFO","service":"pos-api","caller":"app/pos/api/internal/logic/stake/stake_logic.go:144","msg":"HandleMarketBuyTx: txId=6tkHJXBWHe8Yxh99frFTtYF3cbXnCXLYVxQbvBgAyxMpDYgkwueVqVMDapRGjuAN8VpYiEkar8A86mNjPa6Qbn2"}
{"time":"2026-06-11T22:01:39.830624+08:00","level":"INFO","service":"pos-api","caller":"app/pos/api/internal/logic/stake/stake_logic.go:178","msg":"HandleMarketBuyTx: inserted 1 records for txId=6tkHJXBWHe8Yxh99frFTtYF3cbXnCXLYVxQbvBgAyxMpDYgkwueVqVMDapRGjuAN8VpYiEkar8A86mNjPa6Qbn2"}
{"time":"2026-06-11T22:01:39.831075+08:00","level":"INFO","service":"pos-api","caller":"app/pos/api/internal/task/kafka.go:93","msg":"KafkaConsumerTask: 收到已扫描交易 service=pos subService=market buy token txID=3s5xWiPLdjBtBkzSiCmM96wKy9Uvzx6ES4XXkSKkPHHLNBpuDoU2gWYJCMAnxedqPnUF725ajGcQ3iQjNjhcifPS"}
{"time":"2026-06-11T22:01:39.831086+08:00","level":"INFO","service":"pos-api","caller":"app/pos/api/internal/logic/stake/stake_logic.go:144","msg":"HandleMarketBuyTx: txId=3s5xWiPLdjBtBkzSiCmM96wKy9Uvzx6ES4XXkSKkPHHLNBpuDoU2gWYJCMAnxedqPnUF725ajGcQ3iQjNjhcifPS"}
{"time":"2026-06-11T22:01:39.832055+08:00","level":"INFO","service":"pos-api","caller":"app/pos/api/internal/logic/stake/stake_logic.go:178","msg":"HandleMarketBuyTx: inserted 1 records for txId=3s5xWiPLdjBtBkzSiCmM96wKy9Uvzx6ES4XXkSKkPHHLNBpuDoU2gWYJCMAnxedqPnUF725ajGcQ3iQjNjhcifPS"}
{"time":"2026-06-11T22:01:39.832674+08:00","level":"INFO","service":"pos-api","caller":"app/pos/api/internal/task/kafka.go:93","msg":"KafkaConsumerTask: 收到已扫描交易 service=pos subService=market buy token txID=43Do71dBb8XsyAeWA9Hw1s1rgsbJJv3KNMDMiBUTz2JC7ktXEFKJS3b7yBxapTh1td15iRtEYWEcUYw2J4ZndAPT"}
{"time":"2026-06-11T22:01:39.8327+08:00","level":"INFO","service":"pos-api","caller":"app/pos/api/internal/logic/stake/stake_logic.go:144","msg":"HandleMarketBuyTx: txId=43Do71dBb8XsyAeWA9Hw1s1rgsbJJv3KNMDMiBUTz2JC7ktXEFKJS3b7yBxapTh1td15iRtEYWEcUYw2J4ZndAPT"}
{"time":"2026-06-11T22:01:39.834027+08:00","level":"INFO","service":"pos-api","caller":"app/pos/api/internal/logic/stake/stake_logic.go:178","msg":"HandleMarketBuyTx: inserted 1 records for txId=43Do71dBb8XsyAeWA9Hw1s1rgsbJJv3KNMDMiBUTz2JC7ktXEFKJS3b7yBxapTh1td15iRtEYWEcUYw2J4ZndAPT"}
{"time":"2026-06-11T22:01:39.834725+08:00","level":"INFO","service":"pos-api","caller":"app/pos/api/internal/task/kafka.go:93","msg":"KafkaConsumerTask: 收到已扫描交易 service=pos subService=market buy token txID=5FQqrLzqNsxjT2YMbLPWaBJcbuqEKUnBMez356AL1phCAbvBMaY7cF81xbDswiAavqxdW3XJn9M7Ur47torx2qzf"}
{"time":"2026-06-11T22:01:39.834741+08:00","level":"INFO","service":"pos-api","caller":"app/pos/api/internal/logic/stake/stake_logic.go:144","msg":"HandleMarketBuyTx: txId=5FQqrLzqNsxjT2YMbLPWaBJcbuqEKUnBMez356AL1phCAbvBMaY7cF81xbDswiAavqxdW3XJn9M7Ur47torx2qzf"}
{"time":"2026-06-11T22:01:39.836157+08:00","level":"INFO","service":"pos-api","caller":"app/pos/api/internal/logic/stake/stake_logic.go:178","msg":"HandleMarketBuyTx: inserted 1 records for txId=5FQqrLzqNsxjT2YMbLPWaBJcbuqEKUnBMez356AL1phCAbvBMaY7cF81xbDswiAavqxdW3XJn9M7Ur47torx2qzf"}
{"time":"2026-06-11T22:01:39.836728+08:00","level":"INFO","service":"pos-api","caller":"app/pos/api/internal/task/kafka.go:93","msg":"KafkaConsumerTask: 收到已扫描交易 service=pos subService=market buy token txID=2QNZthhR8STWEk4LQEg6T3fccmKDH19dEvp9PhaYc7iaPfzX5w4tAcZfPRa2mRBXGByz7aeRezCZMLJcPgx7veqg"}
{"time":"2026-06-11T22:01:39.836741+08:00","level":"INFO","service":"pos-api","caller":"app/pos/api/internal/logic/stake/stake_logic.go:144","msg":"HandleMarketBuyTx: txId=2QNZthhR8STWEk4LQEg6T3fccmKDH19dEvp9PhaYc7iaPfzX5w4tAcZfPRa2mRBXGByz7aeRezCZMLJcPgx7veqg"}
{"time":"2026-06-11T22:01:39.83757+08:00","level":"INFO","service":"pos-api","caller":"app/pos/api/internal/logic/stake/stake_logic.go:178","msg":"HandleMarketBuyTx: inserted 1 records for txId=2QNZthhR8STWEk4LQEg6T3fccmKDH19dEvp9PhaYc7iaPfzX5w4tAcZfPRa2mRBXGByz7aeRezCZMLJcPgx7veqg"}
{"time":"2026-06-11T22:01:39.838075+08:00","level":"INFO","service":"pos-api","caller":"app/pos/api/internal/task/kafka.go:93","msg":"KafkaConsumerTask: 收到已扫描交易 service=pos subService=market buy token txID=Sm49S3dyeNBtcw8RqD9enrrUj57GGzweaxGWBi6Stp97nLT8jAS3pP67QrCZmt29HsyET4QP2oNaeYGds8NcwHa"}
{"time":"2026-06-11T22:01:39.838086+08:00","level":"INFO","service":"pos-api","caller":"app/pos/api/internal/logic/stake/stake_logic.go:144","msg":"HandleMarketBuyTx: txId=Sm49S3dyeNBtcw8RqD9enrrUj57GGzweaxGWBi6Stp97nLT8jAS3pP67QrCZmt29HsyET4QP2oNaeYGds8NcwHa"}
{"time":"2026-06-11T22:01:39.838858+08:00","level":"INFO","service":"pos-api","caller":"app/pos/api/internal/logic/stake/stake_logic.go:178","msg":"HandleMarketBuyTx: inserted 1 records for txId=Sm49S3dyeNBtcw8RqD9enrrUj57GGzweaxGWBi6Stp97nLT8jAS3pP67QrCZmt29HsyET4QP2oNaeYGds8NcwHa"}
{"time":"2026-06-11T22:01:39.840498+08:00","level":"INFO","service":"pos-api","caller":"app/pos/api/internal/task/kafka.go:93","msg":"KafkaConsumerTask: 收到已扫描交易 service=pos subService=market buy token txID=UqhkwuLMV3Fx9tsvtULZR6q3gYu6DM9ibtbqmXmZRDcNi83zRV41ySTRn9e1Q5epq5dNRAWpxtmBTTJXMMLHtp6"}
{"time":"2026-06-11T22:01:39.84052+08:00","level":"INFO","service":"pos-api","caller":"app/pos/api/internal/logic/stake/stake_logic.go:144","msg":"HandleMarketBuyTx: txId=UqhkwuLMV3Fx9tsvtULZR6q3gYu6DM9ibtbqmXmZRDcNi83zRV41ySTRn9e1Q5epq5dNRAWpxtmBTTJXMMLHtp6"}
{"time":"2026-06-11T22:01:39.841373+08:00","level":"INFO","service":"pos-api","caller":"app/pos/api/internal/logic/stake/stake_logic.go:178","msg":"HandleMarketBuyTx: inserted 1 records for txId=UqhkwuLMV3Fx9tsvtULZR6q3gYu6DM9ibtbqmXmZRDcNi83zRV41ySTRn9e1Q5epq5dNRAWpxtmBTTJXMMLHtp6"}
{"time":"2026-06-11T22:01:39.841888+08:00","level":"INFO","service":"pos-api","caller":"app/pos/api/internal/task/kafka.go:93","msg":"KafkaConsumerTask: 收到已扫描交易 service=pos subService=market buy token txID=3GNEwmYj9hnzMZ28Y7GgRBWPB3dzyob5a9LTE7Ej3BKXGnwib2cFSpkDbhbDiQ5xQAnidDMfyAdtY8F8voJ17bHQ"}
{"time":"2026-06-11T22:01:39.841901+08:00","level":"INFO","service":"pos-api","caller":"app/pos/api/internal/logic/stake/stake_logic.go:144","msg":"HandleMarketBuyTx: txId=3GNEwmYj9hnzMZ28Y7GgRBWPB3dzyob5a9LTE7Ej3BKXGnwib2cFSpkDbhbDiQ5xQAnidDMfyAdtY8F8voJ17bHQ"}
{"time":"2026-06-11T22:01:39.842532+08:00","level":"INFO","service":"pos-api","caller":"app/pos/api/internal/logic/stake/stake_logic.go:178","msg":"HandleMarketBuyTx: inserted 1 records for txId=3GNEwmYj9hnzMZ28Y7GgRBWPB3dzyob5a9LTE7Ej3BKXGnwib2cFSpkDbhbDiQ5xQAnidDMfyAdtY8F8voJ17bHQ"}
{"time":"2026-06-11T22:01:39.842955+08:00","level":"INFO","service":"pos-api","caller":"app/pos/api/internal/task/kafka.go:93","msg":"KafkaConsumerTask: 收到已扫描交易 service=pos subService=market buy token txID=4BvjmBzyxkPorfFWwxeZA8CmDikQzXoZhYpUXU2kKGKprCCaJ7xzySFAAAi4HwQeyebsbz3hM2B92BjMFCqE9kPh"}
{"time":"2026-06-11T22:01:39.842966+08:00","level":"INFO","service":"pos-api","caller":"app/pos/api/internal/logic/stake/stake_logic.go:144","msg":"HandleMarketBuyTx: txId=4BvjmBzyxkPorfFWwxeZA8CmDikQzXoZhYpUXU2kKGKprCCaJ7xzySFAAAi4HwQeyebsbz3hM2B92BjMFCqE9kPh"}
{"time":"2026-06-11T22:01:39.843573+08:00","level":"INFO","service":"pos-api","caller":"app/pos/api/internal/logic/stake/stake_logic.go:178","msg":"HandleMarketBuyTx: inserted 1 records for txId=4BvjmBzyxkPorfFWwxeZA8CmDikQzXoZhYpUXU2kKGKprCCaJ7xzySFAAAi4HwQeyebsbz3hM2B92BjMFCqE9kPh"}
{"time":"2026-06-11T22:01:39.843996+08:00","level":"INFO","service":"pos-api","caller":"app/pos/api/internal/task/kafka.go:93","msg":"KafkaConsumerTask: 收到已扫描交易 service=pos subService=market buy token txID=2LSVdqmwP9awR5FhfNKHkARFHgvvni7hEQAaucTpX5pYV7P4k9Nw68Aq6SGcDCaa5hXSpCgxX7FBXx1h5rYLvd4j"}
{"time":"2026-06-11T22:01:39.84401+08:00","level":"INFO","service":"pos-api","caller":"app/pos/api/internal/logic/stake/stake_logic.go:144","msg":"HandleMarketBuyTx: txId=2LSVdqmwP9awR5FhfNKHkARFHgvvni7hEQAaucTpX5pYV7P4k9Nw68Aq6SGcDCaa5hXSpCgxX7FBXx1h5rYLvd4j"}
{"time":"2026-06-11T22:01:39.844655+08:00","level":"INFO","service":"pos-api","caller":"app/pos/api/internal/logic/stake/stake_logic.go:178","msg":"HandleMarketBuyTx: inserted 1 records for txId=2LSVdqmwP9awR5FhfNKHkARFHgvvni7hEQAaucTpX5pYV7P4k9Nw68Aq6SGcDCaa5hXSpCgxX7FBXx1h5rYLvd4j"}
{"time":"2026-06-11T22:01:39.845143+08:00","level":"INFO","service":"pos-api","caller":"app/pos/api/internal/task/kafka.go:93","msg":"KafkaConsumerTask: 收到已扫描交易 service=pos subService=market buy token txID=3B7U6EgGHZAtYc76xwpSTgmCmGeG8JWzu6Sxv4gduGb2cBz332rVXBdo4yVfwMx9kjjWFecv2RZUTDVpa34osbMd"}
{"time":"2026-06-11T22:01:39.845155+08:00","level":"INFO","service":"pos-api","caller":"app/pos/api/internal/logic/stake/stake_logic.go:144","msg":"HandleMarketBuyTx: txId=3B7U6EgGHZAtYc76xwpSTgmCmGeG8JWzu6Sxv4gduGb2cBz332rVXBdo4yVfwMx9kjjWFecv2RZUTDVpa34osbMd"}
{"time":"2026-06-11T22:01:39.845997+08:00","level":"INFO","service":"pos-api","caller":"app/pos/api/internal/logic/stake/stake_logic.go:178","msg":"HandleMarketBuyTx: inserted 1 records for txId=3B7U6EgGHZAtYc76xwpSTgmCmGeG8JWzu6Sxv4gduGb2cBz332rVXBdo4yVfwMx9kjjWFecv2RZUTDVpa34osbMd"}
{"time":"2026-06-11T22:01:39.847948+08:00","level":"INFO","service":"pos-api","caller":"app/pos/api/internal/task/kafka.go:93","msg":"KafkaConsumerTask: 收到已扫描交易 service=pos subService=market buy token txID=WGiLjCBMvhHwLLJPrNK6ureTQUQ2nm9Ekihz7jM9kXqWDEq8vPy5ZBusYGhZQMGdf2DtbxtHc5c3bgXUA7Ama7J"}
{"time":"2026-06-11T22:01:39.847975+08:00","level":"INFO","service":"pos-api","caller":"app/pos/api/internal/logic/stake/stake_logic.go:144","msg":"HandleMarketBuyTx: txId=WGiLjCBMvhHwLLJPrNK6ureTQUQ2nm9Ekihz7jM9kXqWDEq8vPy5ZBusYGhZQMGdf2DtbxtHc5c3bgXUA7Ama7J"}
{"time":"2026-06-11T22:01:39.849227+08:00","level":"INFO","service":"pos-api","caller":"app/pos/api/internal/logic/stake/stake_logic.go:178","msg":"HandleMarketBuyTx: inserted 1 records for txId=WGiLjCBMvhHwLLJPrNK6ureTQUQ2nm9Ekihz7jM9kXqWDEq8vPy5ZBusYGhZQMGdf2DtbxtHc5c3bgXUA7Ama7J"}
{"time":"2026-06-11T22:01:39.850181+08:00","level":"INFO","service":"pos-api","caller":"app/pos/api/internal/task/kafka.go:93","msg":"KafkaConsumerTask: 收到已扫描交易 service=pos subService=market buy token txID=4FnRkNSVt3GVtfqf3jKFb92kz3RqvSLNsgBhRTn5PSS92rznSpVKzhVLsQ1e15pyYbZfJXjJDPcnXbhm8BgWEKZ1"}
{"time":"2026-06-11T22:01:39.850198+08:00","level":"INFO","service":"pos-api","caller":"app/pos/api/internal/logic/stake/stake_logic.go:144","msg":"HandleMarketBuyTx: txId=4FnRkNSVt3GVtfqf3jKFb92kz3RqvSLNsgBhRTn5PSS92rznSpVKzhVLsQ1e15pyYbZfJXjJDPcnXbhm8BgWEKZ1"}
{"time":"2026-06-11T22:01:39.851085+08:00","level":"INFO","service":"pos-api","caller":"app/pos/api/internal/logic/stake/stake_logic.go:178","msg":"HandleMarketBuyTx: inserted 1 records for txId=4FnRkNSVt3GVtfqf3jKFb92kz3RqvSLNsgBhRTn5PSS92rznSpVKzhVLsQ1e15pyYbZfJXjJDPcnXbhm8BgWEKZ1"}
{"time":"2026-06-11T22:01:39.852569+08:00","level":"INFO","service":"pos-api","caller":"app/pos/api/internal/task/kafka.go:93","msg":"KafkaConsumerTask: 收到已扫描交易 service=pos subService=market buy token txID=49BmdKH6K8XM2Gjfm64z7g4dipWqcTwcQVHTqKAT5LJCPer47CDyjwui584cyxkPxhbdShgcaVgnNMxJectfuaWm"}
{"time":"2026-06-11T22:01:39.8526+08:00","level":"INFO","service":"pos-api","caller":"app/pos/api/internal/logic/stake/stake_logic.go:144","msg":"HandleMarketBuyTx: txId=49BmdKH6K8XM2Gjfm64z7g4dipWqcTwcQVHTqKAT5LJCPer47CDyjwui584cyxkPxhbdShgcaVgnNMxJectfuaWm"}
{"time":"2026-06-11T22:01:39.854318+08:00","level":"INFO","service":"pos-api","caller":"app/pos/api/internal/logic/stake/stake_logic.go:178","msg":"HandleMarketBuyTx: inserted 1 records for txId=49BmdKH6K8XM2Gjfm64z7g4dipWqcTwcQVHTqKAT5LJCPer47CDyjwui584cyxkPxhbdShgcaVgnNMxJectfuaWm"}
{"time":"2026-06-11T22:01:39.855114+08:00","level":"INFO","service":"pos-api","caller":"app/pos/api/internal/task/kafka.go:93","msg":"KafkaConsumerTask: 收到已扫描交易 service=pos subService=market buy token txID=3HPKN3pxjEc6NDmiEVQQif9Rq37KkTvxz8iBLC1RQEeLFPMdbjDSvomJYrMCckULR9UCSagF28fA9JAbmUYRY7Mx"}
{"time":"2026-06-11T22:01:39.855139+08:00","level":"INFO","service":"pos-api","caller":"app/pos/api/internal/logic/stake/stake_logic.go:144","msg":"HandleMarketBuyTx: txId=3HPKN3pxjEc6NDmiEVQQif9Rq37KkTvxz8iBLC1RQEeLFPMdbjDSvomJYrMCckULR9UCSagF28fA9JAbmUYRY7Mx"}
{"time":"2026-06-11T22:01:39.855936+08:00","level":"INFO","service":"pos-api","caller":"app/pos/api/internal/logic/stake/stake_logic.go:178","msg":"HandleMarketBuyTx: inserted 1 records for txId=3HPKN3pxjEc6NDmiEVQQif9Rq37KkTvxz8iBLC1RQEeLFPMdbjDSvomJYrMCckULR9UCSagF28fA9JAbmUYRY7Mx"}
{"time":"2026-06-11T22:01:39.856449+08:00","level":"INFO","service":"pos-api","caller":"app/pos/api/internal/task/kafka.go:93","msg":"KafkaConsumerTask: 收到已扫描交易 service=pos subService=market buy token txID=4WyP2bo5MqatmSjAp7BV6Cg3dZs4tVXHbt4vXWnrvQSx1CFgKbRRGY76TMHPbRsAABGRf16rJQxS4izogr45aGNh"}
{"time":"2026-06-11T22:01:39.856462+08:00","level":"INFO","service":"pos-api","caller":"app/pos/api/internal/logic/stake/stake_logic.go:144","msg":"HandleMarketBuyTx: txId=4WyP2bo5MqatmSjAp7BV6Cg3dZs4tVXHbt4vXWnrvQSx1CFgKbRRGY76TMHPbRsAABGRf16rJQxS4izogr45aGNh"}
{"time":"2026-06-11T22:01:39.857272+08:00","level":"INFO","service":"pos-api","caller":"app/pos/api/internal/logic/stake/stake_logic.go:178","msg":"HandleMarketBuyTx: inserted 1 records for txId=4WyP2bo5MqatmSjAp7BV6Cg3dZs4tVXHbt4vXWnrvQSx1CFgKbRRGY76TMHPbRsAABGRf16rJQxS4izogr45aGNh"}
{"time":"2026-06-11T22:01:39.857832+08:00","level":"INFO","service":"pos-api","caller":"app/pos/api/internal/task/kafka.go:93","msg":"KafkaConsumerTask: 收到已扫描交易 service=pos subService=market buy token txID=3hKyHFbxkuHRniKnxSZKnEsjdoHVhz323zoktajS862oNrxAydCiKuumb4qfFi4oHwv9t4d6Y3yZUXjWeDLyACAh"}
{"time":"2026-06-11T22:01:39.85785+08:00","level":"INFO","service":"pos-api","caller":"app/pos/api/internal/logic/stake/stake_logic.go:144","msg":"HandleMarketBuyTx: txId=3hKyHFbxkuHRniKnxSZKnEsjdoHVhz323zoktajS862oNrxAydCiKuumb4qfFi4oHwv9t4d6Y3yZUXjWeDLyACAh"}
{"time":"2026-06-11T22:01:39.858632+08:00","level":"INFO","service":"pos-api","caller":"app/pos/api/internal/logic/stake/stake_logic.go:178","msg":"HandleMarketBuyTx: inserted 1 records for txId=3hKyHFbxkuHRniKnxSZKnEsjdoHVhz323zoktajS862oNrxAydCiKuumb4qfFi4oHwv9t4d6Y3yZUXjWeDLyACAh"}
{"time":"2026-06-11T22:01:39.859304+08:00","level":"INFO","service":"pos-api","caller":"app/pos/api/internal/task/kafka.go:93","msg":"KafkaConsumerTask: 收到已扫描交易 service=pos subService=market buy token txID=3pzb7SCgJqzyx4g9EFtJNe2rZmvADju5LyEE11z4Lm2WqQbjfjaRyj3Z335u6kudGiXETvaGagmEm997uenrZXBX"}
{"time":"2026-06-11T22:01:39.859319+08:00","level":"INFO","service":"pos-api","caller":"app/pos/api/internal/logic/stake/stake_logic.go:144","msg":"HandleMarketBuyTx: txId=3pzb7SCgJqzyx4g9EFtJNe2rZmvADju5LyEE11z4Lm2WqQbjfjaRyj3Z335u6kudGiXETvaGagmEm997uenrZXBX"}
{"time":"2026-06-11T22:01:39.86134+08:00","level":"INFO","service":"pos-api","caller":"app/pos/api/internal/logic/stake/stake_logic.go:178","msg":"HandleMarketBuyTx: inserted 1 records for txId=3pzb7SCgJqzyx4g9EFtJNe2rZmvADju5LyEE11z4Lm2WqQbjfjaRyj3Z335u6kudGiXETvaGagmEm997uenrZXBX"}
{"time":"2026-06-11T22:01:39.862127+08:00","level":"INFO","service":"pos-api","caller":"app/pos/api/internal/task/kafka.go:93","msg":"KafkaConsumerTask: 收到已扫描交易 service=pos subService=market buy token txID=5Y3R9KH2EhHyvKvV1A2PtAF7vYVmu3nzqA714pMJaqcx7a6xf6D2CX777Ud7nfsQFhzu79DjGpxssfroW5xYWKU4"}
{"time":"2026-06-11T22:01:39.862142+08:00","level":"INFO","service":"pos-api","caller":"app/pos/api/internal/logic/stake/stake_logic.go:144","msg":"HandleMarketBuyTx: txId=5Y3R9KH2EhHyvKvV1A2PtAF7vYVmu3nzqA714pMJaqcx7a6xf6D2CX777Ud7nfsQFhzu79DjGpxssfroW5xYWKU4"}
{"time":"2026-06-11T22:01:39.863215+08:00","level":"INFO","service":"pos-api","caller":"app/pos/api/internal/logic/stake/stake_logic.go:178","msg":"HandleMarketBuyTx: inserted 1 records for txId=5Y3R9KH2EhHyvKvV1A2PtAF7vYVmu3nzqA714pMJaqcx7a6xf6D2CX777Ud7nfsQFhzu79DjGpxssfroW5xYWKU4"}
{"time":"2026-06-11T22:01:39.864039+08:00","level":"INFO","service":"pos-api","caller":"app/pos/api/internal/task/kafka.go:93","msg":"KafkaConsumerTask: 收到已扫描交易 service=pos subService=market buy token txID=4uyyJHhVxyZ3pM7NvN8YgTyYWk7LsCCAHQYWeiRDo5o7mrph3kDA9RhEaqpfbHAZYf7sTAQd51HRmgDPnkXeo6DM"}
{"time":"2026-06-11T22:01:39.864057+08:00","level":"INFO","service":"pos-api","caller":"app/pos/api/internal/logic/stake/stake_logic.go:144","msg":"HandleMarketBuyTx: txId=4uyyJHhVxyZ3pM7NvN8YgTyYWk7LsCCAHQYWeiRDo5o7mrph3kDA9RhEaqpfbHAZYf7sTAQd51HRmgDPnkXeo6DM"}
{"time":"2026-06-11T22:01:39.865496+08:00","level":"INFO","service":"pos-api","caller":"app/pos/api/internal/logic/stake/stake_logic.go:178","msg":"HandleMarketBuyTx: inserted 1 records for txId=4uyyJHhVxyZ3pM7NvN8YgTyYWk7LsCCAHQYWeiRDo5o7mrph3kDA9RhEaqpfbHAZYf7sTAQd51HRmgDPnkXeo6DM"}
{"time":"2026-06-11T22:01:39.866509+08:00","level":"INFO","service":"pos-api","caller":"app/pos/api/internal/task/kafka.go:93","msg":"KafkaConsumerTask: 收到已扫描交易 service=pos subService=market buy token txID=5ewNALuYbVLwjDggoFuNRfVV4eAitapCE3UufH4RMEewEEXxfLXhEqx8qfkTXvCEPcb2AdVPA1umkHtXGrVYCqZZ"}
{"time":"2026-06-11T22:01:39.866538+08:00","level":"INFO","service":"pos-api","caller":"app/pos/api/internal/logic/stake/stake_logic.go:144","msg":"HandleMarketBuyTx: txId=5ewNALuYbVLwjDggoFuNRfVV4eAitapCE3UufH4RMEewEEXxfLXhEqx8qfkTXvCEPcb2AdVPA1umkHtXGrVYCqZZ"}
{"time":"2026-06-11T22:01:39.868098+08:00","level":"INFO","service":"pos-api","caller":"app/pos/api/internal/logic/stake/stake_logic.go:178","msg":"HandleMarketBuyTx: inserted 1 records for txId=5ewNALuYbVLwjDggoFuNRfVV4eAitapCE3UufH4RMEewEEXxfLXhEqx8qfkTXvCEPcb2AdVPA1umkHtXGrVYCqZZ"}
{"time":"2026-06-11T22:01:39.869186+08:00","level":"INFO","service":"pos-api","caller":"app/pos/api/internal/task/kafka.go:93","msg":"KafkaConsumerTask: 收到已扫描交易 service=pos subService=market buy token txID=5QJHhyNtnMfVGxoJGCPhW5ac4jNdGK1AU26qAGJbZbvPeEYxjSjMK6Wvm34tZxSmJP8CqD9nzCUGWjoy4CxuML2V"}
{"time":"2026-06-11T22:01:39.869224+08:00","level":"INFO","service":"pos-api","caller":"app/pos/api/internal/logic/stake/stake_logic.go:144","msg":"HandleMarketBuyTx: txId=5QJHhyNtnMfVGxoJGCPhW5ac4jNdGK1AU26qAGJbZbvPeEYxjSjMK6Wvm34tZxSmJP8CqD9nzCUGWjoy4CxuML2V"}
{"time":"2026-06-11T22:01:39.870455+08:00","level":"INFO","service":"pos-api","caller":"app/pos/api/internal/logic/stake/stake_logic.go:178","msg":"HandleMarketBuyTx: inserted 1 records for txId=5QJHhyNtnMfVGxoJGCPhW5ac4jNdGK1AU26qAGJbZbvPeEYxjSjMK6Wvm34tZxSmJP8CqD9nzCUGWjoy4CxuML2V"}
{"time":"2026-06-11T22:01:39.871195+08:00","level":"INFO","service":"pos-api","caller":"app/pos/api/internal/task/kafka.go:93","msg":"KafkaConsumerTask: 收到已扫描交易 service=pos subService=market buy token txID=3ET9aDDxVfRAGro9iFVcFm7FndLYB4vvS5RoDLpTzwUaAMo4vQxEFvQxhW5S3iSYxHJTHruJcnudMJvbNRiMkPbj"}
{"time":"2026-06-11T22:01:39.871215+08:00","level":"INFO","service":"pos-api","caller":"app/pos/api/internal/logic/stake/stake_logic.go:144","msg":"HandleMarketBuyTx: txId=3ET9aDDxVfRAGro9iFVcFm7FndLYB4vvS5RoDLpTzwUaAMo4vQxEFvQxhW5S3iSYxHJTHruJcnudMJvbNRiMkPbj"}
{"time":"2026-06-11T22:01:39.872353+08:00","level":"INFO","service":"pos-api","caller":"app/pos/api/internal/logic/stake/stake_logic.go:178","msg":"HandleMarketBuyTx: inserted 1 records for txId=3ET9aDDxVfRAGro9iFVcFm7FndLYB4vvS5RoDLpTzwUaAMo4vQxEFvQxhW5S3iSYxHJTHruJcnudMJvbNRiMkPbj"}
{"time":"2026-06-11T22:01:39.87304+08:00","level":"INFO","service":"pos-api","caller":"app/pos/api/internal/task/kafka.go:93","msg":"KafkaConsumerTask: 收到已扫描交易 service=pos subService=market buy token txID=5H6DprLtkqDaGAjDpD52sMbP4v941wiuBHZQiMy8EUQnqx1yYxkYbBb8vN4NHFPRaEUcLKtt6CMeXyhULqGT9M2x"}
{"time":"2026-06-11T22:01:39.873059+08:00","level":"INFO","service":"pos-api","caller":"app/pos/api/internal/logic/stake/stake_logic.go:144","msg":"HandleMarketBuyTx: txId=5H6DprLtkqDaGAjDpD52sMbP4v941wiuBHZQiMy8EUQnqx1yYxkYbBb8vN4NHFPRaEUcLKtt6CMeXyhULqGT9M2x"}
{"time":"2026-06-11T22:01:39.8747+08:00","level":"INFO","service":"pos-api","caller":"app/pos/api/internal/logic/stake/stake_logic.go:178","msg":"HandleMarketBuyTx: inserted 1 records for txId=5H6DprLtkqDaGAjDpD52sMbP4v941wiuBHZQiMy8EUQnqx1yYxkYbBb8vN4NHFPRaEUcLKtt6CMeXyhULqGT9M2x"}
{"time":"2026-06-11T22:01:39.875916+08:00","level":"INFO","service":"pos-api","caller":"app/pos/api/internal/task/kafka.go:93","msg":"KafkaConsumerTask: 收到已扫描交易 service=pos subService=market buy token txID=FC9EidNb8MjX9SoAdgtkmXjb39Wj6pbT8agaxyrn3fxAkgRV5QxYGZGRMUM5YuVCjctcxKrTiiFgJ6F1r14exTk"}
{"time":"2026-06-11T22:01:39.875934+08:00","level":"INFO","service":"pos-api","caller":"app/pos/api/internal/logic/stake/stake_logic.go:144","msg":"HandleMarketBuyTx: txId=FC9EidNb8MjX9SoAdgtkmXjb39Wj6pbT8agaxyrn3fxAkgRV5QxYGZGRMUM5YuVCjctcxKrTiiFgJ6F1r14exTk"}
{"time":"2026-06-11T22:01:39.87736+08:00","level":"INFO","service":"pos-api","caller":"app/pos/api/internal/logic/stake/stake_logic.go:178","msg":"HandleMarketBuyTx: inserted 1 records for txId=FC9EidNb8MjX9SoAdgtkmXjb39Wj6pbT8agaxyrn3fxAkgRV5QxYGZGRMUM5YuVCjctcxKrTiiFgJ6F1r14exTk"}
{"time":"2026-06-11T22:01:39.878152+08:00","level":"INFO","service":"pos-api","caller":"app/pos/api/internal/task/kafka.go:93","msg":"KafkaConsumerTask: 收到已扫描交易 service=pos subService=market buy token txID=5aJiMwofPxaGvetne6zJK91FwE7KcFAk4J3kTQ84E3ayqG4pfq4s5hYcQ4R2tVB7zgk78XWmphauWZLAyUVnBSNc"}
{"time":"2026-06-11T22:01:39.878168+08:00","level":"INFO","service":"pos-api","caller":"app/pos/api/internal/logic/stake/stake_logic.go:144","msg":"HandleMarketBuyTx: txId=5aJiMwofPxaGvetne6zJK91FwE7KcFAk4J3kTQ84E3ayqG4pfq4s5hYcQ4R2tVB7zgk78XWmphauWZLAyUVnBSNc"}
{"time":"2026-06-11T22:01:39.879107+08:00","level":"INFO","service":"pos-api","caller":"app/pos/api/internal/logic/stake/stake_logic.go:178","msg":"HandleMarketBuyTx: inserted 1 records for txId=5aJiMwofPxaGvetne6zJK91FwE7KcFAk4J3kTQ84E3ayqG4pfq4s5hYcQ4R2tVB7zgk78XWmphauWZLAyUVnBSNc"}
{"time":"2026-06-11T22:01:39.88004+08:00","level":"INFO","service":"pos-api","caller":"app/pos/api/internal/task/kafka.go:93","msg":"KafkaConsumerTask: 收到已扫描交易 service=pos subService=market buy token txID=2DeqV3boj4Svdw6DgVjr1eiQDEub9FsbaBx2gGgThb6Wcqhx9DbHbeACHewYQRSsPvm6m3WoUeBujbFydiYBReyV"}
{"time":"2026-06-11T22:01:39.880061+08:00","level":"INFO","service":"pos-api","caller":"app/pos/api/internal/logic/stake/stake_logic.go:144","msg":"HandleMarketBuyTx: txId=2DeqV3boj4Svdw6DgVjr1eiQDEub9FsbaBx2gGgThb6Wcqhx9DbHbeACHewYQRSsPvm6m3WoUeBujbFydiYBReyV"}
{"time":"2026-06-11T22:01:39.881089+08:00","level":"INFO","service":"pos-api","caller":"app/pos/api/internal/logic/stake/stake_logic.go:178","msg":"HandleMarketBuyTx: inserted 1 records for txId=2DeqV3boj4Svdw6DgVjr1eiQDEub9FsbaBx2gGgThb6Wcqhx9DbHbeACHewYQRSsPvm6m3WoUeBujbFydiYBReyV"}
{"time":"2026-06-11T22:01:39.882349+08:00","level":"INFO","service":"pos-api","caller":"app/pos/api/internal/task/kafka.go:93","msg":"KafkaConsumerTask: 收到已扫描交易 service=pos subService=market buy token txID=3wsoJ7XYm6rGzCJ6AmtR9Ardg6LQHoEyqYwi9yfNSnqF3bbSCTrApqF3DSyQ7NmSU8Rk25obqiNtyQccoxQck3We"}
{"time":"2026-06-11T22:01:39.882377+08:00","level":"INFO","service":"pos-api","caller":"app/pos/api/internal/logic/stake/stake_logic.go:144","msg":"HandleMarketBuyTx: txId=3wsoJ7XYm6rGzCJ6AmtR9Ardg6LQHoEyqYwi9yfNSnqF3bbSCTrApqF3DSyQ7NmSU8Rk25obqiNtyQccoxQck3We"}
{"time":"2026-06-11T22:01:39.883529+08:00","level":"INFO","service":"pos-api","caller":"app/pos/api/internal/logic/stake/stake_logic.go:178","msg":"HandleMarketBuyTx: inserted 1 records for txId=3wsoJ7XYm6rGzCJ6AmtR9Ardg6LQHoEyqYwi9yfNSnqF3bbSCTrApqF3DSyQ7NmSU8Rk25obqiNtyQccoxQck3We"}
{"time":"2026-06-11T22:01:39.884158+08:00","level":"INFO","service":"pos-api","caller":"app/pos/api/internal/task/kafka.go:93","msg":"KafkaConsumerTask: 收到已扫描交易 service=pos subService=market buy token txID=4aL6xAu9KaDkYrc79hsXubwiTQNKUmmNeL1gniquZ58EW31cKLHweTriKoacLj1z7jCxj6tvZomNJGy3WYWydaDh"}
{"time":"2026-06-11T22:01:39.884178+08:00","level":"INFO","service":"pos-api","caller":"app/pos/api/internal/logic/stake/stake_logic.go:144","msg":"HandleMarketBuyTx: txId=4aL6xAu9KaDkYrc79hsXubwiTQNKUmmNeL1gniquZ58EW31cKLHweTriKoacLj1z7jCxj6tvZomNJGy3WYWydaDh"}
{"time":"2026-06-11T22:01:39.884927+08:00","level":"INFO","service":"pos-api","caller":"app/pos/api/internal/logic/stake/stake_logic.go:178","msg":"HandleMarketBuyTx: inserted 1 records for txId=4aL6xAu9KaDkYrc79hsXubwiTQNKUmmNeL1gniquZ58EW31cKLHweTriKoacLj1z7jCxj6tvZomNJGy3WYWydaDh"}
{"time":"2026-06-11T22:01:39.885658+08:00","level":"INFO","service":"pos-api","caller":"app/pos/api/internal/task/kafka.go:93","msg":"KafkaConsumerTask: 收到已扫描交易 service=pos subService=market buy token txID=4GxyTfrXpwHCYwLoCgxMbU25FwAPffgExL3KsA3CbmGMY11SKF19Nkxwjjf5NwNjqmWZRUvopacPqko3E42RoGiP"}
{"time":"2026-06-11T22:01:39.885678+08:00","level":"INFO","service":"pos-api","caller":"app/pos/api/internal/logic/stake/stake_logic.go:144","msg":"HandleMarketBuyTx: txId=4GxyTfrXpwHCYwLoCgxMbU25FwAPffgExL3KsA3CbmGMY11SKF19Nkxwjjf5NwNjqmWZRUvopacPqko3E42RoGiP"}
{"time":"2026-06-11T22:01:39.886903+08:00","level":"INFO","service":"pos-api","caller":"app/pos/api/internal/logic/stake/stake_logic.go:178","msg":"HandleMarketBuyTx: inserted 1 records for txId=4GxyTfrXpwHCYwLoCgxMbU25FwAPffgExL3KsA3CbmGMY11SKF19Nkxwjjf5NwNjqmWZRUvopacPqko3E42RoGiP"}
{"time":"2026-06-11T22:01:39.887774+08:00","level":"INFO","service":"pos-api","caller":"app/pos/api/internal/task/kafka.go:93","msg":"KafkaConsumerTask: 收到已扫描交易 service=pos subService=market buy token txID=4hnR6KFM9aTPJJiDEjbzAmdSxwvsko9G9DxXMeLACexK7vP9u4RPrgZDt4XR8RzSpJwY9nRWwmvn4L2zGu5SKFSD"}
{"time":"2026-06-11T22:01:39.887788+08:00","level":"INFO","service":"pos-api","caller":"app/pos/api/internal/logic/stake/stake_logic.go:144","msg":"HandleMarketBuyTx: txId=4hnR6KFM9aTPJJiDEjbzAmdSxwvsko9G9DxXMeLACexK7vP9u4RPrgZDt4XR8RzSpJwY9nRWwmvn4L2zGu5SKFSD"}
{"time":"2026-06-11T22:01:39.889724+08:00","level":"INFO","service":"pos-api","caller":"app/pos/api/internal/logic/stake/stake_logic.go:178","msg":"HandleMarketBuyTx: inserted 1 records for txId=4hnR6KFM9aTPJJiDEjbzAmdSxwvsko9G9DxXMeLACexK7vP9u4RPrgZDt4XR8RzSpJwY9nRWwmvn4L2zGu5SKFSD"}
{"time":"2026-06-11T22:01:39.890533+08:00","level":"INFO","service":"pos-api","caller":"app/pos/api/internal/task/kafka.go:93","msg":"KafkaConsumerTask: 收到已扫描交易 service=pos subService=market buy token txID=3257qiKYhiCsYqpZ2bRE29KovxVNSkSBSiHeGKPU4awEqLkn87m3nAWCgRa1PDr9HGtSaG54e2xEHD2h1nuaDiaV"}
{"time":"2026-06-11T22:01:39.890553+08:00","level":"INFO","service":"pos-api","caller":"app/pos/api/internal/logic/stake/stake_logic.go:144","msg":"HandleMarketBuyTx: txId=3257qiKYhiCsYqpZ2bRE29KovxVNSkSBSiHeGKPU4awEqLkn87m3nAWCgRa1PDr9HGtSaG54e2xEHD2h1nuaDiaV"}
{"time":"2026-06-11T22:01:39.891772+08:00","level":"INFO","service":"pos-api","caller":"app/pos/api/internal/logic/stake/stake_logic.go:178","msg":"HandleMarketBuyTx: inserted 1 records for txId=3257qiKYhiCsYqpZ2bRE29KovxVNSkSBSiHeGKPU4awEqLkn87m3nAWCgRa1PDr9HGtSaG54e2xEHD2h1nuaDiaV"}
{"time":"2026-06-11T22:01:39.892479+08:00","level":"INFO","service":"pos-api","caller":"app/pos/api/internal/task/kafka.go:93","msg":"KafkaConsumerTask: 收到已扫描交易 service=pos subService=market buy token txID=4DX7tf5m1kG6aQqZ1bNCMusLfrAL62FWgg4VB3oJhFinUFHi64KfZ2nDBX1cB7yQurqrvthcYeKLitkoBFEfYwab"}
{"time":"2026-06-11T22:01:39.892494+08:00","level":"INFO","service":"pos-api","caller":"app/pos/api/internal/logic/stake/stake_logic.go:144","msg":"HandleMarketBuyTx: txId=4DX7tf5m1kG6aQqZ1bNCMusLfrAL62FWgg4VB3oJhFinUFHi64KfZ2nDBX1cB7yQurqrvthcYeKLitkoBFEfYwab"}
{"time":"2026-06-11T22:01:39.893938+08:00","level":"INFO","service":"pos-api","caller":"app/pos/api/internal/logic/stake/stake_logic.go:178","msg":"HandleMarketBuyTx: inserted 1 records for txId=4DX7tf5m1kG6aQqZ1bNCMusLfrAL62FWgg4VB3oJhFinUFHi64KfZ2nDBX1cB7yQurqrvthcYeKLitkoBFEfYwab"}
{"time":"2026-06-11T22:01:39.89527+08:00","level":"INFO","service":"pos-api","caller":"app/pos/api/internal/task/kafka.go:93","msg":"KafkaConsumerTask: 收到已扫描交易 service=pos subService=market buy token txID=3Fvwb6NR7N6Bfv7xTdoi2Vg8Hhmov3MXcYuCCrTYz94PTseE7jE9VaZaN7zphpJzhaSJieXZBnaNBSstcpx8avFx"}
{"time":"2026-06-11T22:01:39.895288+08:00","level":"INFO","service":"pos-api","caller":"app/pos/api/internal/logic/stake/stake_logic.go:144","msg":"HandleMarketBuyTx: txId=3Fvwb6NR7N6Bfv7xTdoi2Vg8Hhmov3MXcYuCCrTYz94PTseE7jE9VaZaN7zphpJzhaSJieXZBnaNBSstcpx8avFx"}
{"time":"2026-06-11T22:01:39.897411+08:00","level":"INFO","service":"pos-api","caller":"app/pos/api/internal/logic/stake/stake_logic.go:178","msg":"HandleMarketBuyTx: inserted 1 records for txId=3Fvwb6NR7N6Bfv7xTdoi2Vg8Hhmov3MXcYuCCrTYz94PTseE7jE9VaZaN7zphpJzhaSJieXZBnaNBSstcpx8avFx"}
{"time":"2026-06-11T22:01:39.898623+08:00","level":"INFO","service":"pos-api","caller":"app/pos/api/internal/task/kafka.go:93","msg":"KafkaConsumerTask: 收到已扫描交易 service=pos subService=market buy token txID=2C7Fb1fCHhhP5Tprr8BZJbySgjoZk6Mz9LoFk663v9Ab5C6oVwWCEryjTd6bHWLKpjM2mvXg12NfWwGdbkv5wBES"}
{"time":"2026-06-11T22:01:39.898642+08:00","level":"INFO","service":"pos-api","caller":"app/pos/api/internal/logic/stake/stake_logic.go:144","msg":"HandleMarketBuyTx: txId=2C7Fb1fCHhhP5Tprr8BZJbySgjoZk6Mz9LoFk663v9Ab5C6oVwWCEryjTd6bHWLKpjM2mvXg12NfWwGdbkv5wBES"}
{"time":"2026-06-11T22:01:39.899783+08:00","level":"INFO","service":"pos-api","caller":"app/pos/api/internal/logic/stake/stake_logic.go:178","msg":"HandleMarketBuyTx: inserted 1 records for txId=2C7Fb1fCHhhP5Tprr8BZJbySgjoZk6Mz9LoFk663v9Ab5C6oVwWCEryjTd6bHWLKpjM2mvXg12NfWwGdbkv5wBES"}
{"time":"2026-06-11T22:01:39.900528+08:00","level":"INFO","service":"pos-api","caller":"app/pos/api/internal/task/kafka.go:93","msg":"KafkaConsumerTask: 收到已扫描交易 service=pos subService=market buy token txID=5hAVXx96u4xBkQ9ga1nfiidcMFXFQpgTaV8hrYKCTJDGMNug4sUSNX6uXpxx6dqB1eAKqnCeHULNJcToAQDsKrVc"}
{"time":"2026-06-11T22:01:39.900542+08:00","level":"INFO","service":"pos-api","caller":"app/pos/api/internal/logic/stake/stake_logic.go:144","msg":"HandleMarketBuyTx: txId=5hAVXx96u4xBkQ9ga1nfiidcMFXFQpgTaV8hrYKCTJDGMNug4sUSNX6uXpxx6dqB1eAKqnCeHULNJcToAQDsKrVc"}
{"time":"2026-06-11T22:01:39.901836+08:00","level":"INFO","service":"pos-api","caller":"app/pos/api/internal/logic/stake/stake_logic.go:178","msg":"HandleMarketBuyTx: inserted 1 records for txId=5hAVXx96u4xBkQ9ga1nfiidcMFXFQpgTaV8hrYKCTJDGMNug4sUSNX6uXpxx6dqB1eAKqnCeHULNJcToAQDsKrVc"}
{"time":"2026-06-11T22:01:39.903013+08:00","level":"INFO","service":"pos-api","caller":"app/pos/api/internal/task/kafka.go:93","msg":"KafkaConsumerTask: 收到已扫描交易 service=pos subService=market buy token txID=HPKQfqDSh89CChyokkXC6grVXgdy2PCp5UNDuMQbMXJQABpDLx5kENvqTC9Z28PRWuykfLBDFuM7bgfofjebpmT"}
{"time":"2026-06-11T22:01:39.903038+08:00","level":"INFO","service":"pos-api","caller":"app/pos/api/internal/logic/stake/stake_logic.go:144","msg":"HandleMarketBuyTx: txId=HPKQfqDSh89CChyokkXC6grVXgdy2PCp5UNDuMQbMXJQABpDLx5kENvqTC9Z28PRWuykfLBDFuM7bgfofjebpmT"}
{"time":"2026-06-11T22:01:39.904535+08:00","level":"INFO","service":"pos-api","caller":"app/pos/api/internal/logic/stake/stake_logic.go:178","msg":"HandleMarketBuyTx: inserted 1 records for txId=HPKQfqDSh89CChyokkXC6grVXgdy2PCp5UNDuMQbMXJQABpDLx5kENvqTC9Z28PRWuykfLBDFuM7bgfofjebpmT"}
{"time":"2026-06-11T22:01:39.905508+08:00","level":"INFO","service":"pos-api","caller":"app/pos/api/internal/task/kafka.go:93","msg":"KafkaConsumerTask: 收到已扫描交易 service=pos subService=market buy token txID=4TuQQW1RsLuZFf8jkuyq9pyJoS8VBrbnNr2WryKpTpnHSRZRAntkcr2ZcNXP2ATG6vMNWepPbYeE6U96c59osXfB"}
{"time":"2026-06-11T22:01:39.905528+08:00","level":"INFO","service":"pos-api","caller":"app/pos/api/internal/logic/stake/stake_logic.go:144","msg":"HandleMarketBuyTx: txId=4TuQQW1RsLuZFf8jkuyq9pyJoS8VBrbnNr2WryKpTpnHSRZRAntkcr2ZcNXP2ATG6vMNWepPbYeE6U96c59osXfB"}
{"time":"2026-06-11T22:01:39.906569+08:00","level":"INFO","service":"pos-api","caller":"app/pos/api/internal/logic/stake/stake_logic.go:178","msg":"HandleMarketBuyTx: inserted 1 records for txId=4TuQQW1RsLuZFf8jkuyq9pyJoS8VBrbnNr2WryKpTpnHSRZRAntkcr2ZcNXP2ATG6vMNWepPbYeE6U96c59osXfB"}
{"time":"2026-06-11T22:01:39.907347+08:00","level":"INFO","service":"pos-api","caller":"app/pos/api/internal/task/kafka.go:93","msg":"KafkaConsumerTask: 收到已扫描交易 service=pos subService=market buy token txID=3MXneXET4A3rGrSLdsc9RrZDGHFWwm2mAp4ktfeVkSQEEhwTkysR5tdJHDFBZZMuWtF4xQFTdt4Muo25AV8HhdHr"}
{"time":"2026-06-11T22:01:39.907362+08:00","level":"INFO","service":"pos-api","caller":"app/pos/api/internal/logic/stake/stake_logic.go:144","msg":"HandleMarketBuyTx: txId=3MXneXET4A3rGrSLdsc9RrZDGHFWwm2mAp4ktfeVkSQEEhwTkysR5tdJHDFBZZMuWtF4xQFTdt4Muo25AV8HhdHr"}
{"time":"2026-06-11T22:01:39.908373+08:00","level":"INFO","service":"pos-api","caller":"app/pos/api/internal/logic/stake/stake_logic.go:178","msg":"HandleMarketBuyTx: inserted 1 records for txId=3MXneXET4A3rGrSLdsc9RrZDGHFWwm2mAp4ktfeVkSQEEhwTkysR5tdJHDFBZZMuWtF4xQFTdt4Muo25AV8HhdHr"}
{"time":"2026-06-11T22:01:39.909162+08:00","level":"INFO","service":"pos-api","caller":"app/pos/api/internal/task/kafka.go:93","msg":"KafkaConsumerTask: 收到已扫描交易 service=pos subService=market buy token txID=2kWa7VveMXC2dqx6QTXJ7vaXABzo6xaGXDqCMoK51kkkZZVbUKTRbNcBokg4nVy9HNuvzaRUnP6ExLeGL3G7mfY6"}
{"time":"2026-06-11T22:01:39.909189+08:00","level":"INFO","service":"pos-api","caller":"app/pos/api/internal/logic/stake/stake_logic.go:144","msg":"HandleMarketBuyTx: txId=2kWa7VveMXC2dqx6QTXJ7vaXABzo6xaGXDqCMoK51kkkZZVbUKTRbNcBokg4nVy9HNuvzaRUnP6ExLeGL3G7mfY6"}
{"time":"2026-06-11T22:01:39.9105+08:00","level":"INFO","service":"pos-api","caller":"app/pos/api/internal/logic/stake/stake_logic.go:178","msg":"HandleMarketBuyTx: inserted 1 records for txId=2kWa7VveMXC2dqx6QTXJ7vaXABzo6xaGXDqCMoK51kkkZZVbUKTRbNcBokg4nVy9HNuvzaRUnP6ExLeGL3G7mfY6"}
{"time":"2026-06-11T22:01:39.911218+08:00","level":"INFO","service":"pos-api","caller":"app/pos/api/internal/task/kafka.go:93","msg":"KafkaConsumerTask: 收到已扫描交易 service=pos subService=market buy token txID=4ATS8Xe36G98j7YhcG4H66FpBasvor3xR4Uin4Wmgg8GN6pm76PpgFPARhWvbN87fxq3XMzAQHqVz7uj87dBEBsi"}
{"time":"2026-06-11T22:01:39.911244+08:00","level":"INFO","service":"pos-api","caller":"app/pos/api/internal/logic/stake/stake_logic.go:144","msg":"HandleMarketBuyTx: txId=4ATS8Xe36G98j7YhcG4H66FpBasvor3xR4Uin4Wmgg8GN6pm76PpgFPARhWvbN87fxq3XMzAQHqVz7uj87dBEBsi"}
{"time":"2026-06-11T22:01:39.914344+08:00","level":"INFO","service":"pos-api","caller":"app/pos/api/internal/logic/stake/stake_logic.go:178","msg":"HandleMarketBuyTx: inserted 1 records for txId=4ATS8Xe36G98j7YhcG4H66FpBasvor3xR4Uin4Wmgg8GN6pm76PpgFPARhWvbN87fxq3XMzAQHqVz7uj87dBEBsi"}
{"time":"2026-06-11T22:01:39.915923+08:00","level":"INFO","service":"pos-api","caller":"app/pos/api/internal/task/kafka.go:93","msg":"KafkaConsumerTask: 收到已扫描交易 service=pos subService=market buy token txID=531xpaRURkum7XgPGGQqMTjq646VqZ6AsMJcL9JUevphUmLmWpP7UwoVAz2EStKJQEVEDpD9nCnsmypHV5VQ8KeQ"}
{"time":"2026-06-11T22:01:39.916132+08:00","level":"INFO","service":"pos-api","caller":"app/pos/api/internal/logic/stake/stake_logic.go:144","msg":"HandleMarketBuyTx: txId=531xpaRURkum7XgPGGQqMTjq646VqZ6AsMJcL9JUevphUmLmWpP7UwoVAz2EStKJQEVEDpD9nCnsmypHV5VQ8KeQ"}
{"time":"2026-06-11T22:01:39.918777+08:00","level":"INFO","service":"pos-api","caller":"app/pos/api/internal/logic/stake/stake_logic.go:178","msg":"HandleMarketBuyTx: inserted 1 records for txId=531xpaRURkum7XgPGGQqMTjq646VqZ6AsMJcL9JUevphUmLmWpP7UwoVAz2EStKJQEVEDpD9nCnsmypHV5VQ8KeQ"}
{"time":"2026-06-11T22:01:39.919681+08:00","level":"INFO","service":"pos-api","caller":"app/pos/api/internal/task/kafka.go:93","msg":"KafkaConsumerTask: 收到已扫描交易 service=pos subService=market buy token txID=4pDjccjT9bvCo97L3qYL5JEw86nbKjjXgSWLC1RoFPoASeXwAeZgUEC77iQqmkqraczYdkTQ2Www3V2Ner18B3gj"}
{"time":"2026-06-11T22:01:39.919699+08:00","level":"INFO","service":"pos-api","caller":"app/pos/api/internal/logic/stake/stake_logic.go:144","msg":"HandleMarketBuyTx: txId=4pDjccjT9bvCo97L3qYL5JEw86nbKjjXgSWLC1RoFPoASeXwAeZgUEC77iQqmkqraczYdkTQ2Www3V2Ner18B3gj"}
{"time":"2026-06-11T22:01:39.921062+08:00","level":"INFO","service":"pos-api","caller":"app/pos/api/internal/logic/stake/stake_logic.go:178","msg":"HandleMarketBuyTx: inserted 1 records for txId=4pDjccjT9bvCo97L3qYL5JEw86nbKjjXgSWLC1RoFPoASeXwAeZgUEC77iQqmkqraczYdkTQ2Www3V2Ner18B3gj"}
{"time":"2026-06-11T22:01:39.922635+08:00","level":"INFO","service":"pos-api","caller":"app/pos/api/internal/task/kafka.go:93","msg":"KafkaConsumerTask: 收到已扫描交易 service=pos subService=market buy token txID=42iDfB2w3pdKUqJx73aigXx9UYGevTa12ZdwNRmnWKuxm5FhYjafU5SgzqHrm2AufQ8BPWj77vyHqurSpdakfJDh"}
{"time":"2026-06-11T22:01:39.922648+08:00","level":"INFO","service":"pos-api","caller":"app/pos/api/internal/logic/stake/stake_logic.go:144","msg":"HandleMarketBuyTx: txId=42iDfB2w3pdKUqJx73aigXx9UYGevTa12ZdwNRmnWKuxm5FhYjafU5SgzqHrm2AufQ8BPWj77vyHqurSpdakfJDh"}
{"time":"2026-06-11T22:01:39.925781+08:00","level":"INFO","service":"pos-api","caller":"app/pos/api/internal/logic/stake/stake_logic.go:178","msg":"HandleMarketBuyTx: inserted 1 records for txId=42iDfB2w3pdKUqJx73aigXx9UYGevTa12ZdwNRmnWKuxm5FhYjafU5SgzqHrm2AufQ8BPWj77vyHqurSpdakfJDh"}
{"time":"2026-06-11T22:01:39.940549+08:00","level":"INFO","service":"pos-api","caller":"app/pos/api/internal/task/kafka.go:93","msg":"KafkaConsumerTask: 收到已扫描交易 service=pos subService=market buy token txID=LmuuurzVZQrhxzkanNEjQqqdGBFwbUhjDHUJNnVNMYaA42T8yRcPe3mRQ16735SQbPwnPa8B3wsEFF2PfA6vrZq"}
{"time":"2026-06-11T22:01:39.940612+08:00","level":"INFO","service":"pos-api","caller":"app/pos/api/internal/logic/stake/stake_logic.go:144","msg":"HandleMarketBuyTx: txId=LmuuurzVZQrhxzkanNEjQqqdGBFwbUhjDHUJNnVNMYaA42T8yRcPe3mRQ16735SQbPwnPa8B3wsEFF2PfA6vrZq"}
{"time":"2026-06-11T22:01:39.948202+08:00","level":"INFO","service":"pos-api","caller":"app/pos/api/internal/logic/stake/stake_logic.go:178","msg":"HandleMarketBuyTx: inserted 1 records for txId=LmuuurzVZQrhxzkanNEjQqqdGBFwbUhjDHUJNnVNMYaA42T8yRcPe3mRQ16735SQbPwnPa8B3wsEFF2PfA6vrZq"}
{"time":"2026-06-11T22:01:39.949682+08:00","level":"INFO","service":"pos-api","caller":"app/pos/api/internal/task/kafka.go:93","msg":"KafkaConsumerTask: 收到已扫描交易 service=pos subService=market buy token txID=5pxye1hSPmEqXozWBnyW4HWQtNsLhAoRUnQVkGgnz3H1GiPFSh3qVDT5nXvtNC8kmz7xtHdWBy2mGsYMTENDqxHG"}
{"time":"2026-06-11T22:01:39.949701+08:00","level":"INFO","service":"pos-api","caller":"app/pos/api/internal/logic/stake/stake_logic.go:144","msg":"HandleMarketBuyTx: txId=5pxye1hSPmEqXozWBnyW4HWQtNsLhAoRUnQVkGgnz3H1GiPFSh3qVDT5nXvtNC8kmz7xtHdWBy2mGsYMTENDqxHG"}
{"time":"2026-06-11T22:01:39.951006+08:00","level":"INFO","service":"pos-api","caller":"app/pos/api/internal/logic/stake/stake_logic.go:178","msg":"HandleMarketBuyTx: inserted 1 records for txId=5pxye1hSPmEqXozWBnyW4HWQtNsLhAoRUnQVkGgnz3H1GiPFSh3qVDT5nXvtNC8kmz7xtHdWBy2mGsYMTENDqxHG"}
{"time":"2026-06-11T22:01:39.952096+08:00","level":"INFO","service":"pos-api","caller":"app/pos/api/internal/task/kafka.go:93","msg":"KafkaConsumerTask: 收到已扫描交易 service=pos subService=market buy token txID=4Cswj2ZDunqrLbiNYqgZHK4u7hmDrT6mcDgBJh64f36PmG5KdZY3hxNw52HSgM5zxesJCENRSCi1N9B2r2ESvoHw"}
{"time":"2026-06-11T22:01:39.952141+08:00","level":"INFO","service":"pos-api","caller":"app/pos/api/internal/logic/stake/stake_logic.go:144","msg":"HandleMarketBuyTx: txId=4Cswj2ZDunqrLbiNYqgZHK4u7hmDrT6mcDgBJh64f36PmG5KdZY3hxNw52HSgM5zxesJCENRSCi1N9B2r2ESvoHw"}
{"time":"2026-06-11T22:01:39.953089+08:00","level":"INFO","service":"pos-api","caller":"app/pos/api/internal/logic/stake/stake_logic.go:178","msg":"HandleMarketBuyTx: inserted 1 records for txId=4Cswj2ZDunqrLbiNYqgZHK4u7hmDrT6mcDgBJh64f36PmG5KdZY3hxNw52HSgM5zxesJCENRSCi1N9B2r2ESvoHw"}
{"time":"2026-06-11T22:01:39.95379+08:00","level":"INFO","service":"pos-api","caller":"app/pos/api/internal/task/kafka.go:93","msg":"KafkaConsumerTask: 收到已扫描交易 service=pos subService=market buy token txID=2WFU9skvaFf8oMLvorajuo568Sqxx6WciXn9qEGgrbexpCmdQJUnx7c8weNVT9UioRqiypxHr3jQ5nVQyCMwLH6N"}
{"time":"2026-06-11T22:01:39.953812+08:00","level":"INFO","service":"pos-api","caller":"app/pos/api/internal/logic/stake/stake_logic.go:144","msg":"HandleMarketBuyTx: txId=2WFU9skvaFf8oMLvorajuo568Sqxx6WciXn9qEGgrbexpCmdQJUnx7c8weNVT9UioRqiypxHr3jQ5nVQyCMwLH6N"}
{"time":"2026-06-11T22:01:39.955052+08:00","level":"INFO","service":"pos-api","caller":"app/pos/api/internal/logic/stake/stake_logic.go:178","msg":"HandleMarketBuyTx: inserted 1 records for txId=2WFU9skvaFf8oMLvorajuo568Sqxx6WciXn9qEGgrbexpCmdQJUnx7c8weNVT9UioRqiypxHr3jQ5nVQyCMwLH6N"}
{"time":"2026-06-11T22:01:39.955729+08:00","level":"INFO","service":"pos-api","caller":"app/pos/api/internal/task/kafka.go:93","msg":"KafkaConsumerTask: 收到已扫描交易 service=pos subService=market buy token txID=53zBwCCfm7BdjaaLfo7iM1U987uAjeLCNK8RgvW1kxLpEeZvUKwnvAgjhhDLh4nAMC58KaFqutxFRPXbau2iHZ2Z"}
{"time":"2026-06-11T22:01:39.955747+08:00","level":"INFO","service":"pos-api","caller":"app/pos/api/internal/logic/stake/stake_logic.go:144","msg":"HandleMarketBuyTx: txId=53zBwCCfm7BdjaaLfo7iM1U987uAjeLCNK8RgvW1kxLpEeZvUKwnvAgjhhDLh4nAMC58KaFqutxFRPXbau2iHZ2Z"}
{"time":"2026-06-11T22:01:39.956509+08:00","level":"INFO","service":"pos-api","caller":"app/pos/api/internal/logic/stake/stake_logic.go:178","msg":"HandleMarketBuyTx: inserted 1 records for txId=53zBwCCfm7BdjaaLfo7iM1U987uAjeLCNK8RgvW1kxLpEeZvUKwnvAgjhhDLh4nAMC58KaFqutxFRPXbau2iHZ2Z"}
{"time":"2026-06-11T22:01:39.957009+08:00","level":"INFO","service":"pos-api","caller":"app/pos/api/internal/task/kafka.go:93","msg":"KafkaConsumerTask: 收到已扫描交易 service=pos subService=market buy token txID=4Xo57FaKQyEFNubHDfsZXm9NmEAKLicm1HFEyBAsz4UjTGjcpBEy2iZPppwNh1gFroxhpXBnGoahAQf7Xn8QJmAF"}
{"time":"2026-06-11T22:01:39.957024+08:00","level":"INFO","service":"pos-api","caller":"app/pos/api/internal/logic/stake/stake_logic.go:144","msg":"HandleMarketBuyTx: txId=4Xo57FaKQyEFNubHDfsZXm9NmEAKLicm1HFEyBAsz4UjTGjcpBEy2iZPppwNh1gFroxhpXBnGoahAQf7Xn8QJmAF"}
{"time":"2026-06-11T22:01:39.957786+08:00","level":"INFO","service":"pos-api","caller":"app/pos/api/internal/logic/stake/stake_logic.go:178","msg":"HandleMarketBuyTx: inserted 1 records for txId=4Xo57FaKQyEFNubHDfsZXm9NmEAKLicm1HFEyBAsz4UjTGjcpBEy2iZPppwNh1gFroxhpXBnGoahAQf7Xn8QJmAF"}
{"time":"2026-06-11T22:01:39.95839+08:00","level":"INFO","service":"pos-api","caller":"app/pos/api/internal/task/kafka.go:93","msg":"KafkaConsumerTask: 收到已扫描交易 service=pos subService=market buy token txID=2guPbHvTey8SStNPNoZKrkyRUspvmcASAccjcoKk6i9LQb6ngC2n8aMVJDKRvWfmmtxSwDaHDdzFhGpCNQaaNAj1"}
{"time":"2026-06-11T22:01:39.95841+08:00","level":"INFO","service":"pos-api","caller":"app/pos/api/internal/logic/stake/stake_logic.go:144","msg":"HandleMarketBuyTx: txId=2guPbHvTey8SStNPNoZKrkyRUspvmcASAccjcoKk6i9LQb6ngC2n8aMVJDKRvWfmmtxSwDaHDdzFhGpCNQaaNAj1"}
{"time":"2026-06-11T22:01:39.95916+08:00","level":"INFO","service":"pos-api","caller":"app/pos/api/internal/logic/stake/stake_logic.go:178","msg":"HandleMarketBuyTx: inserted 1 records for txId=2guPbHvTey8SStNPNoZKrkyRUspvmcASAccjcoKk6i9LQb6ngC2n8aMVJDKRvWfmmtxSwDaHDdzFhGpCNQaaNAj1"}
{"time":"2026-06-11T22:01:39.959661+08:00","level":"INFO","service":"pos-api","caller":"app/pos/api/internal/task/kafka.go:93","msg":"KafkaConsumerTask: 收到已扫描交易 service=pos subService=market buy token txID=4ZWzoVxKnFvBSYTGEkeiY2h1H2sBiNTmxa22tQkW7T5zWeZdRJBD3jNvMHddV3ybf7hTdSVvcAhLzfJrUygoihFT"}
{"time":"2026-06-11T22:01:39.959736+08:00","level":"INFO","service":"pos-api","caller":"app/pos/api/internal/logic/stake/stake_logic.go:144","msg":"HandleMarketBuyTx: txId=4ZWzoVxKnFvBSYTGEkeiY2h1H2sBiNTmxa22tQkW7T5zWeZdRJBD3jNvMHddV3ybf7hTdSVvcAhLzfJrUygoihFT"}
{"time":"2026-06-11T22:01:39.961316+08:00","level":"INFO","service":"pos-api","caller":"app/pos/api/internal/logic/stake/stake_logic.go:178","msg":"HandleMarketBuyTx: inserted 1 records for txId=4ZWzoVxKnFvBSYTGEkeiY2h1H2sBiNTmxa22tQkW7T5zWeZdRJBD3jNvMHddV3ybf7hTdSVvcAhLzfJrUygoihFT"}
{"time":"2026-06-11T22:01:39.961974+08:00","level":"INFO","service":"pos-api","caller":"app/pos/api/internal/task/kafka.go:93","msg":"KafkaConsumerTask: 收到已扫描交易 service=pos subService=market buy token txID=37FEE1ZvqrPBYpkkkdL49569Sv2X2if9QDDyKf961q9jSc8voQSuJGeD3ZiiHMMKCbat3GX8nu3tWceRriVMczca"}
{"time":"2026-06-11T22:01:39.961994+08:00","level":"INFO","service":"pos-api","caller":"app/pos/api/internal/logic/stake/stake_logic.go:144","msg":"HandleMarketBuyTx: txId=37FEE1ZvqrPBYpkkkdL49569Sv2X2if9QDDyKf961q9jSc8voQSuJGeD3ZiiHMMKCbat3GX8nu3tWceRriVMczca"}
{"time":"2026-06-11T22:01:39.962738+08:00","level":"INFO","service":"pos-api","caller":"app/pos/api/internal/logic/stake/stake_logic.go:178","msg":"HandleMarketBuyTx: inserted 1 records for txId=37FEE1ZvqrPBYpkkkdL49569Sv2X2if9QDDyKf961q9jSc8voQSuJGeD3ZiiHMMKCbat3GX8nu3tWceRriVMczca"}
{"time":"2026-06-11T22:01:39.963248+08:00","level":"INFO","service":"pos-api","caller":"app/pos/api/internal/task/kafka.go:93","msg":"KafkaConsumerTask: 收到已扫描交易 service=pos subService=market buy token txID=5UrA7oSa7Yeg55N5eAyMihpmW1dJbHTjsD1ok9Caoi2msDjg9RBSS7R3fHmwk6HrWTkAmzLjXiHBwwd1opTcWxaV"}
{"time":"2026-06-11T22:01:39.963263+08:00","level":"INFO","service":"pos-api","caller":"app/pos/api/internal/logic/stake/stake_logic.go:144","msg":"HandleMarketBuyTx: txId=5UrA7oSa7Yeg55N5eAyMihpmW1dJbHTjsD1ok9Caoi2msDjg9RBSS7R3fHmwk6HrWTkAmzLjXiHBwwd1opTcWxaV"}
{"time":"2026-06-11T22:01:39.963973+08:00","level":"INFO","service":"pos-api","caller":"app/pos/api/internal/logic/stake/stake_logic.go:178","msg":"HandleMarketBuyTx: inserted 1 records for txId=5UrA7oSa7Yeg55N5eAyMihpmW1dJbHTjsD1ok9Caoi2msDjg9RBSS7R3fHmwk6HrWTkAmzLjXiHBwwd1opTcWxaV"}
{"time":"2026-06-11T22:01:39.964669+08:00","level":"INFO","service":"pos-api","caller":"app/pos/api/internal/task/kafka.go:93","msg":"KafkaConsumerTask: 收到已扫描交易 service=pos subService=market buy token txID=4E9L9fo8xPJ4yZz8qTivLxXEwPN9X9c8ThG9pNs2tDuZurMSonwpB1XtSNuDkmtn23bKWk2SRGF5hVai168WjAkC"}
{"time":"2026-06-11T22:01:39.96469+08:00","level":"INFO","service":"pos-api","caller":"app/pos/api/internal/logic/stake/stake_logic.go:144","msg":"HandleMarketBuyTx: txId=4E9L9fo8xPJ4yZz8qTivLxXEwPN9X9c8ThG9pNs2tDuZurMSonwpB1XtSNuDkmtn23bKWk2SRGF5hVai168WjAkC"}
{"time":"2026-06-11T22:01:39.965691+08:00","level":"INFO","service":"pos-api","caller":"app/pos/api/internal/logic/stake/stake_logic.go:178","msg":"HandleMarketBuyTx: inserted 1 records for txId=4E9L9fo8xPJ4yZz8qTivLxXEwPN9X9c8ThG9pNs2tDuZurMSonwpB1XtSNuDkmtn23bKWk2SRGF5hVai168WjAkC"}
{"time":"2026-06-11T22:01:39.966702+08:00","level":"INFO","service":"pos-api","caller":"app/pos/api/internal/task/kafka.go:93","msg":"KafkaConsumerTask: 收到已扫描交易 service=pos subService=market buy token txID=36ocLrWKUwUWGP9yNMJ4btkbnfVVgKZU4kVdH1Jco5hYdWMXi64KxDLUijpGMerBG1H3QGRPPzKXiXnDQm5oVsN2"}
{"time":"2026-06-11T22:01:39.966719+08:00","level":"INFO","service":"pos-api","caller":"app/pos/api/internal/logic/stake/stake_logic.go:144","msg":"HandleMarketBuyTx: txId=36ocLrWKUwUWGP9yNMJ4btkbnfVVgKZU4kVdH1Jco5hYdWMXi64KxDLUijpGMerBG1H3QGRPPzKXiXnDQm5oVsN2"}
{"time":"2026-06-11T22:01:39.968189+08:00","level":"INFO","service":"pos-api","caller":"app/pos/api/internal/logic/stake/stake_logic.go:178","msg":"HandleMarketBuyTx: inserted 1 records for txId=36ocLrWKUwUWGP9yNMJ4btkbnfVVgKZU4kVdH1Jco5hYdWMXi64KxDLUijpGMerBG1H3QGRPPzKXiXnDQm5oVsN2"}
{"time":"2026-06-11T22:01:39.969094+08:00","level":"INFO","service":"pos-api","caller":"app/pos/api/internal/task/kafka.go:93","msg":"KafkaConsumerTask: 收到已扫描交易 service=pos subService=market buy token txID=3p1Px5uB6ZkQqMNRrSyXSPrWMxSHcNvGUgYX34V2xib3rV8KJbYxYxoGF5hiWdDmpLHU7R9yS7LdBFM2UdnNboQR"}
{"time":"2026-06-11T22:01:39.969132+08:00","level":"INFO","service":"pos-api","caller":"app/pos/api/internal/logic/stake/stake_logic.go:144","msg":"HandleMarketBuyTx: txId=3p1Px5uB6ZkQqMNRrSyXSPrWMxSHcNvGUgYX34V2xib3rV8KJbYxYxoGF5hiWdDmpLHU7R9yS7LdBFM2UdnNboQR"}
{"time":"2026-06-11T22:01:39.970109+08:00","level":"INFO","service":"pos-api","caller":"app/pos/api/internal/logic/stake/stake_logic.go:178","msg":"HandleMarketBuyTx: inserted 1 records for txId=3p1Px5uB6ZkQqMNRrSyXSPrWMxSHcNvGUgYX34V2xib3rV8KJbYxYxoGF5hiWdDmpLHU7R9yS7LdBFM2UdnNboQR"}
{"time":"2026-06-11T22:01:39.970701+08:00","level":"INFO","service":"pos-api","caller":"app/pos/api/internal/task/kafka.go:93","msg":"KafkaConsumerTask: 收到已扫描交易 service=pos subService=market buy token txID=SomwsAQAnegqG6fDwaZUZFyc9PXyiZruFeeNRDA4gEzPjyZeWFApaxXrazMCkxMRGsEKdwhWJJKiWshrgZnNKrL"}
{"time":"2026-06-11T22:01:39.970716+08:00","level":"INFO","service":"pos-api","caller":"app/pos/api/internal/logic/stake/stake_logic.go:144","msg":"HandleMarketBuyTx: txId=SomwsAQAnegqG6fDwaZUZFyc9PXyiZruFeeNRDA4gEzPjyZeWFApaxXrazMCkxMRGsEKdwhWJJKiWshrgZnNKrL"}
{"time":"2026-06-11T22:01:39.971589+08:00","level":"INFO","service":"pos-api","caller":"app/pos/api/internal/logic/stake/stake_logic.go:178","msg":"HandleMarketBuyTx: inserted 1 records for txId=SomwsAQAnegqG6fDwaZUZFyc9PXyiZruFeeNRDA4gEzPjyZeWFApaxXrazMCkxMRGsEKdwhWJJKiWshrgZnNKrL"}
{"time":"2026-06-11T22:01:39.972217+08:00","level":"INFO","service":"pos-api","caller":"app/pos/api/internal/task/kafka.go:93","msg":"KafkaConsumerTask: 收到已扫描交易 service=pos subService=market buy token txID=2oicWQc5uhJLJgPncBDw5C8pjiDZzJTMDwzFEyu1rNNvSej1jNGZwiR7TjUkNdsn4FCBThokgeDnrQTWhH6hequY"}
{"time":"2026-06-11T22:01:39.972227+08:00","level":"INFO","service":"pos-api","caller":"app/pos/api/internal/logic/stake/stake_logic.go:144","msg":"HandleMarketBuyTx: txId=2oicWQc5uhJLJgPncBDw5C8pjiDZzJTMDwzFEyu1rNNvSej1jNGZwiR7TjUkNdsn4FCBThokgeDnrQTWhH6hequY"}
{"time":"2026-06-11T22:01:39.973044+08:00","level":"INFO","service":"pos-api","caller":"app/pos/api/internal/logic/stake/stake_logic.go:178","msg":"HandleMarketBuyTx: inserted 1 records for txId=2oicWQc5uhJLJgPncBDw5C8pjiDZzJTMDwzFEyu1rNNvSej1jNGZwiR7TjUkNdsn4FCBThokgeDnrQTWhH6hequY"}
{"time":"2026-06-11T22:01:39.973617+08:00","level":"INFO","service":"pos-api","caller":"app/pos/api/internal/task/kafka.go:93","msg":"KafkaConsumerTask: 收到已扫描交易 service=pos subService=market buy token txID=nhQMV4GkkpHKY6R6SSfskUzXvFHEkWRLBKoSpyNFDi5sRkMFoJJtvSFJU8Q9EBJ5YcX8UT4vZsVR98HLCeWvfdA"}
{"time":"2026-06-11T22:01:39.973638+08:00","level":"INFO","service":"pos-api","caller":"app/pos/api/internal/logic/stake/stake_logic.go:144","msg":"HandleMarketBuyTx: txId=nhQMV4GkkpHKY6R6SSfskUzXvFHEkWRLBKoSpyNFDi5sRkMFoJJtvSFJU8Q9EBJ5YcX8UT4vZsVR98HLCeWvfdA"}
{"time":"2026-06-11T22:01:39.975521+08:00","level":"INFO","service":"pos-api","caller":"app/pos/api/internal/logic/stake/stake_logic.go:178","msg":"HandleMarketBuyTx: inserted 1 records for txId=nhQMV4GkkpHKY6R6SSfskUzXvFHEkWRLBKoSpyNFDi5sRkMFoJJtvSFJU8Q9EBJ5YcX8UT4vZsVR98HLCeWvfdA"}
{"time":"2026-06-11T22:01:39.976337+08:00","level":"INFO","service":"pos-api","caller":"app/pos/api/internal/task/kafka.go:93","msg":"KafkaConsumerTask: 收到已扫描交易 service=pos subService=market buy token txID=2KTGeD85WUrUu6qLNuUG7Y127HNyXfXJt1bcA8o7pGZL8oVfuN683mPHKm51qgGcMJaPVuLeGGyvH29hLs5uUpie"}
{"time":"2026-06-11T22:01:39.976365+08:00","level":"INFO","service":"pos-api","caller":"app/pos/api/internal/logic/stake/stake_logic.go:144","msg":"HandleMarketBuyTx: txId=2KTGeD85WUrUu6qLNuUG7Y127HNyXfXJt1bcA8o7pGZL8oVfuN683mPHKm51qgGcMJaPVuLeGGyvH29hLs5uUpie"}
{"time":"2026-06-11T22:01:39.977279+08:00","level":"INFO","service":"pos-api","caller":"app/pos/api/internal/logic/stake/stake_logic.go:178","msg":"HandleMarketBuyTx: inserted 1 records for txId=2KTGeD85WUrUu6qLNuUG7Y127HNyXfXJt1bcA8o7pGZL8oVfuN683mPHKm51qgGcMJaPVuLeGGyvH29hLs5uUpie"}
{"time":"2026-06-11T22:01:39.97797+08:00","level":"INFO","service":"pos-api","caller":"app/pos/api/internal/task/kafka.go:93","msg":"KafkaConsumerTask: 收到已扫描交易 service=pos subService=market buy token txID=qMK7ghkpoUqNQYZ3eLqAT5jwZMS86LRdDKhM4Leo93GgFubhDYr57jBUTx1AxZzfgTK3RZdEBZnRLkr7Rhx878H"}
{"time":"2026-06-11T22:01:39.977984+08:00","level":"INFO","service":"pos-api","caller":"app/pos/api/internal/logic/stake/stake_logic.go:144","msg":"HandleMarketBuyTx: txId=qMK7ghkpoUqNQYZ3eLqAT5jwZMS86LRdDKhM4Leo93GgFubhDYr57jBUTx1AxZzfgTK3RZdEBZnRLkr7Rhx878H"}
{"time":"2026-06-11T22:01:39.978994+08:00","level":"INFO","service":"pos-api","caller":"app/pos/api/internal/logic/stake/stake_logic.go:178","msg":"HandleMarketBuyTx: inserted 1 records for txId=qMK7ghkpoUqNQYZ3eLqAT5jwZMS86LRdDKhM4Leo93GgFubhDYr57jBUTx1AxZzfgTK3RZdEBZnRLkr7Rhx878H"}
{"time":"2026-06-11T22:01:39.979535+08:00","level":"INFO","service":"pos-api","caller":"app/pos/api/internal/task/kafka.go:93","msg":"KafkaConsumerTask: 收到已扫描交易 service=pos subService=market buy token txID=2rNkwpM9LLoQCerqfxSoDiSYhEBBxaP35ttQZttehM2JciyxUatzRkpydz2GKueaVDYYWW2hFM8p1vBnDdU7dkr4"}
{"time":"2026-06-11T22:01:39.97955+08:00","level":"INFO","service":"pos-api","caller":"app/pos/api/internal/logic/stake/stake_logic.go:144","msg":"HandleMarketBuyTx: txId=2rNkwpM9LLoQCerqfxSoDiSYhEBBxaP35ttQZttehM2JciyxUatzRkpydz2GKueaVDYYWW2hFM8p1vBnDdU7dkr4"}
{"time":"2026-06-11T22:01:39.980477+08:00","level":"INFO","service":"pos-api","caller":"app/pos/api/internal/logic/stake/stake_logic.go:178","msg":"HandleMarketBuyTx: inserted 1 records for txId=2rNkwpM9LLoQCerqfxSoDiSYhEBBxaP35ttQZttehM2JciyxUatzRkpydz2GKueaVDYYWW2hFM8p1vBnDdU7dkr4"}
{"time":"2026-06-11T22:01:39.98159+08:00","level":"INFO","service":"pos-api","caller":"app/pos/api/internal/task/kafka.go:93","msg":"KafkaConsumerTask: 收到已扫描交易 service=pos subService=market buy token txID=4M2fdVr6NNYgBXfjoZzHx7zNqNk4pijGSzzs2YyksSv5yX55HLxBHeU5G4RP9pVzL9zyFWXLwSevWQd3ic8cJHFe"}
{"time":"2026-06-11T22:01:39.98161+08:00","level":"INFO","service":"pos-api","caller":"app/pos/api/internal/logic/stake/stake_logic.go:144","msg":"HandleMarketBuyTx: txId=4M2fdVr6NNYgBXfjoZzHx7zNqNk4pijGSzzs2YyksSv5yX55HLxBHeU5G4RP9pVzL9zyFWXLwSevWQd3ic8cJHFe"}
{"time":"2026-06-11T22:01:39.983014+08:00","level":"INFO","service":"pos-api","caller":"app/pos/api/internal/logic/stake/stake_logic.go:178","msg":"HandleMarketBuyTx: inserted 1 records for txId=4M2fdVr6NNYgBXfjoZzHx7zNqNk4pijGSzzs2YyksSv5yX55HLxBHeU5G4RP9pVzL9zyFWXLwSevWQd3ic8cJHFe"}
{"time":"2026-06-11T22:01:39.984061+08:00","level":"INFO","service":"pos-api","caller":"app/pos/api/internal/task/kafka.go:93","msg":"KafkaConsumerTask: 收到已扫描交易 service=pos subService=market buy token txID=2K1VP1z8Fdry43KR8BoQSSYznyidT4mGqFakXJGkpsLwy1FBVA9GY2ST37NetRPG7TBSswSR7gcJ4EeCexBJ5dST"}
{"time":"2026-06-11T22:01:39.984088+08:00","level":"INFO","service":"pos-api","caller":"app/pos/api/internal/logic/stake/stake_logic.go:144","msg":"HandleMarketBuyTx: txId=2K1VP1z8Fdry43KR8BoQSSYznyidT4mGqFakXJGkpsLwy1FBVA9GY2ST37NetRPG7TBSswSR7gcJ4EeCexBJ5dST"}
{"time":"2026-06-11T22:01:39.985106+08:00","level":"INFO","service":"pos-api","caller":"app/pos/api/internal/logic/stake/stake_logic.go:178","msg":"HandleMarketBuyTx: inserted 1 records for txId=2K1VP1z8Fdry43KR8BoQSSYznyidT4mGqFakXJGkpsLwy1FBVA9GY2ST37NetRPG7TBSswSR7gcJ4EeCexBJ5dST"}
{"time":"2026-06-11T22:01:39.985688+08:00","level":"INFO","service":"pos-api","caller":"app/pos/api/internal/task/kafka.go:93","msg":"KafkaConsumerTask: 收到已扫描交易 service=pos subService=market buy token txID=49GmTJNeHLZMpcvWNDTtZadzjGSAoDWwVNyqoR1oCCXQgiMmx5JzNfbCg3QoTgXAohxCfbJRsuJabhanDsnHh1Ey"}
{"time":"2026-06-11T22:01:39.985703+08:00","level":"INFO","service":"pos-api","caller":"app/pos/api/internal/logic/stake/stake_logic.go:144","msg":"HandleMarketBuyTx: txId=49GmTJNeHLZMpcvWNDTtZadzjGSAoDWwVNyqoR1oCCXQgiMmx5JzNfbCg3QoTgXAohxCfbJRsuJabhanDsnHh1Ey"}
{"time":"2026-06-11T22:01:39.986513+08:00","level":"INFO","service":"pos-api","caller":"app/pos/api/internal/logic/stake/stake_logic.go:178","msg":"HandleMarketBuyTx: inserted 1 records for txId=49GmTJNeHLZMpcvWNDTtZadzjGSAoDWwVNyqoR1oCCXQgiMmx5JzNfbCg3QoTgXAohxCfbJRsuJabhanDsnHh1Ey"}
{"time":"2026-06-11T22:01:39.987325+08:00","level":"INFO","service":"pos-api","caller":"app/pos/api/internal/task/kafka.go:93","msg":"KafkaConsumerTask: 收到已扫描交易 service=pos subService=market buy token txID=584jE3FfUJx2qp1gFjFEEXMnCiuQLrCuGtnUHAzNKPTwowHbEDC3AQULL7byU3iK6t6xTSGR1C6cy3XSQQJs3bTD"}
{"time":"2026-06-11T22:01:39.987361+08:00","level":"INFO","service":"pos-api","caller":"app/pos/api/internal/logic/stake/stake_logic.go:144","msg":"HandleMarketBuyTx: txId=584jE3FfUJx2qp1gFjFEEXMnCiuQLrCuGtnUHAzNKPTwowHbEDC3AQULL7byU3iK6t6xTSGR1C6cy3XSQQJs3bTD"}
{"time":"2026-06-11T22:01:39.988894+08:00","level":"INFO","service":"pos-api","caller":"app/pos/api/internal/logic/stake/stake_logic.go:178","msg":"HandleMarketBuyTx: inserted 1 records for txId=584jE3FfUJx2qp1gFjFEEXMnCiuQLrCuGtnUHAzNKPTwowHbEDC3AQULL7byU3iK6t6xTSGR1C6cy3XSQQJs3bTD"}
{"time":"2026-06-11T22:01:39.989569+08:00","level":"INFO","service":"pos-api","caller":"app/pos/api/internal/task/kafka.go:93","msg":"KafkaConsumerTask: 收到已扫描交易 service=pos subService=market buy token txID=4QJEgkcrNxAhD2Nc9cnjz3nrxFWmFnUYRW2cVvxeVEmnqUpPvxLXK8qCzYqFWUS6o6faCUtXz1SSLEUoyCjvS6r3"}
{"time":"2026-06-11T22:01:39.989584+08:00","level":"INFO","service":"pos-api","caller":"app/pos/api/internal/logic/stake/stake_logic.go:144","msg":"HandleMarketBuyTx: txId=4QJEgkcrNxAhD2Nc9cnjz3nrxFWmFnUYRW2cVvxeVEmnqUpPvxLXK8qCzYqFWUS6o6faCUtXz1SSLEUoyCjvS6r3"}
{"time":"2026-06-11T22:01:39.990834+08:00","level":"INFO","service":"pos-api","caller":"app/pos/api/internal/logic/stake/stake_logic.go:178","msg":"HandleMarketBuyTx: inserted 1 records for txId=4QJEgkcrNxAhD2Nc9cnjz3nrxFWmFnUYRW2cVvxeVEmnqUpPvxLXK8qCzYqFWUS6o6faCUtXz1SSLEUoyCjvS6r3"}
{"time":"2026-06-11T22:01:39.991645+08:00","level":"INFO","service":"pos-api","caller":"app/pos/api/internal/task/kafka.go:93","msg":"KafkaConsumerTask: 收到已扫描交易 service=pos subService=market buy token txID=3xmdp7s3GsDHuGaukmQAMCR1kBGKNvuJH47S6ngEhc5MoguoAANBpuv4S19ARNeA3qfdQ9fnmqh1dTVfeAs71HVA"}
{"time":"2026-06-11T22:01:39.991667+08:00","level":"INFO","service":"pos-api","caller":"app/pos/api/internal/logic/stake/stake_logic.go:144","msg":"HandleMarketBuyTx: txId=3xmdp7s3GsDHuGaukmQAMCR1kBGKNvuJH47S6ngEhc5MoguoAANBpuv4S19ARNeA3qfdQ9fnmqh1dTVfeAs71HVA"}
{"time":"2026-06-11T22:01:39.992388+08:00","level":"INFO","service":"pos-api","caller":"app/pos/api/internal/logic/stake/stake_logic.go:178","msg":"HandleMarketBuyTx: inserted 1 records for txId=3xmdp7s3GsDHuGaukmQAMCR1kBGKNvuJH47S6ngEhc5MoguoAANBpuv4S19ARNeA3qfdQ9fnmqh1dTVfeAs71HVA"}
{"time":"2026-06-11T22:01:39.992896+08:00","level":"INFO","service":"pos-api","caller":"app/pos/api/internal/task/kafka.go:93","msg":"KafkaConsumerTask: 收到已扫描交易 service=pos subService=market buy token txID=LVsM9qhvX7gyHC5zg1otc2i3kWiMRXSdbf1mc3AZ6xd4f6wkng7wRZdr35mLLwtbnUAYnS1U2ph7YZvv165UDvz"}
{"time":"2026-06-11T22:01:39.992908+08:00","level":"INFO","service":"pos-api","caller":"app/pos/api/internal/logic/stake/stake_logic.go:144","msg":"HandleMarketBuyTx: txId=LVsM9qhvX7gyHC5zg1otc2i3kWiMRXSdbf1mc3AZ6xd4f6wkng7wRZdr35mLLwtbnUAYnS1U2ph7YZvv165UDvz"}
{"time":"2026-06-11T22:01:39.993566+08:00","level":"INFO","service":"pos-api","caller":"app/pos/api/internal/logic/stake/stake_logic.go:178","msg":"HandleMarketBuyTx: inserted 1 records for txId=LVsM9qhvX7gyHC5zg1otc2i3kWiMRXSdbf1mc3AZ6xd4f6wkng7wRZdr35mLLwtbnUAYnS1U2ph7YZvv165UDvz"}
{"time":"2026-06-11T22:01:39.994012+08:00","level":"INFO","service":"pos-api","caller":"app/pos/api/internal/task/kafka.go:93","msg":"KafkaConsumerTask: 收到已扫描交易 service=pos subService=market buy token txID=3cntMyhGtqo4s5G6ruebyoZHVx5BvMs9dSoLM46fjPQdamFuAXtVFcV27ETKReaR3NYSt8vXnxKxcGsA3qXUW1zh"}
{"time":"2026-06-11T22:01:39.994023+08:00","level":"INFO","service":"pos-api","caller":"app/pos/api/internal/logic/stake/stake_logic.go:144","msg":"HandleMarketBuyTx: txId=3cntMyhGtqo4s5G6ruebyoZHVx5BvMs9dSoLM46fjPQdamFuAXtVFcV27ETKReaR3NYSt8vXnxKxcGsA3qXUW1zh"}
{"time":"2026-06-11T22:01:39.99506+08:00","level":"INFO","service":"pos-api","caller":"app/pos/api/internal/logic/stake/stake_logic.go:178","msg":"HandleMarketBuyTx: inserted 1 records for txId=3cntMyhGtqo4s5G6ruebyoZHVx5BvMs9dSoLM46fjPQdamFuAXtVFcV27ETKReaR3NYSt8vXnxKxcGsA3qXUW1zh"}
{"time":"2026-06-11T22:01:39.995882+08:00","level":"INFO","service":"pos-api","caller":"app/pos/api/internal/task/kafka.go:93","msg":"KafkaConsumerTask: 收到已扫描交易 service=pos subService=market buy token txID=2fBBj5FTj179bwvWN2w2xtGMVxsQRPae1b4rKXQDegjoqgWpccSJLcKUMTdLTBh58dP15Ji7DSKhoC7xzsnN8YEk"}
{"time":"2026-06-11T22:01:39.995902+08:00","level":"INFO","service":"pos-api","caller":"app/pos/api/internal/logic/stake/stake_logic.go:144","msg":"HandleMarketBuyTx: txId=2fBBj5FTj179bwvWN2w2xtGMVxsQRPae1b4rKXQDegjoqgWpccSJLcKUMTdLTBh58dP15Ji7DSKhoC7xzsnN8YEk"}
{"time":"2026-06-11T22:01:39.996612+08:00","level":"INFO","service":"pos-api","caller":"app/pos/api/internal/logic/stake/stake_logic.go:178","msg":"HandleMarketBuyTx: inserted 1 records for txId=2fBBj5FTj179bwvWN2w2xtGMVxsQRPae1b4rKXQDegjoqgWpccSJLcKUMTdLTBh58dP15Ji7DSKhoC7xzsnN8YEk"}
{"time":"2026-06-11T22:01:39.997198+08:00","level":"INFO","service":"pos-api","caller":"app/pos/api/internal/task/kafka.go:93","msg":"KafkaConsumerTask: 收到已扫描交易 service=pos subService=market buy token txID=3hXumR7evTxqSA32A89mC6xrcgz5MwwsbTWUzAnenxeAHRSdNQbw9uuYRY5DQ5WhFuGzRvCAztQgc7rgXmN6MH1s"}
{"time":"2026-06-11T22:01:39.997214+08:00","level":"INFO","service":"pos-api","caller":"app/pos/api/internal/logic/stake/stake_logic.go:144","msg":"HandleMarketBuyTx: txId=3hXumR7evTxqSA32A89mC6xrcgz5MwwsbTWUzAnenxeAHRSdNQbw9uuYRY5DQ5WhFuGzRvCAztQgc7rgXmN6MH1s"}
{"time":"2026-06-11T22:01:39.998255+08:00","level":"INFO","service":"pos-api","caller":"app/pos/api/internal/logic/stake/stake_logic.go:178","msg":"HandleMarketBuyTx: inserted 1 records for txId=3hXumR7evTxqSA32A89mC6xrcgz5MwwsbTWUzAnenxeAHRSdNQbw9uuYRY5DQ5WhFuGzRvCAztQgc7rgXmN6MH1s"}
{"time":"2026-06-11T22:01:39.998723+08:00","level":"INFO","service":"pos-api","caller":"app/pos/api/internal/task/kafka.go:93","msg":"KafkaConsumerTask: 收到已扫描交易 service=pos subService=market buy token txID=2crS3phSpN9WqtCh2TyAC8ytPCjtbpiFYgFAXqkUj8FbKiqGe8ZRhhFKqLd1GsKndSUuisdfnCEMsWPSH2Zj8zgu"}
{"time":"2026-06-11T22:01:39.998739+08:00","level":"INFO","service":"pos-api","caller":"app/pos/api/internal/logic/stake/stake_logic.go:144","msg":"HandleMarketBuyTx: txId=2crS3phSpN9WqtCh2TyAC8ytPCjtbpiFYgFAXqkUj8FbKiqGe8ZRhhFKqLd1GsKndSUuisdfnCEMsWPSH2Zj8zgu"}
{"time":"2026-06-11T22:01:39.999664+08:00","level":"INFO","service":"pos-api","caller":"app/pos/api/internal/logic/stake/stake_logic.go:178","msg":"HandleMarketBuyTx: inserted 1 records for txId=2crS3phSpN9WqtCh2TyAC8ytPCjtbpiFYgFAXqkUj8FbKiqGe8ZRhhFKqLd1GsKndSUuisdfnCEMsWPSH2Zj8zgu"}
{"time":"2026-06-11T22:01:40.000212+08:00","level":"INFO","service":"pos-api","caller":"app/pos/api/internal/task/kafka.go:93","msg":"KafkaConsumerTask: 收到已扫描交易 service=pos subService=market buy token txID=2UsqcXhXL2EQqtNeM5StJ2h4KLUp5zL3TNYxo81YoefmztiT6NQHUs7UBxAgXM1zzGZ3fQawoFtSZJaLV9DR2jNu"}
{"time":"2026-06-11T22:01:40.000232+08:00","level":"INFO","service":"pos-api","caller":"app/pos/api/internal/logic/stake/stake_logic.go:144","msg":"HandleMarketBuyTx: txId=2UsqcXhXL2EQqtNeM5StJ2h4KLUp5zL3TNYxo81YoefmztiT6NQHUs7UBxAgXM1zzGZ3fQawoFtSZJaLV9DR2jNu"}
{"time":"2026-06-11T22:01:40.001076+08:00","level":"INFO","service":"pos-api","caller":"app/pos/api/internal/logic/stake/stake_logic.go:178","msg":"HandleMarketBuyTx: inserted 1 records for txId=2UsqcXhXL2EQqtNeM5StJ2h4KLUp5zL3TNYxo81YoefmztiT6NQHUs7UBxAgXM1zzGZ3fQawoFtSZJaLV9DR2jNu"}
{"time":"2026-06-11T22:01:40.00206+08:00","level":"INFO","service":"pos-api","caller":"app/pos/api/internal/task/kafka.go:93","msg":"KafkaConsumerTask: 收到已扫描交易 service=pos subService=market buy token txID=4VoY9GjqmtYRZg5z5pak4oeHGY42TxnSBG1WoTxyEH74AK3xssncALCbkdZHHScqNGvP3TN4djhWpSxqsai68QGT"}
{"time":"2026-06-11T22:01:40.002086+08:00","level":"INFO","service":"pos-api","caller":"app/pos/api/internal/logic/stake/stake_logic.go:144","msg":"HandleMarketBuyTx: txId=4VoY9GjqmtYRZg5z5pak4oeHGY42TxnSBG1WoTxyEH74AK3xssncALCbkdZHHScqNGvP3TN4djhWpSxqsai68QGT"}
{"time":"2026-06-11T22:01:40.003011+08:00","level":"INFO","service":"pos-api","caller":"app/pos/api/internal/logic/stake/stake_logic.go:178","msg":"HandleMarketBuyTx: inserted 1 records for txId=4VoY9GjqmtYRZg5z5pak4oeHGY42TxnSBG1WoTxyEH74AK3xssncALCbkdZHHScqNGvP3TN4djhWpSxqsai68QGT"}
{"time":"2026-06-11T22:01:40.003676+08:00","level":"INFO","service":"pos-api","caller":"app/pos/api/internal/task/kafka.go:93","msg":"KafkaConsumerTask: 收到已扫描交易 service=pos subService=market buy token txID=2cyEyxhiHtQz4aH34woSpqJ7tYbcRLdbB9oHmsepzNoPJjHqAtstWC4ujef2KsoEBwf1vVZTzoo8YPVqoyd229rW"}
{"time":"2026-06-11T22:01:40.003692+08:00","level":"INFO","service":"pos-api","caller":"app/pos/api/internal/logic/stake/stake_logic.go:144","msg":"HandleMarketBuyTx: txId=2cyEyxhiHtQz4aH34woSpqJ7tYbcRLdbB9oHmsepzNoPJjHqAtstWC4ujef2KsoEBwf1vVZTzoo8YPVqoyd229rW"}
{"time":"2026-06-11T22:01:40.004394+08:00","level":"INFO","service":"pos-api","caller":"app/pos/api/internal/logic/stake/stake_logic.go:178","msg":"HandleMarketBuyTx: inserted 1 records for txId=2cyEyxhiHtQz4aH34woSpqJ7tYbcRLdbB9oHmsepzNoPJjHqAtstWC4ujef2KsoEBwf1vVZTzoo8YPVqoyd229rW"}
{"time":"2026-06-11T22:01:40.004879+08:00","level":"INFO","service":"pos-api","caller":"app/pos/api/internal/task/kafka.go:93","msg":"KafkaConsumerTask: 收到已扫描交易 service=pos subService=market buy token txID=3JnvwLBbueSWhc8v5QjdwwZoUbymzo51iFpxG3V7ARBnoCnhsRzD85rdpUmV4uQWnHzpcrJ2o2Ze3bdBDPBiHXzL"}
{"time":"2026-06-11T22:01:40.004891+08:00","level":"INFO","service":"pos-api","caller":"app/pos/api/internal/logic/stake/stake_logic.go:144","msg":"HandleMarketBuyTx: txId=3JnvwLBbueSWhc8v5QjdwwZoUbymzo51iFpxG3V7ARBnoCnhsRzD85rdpUmV4uQWnHzpcrJ2o2Ze3bdBDPBiHXzL"}
{"time":"2026-06-11T22:01:40.005545+08:00","level":"INFO","service":"pos-api","caller":"app/pos/api/internal/logic/stake/stake_logic.go:178","msg":"HandleMarketBuyTx: inserted 1 records for txId=3JnvwLBbueSWhc8v5QjdwwZoUbymzo51iFpxG3V7ARBnoCnhsRzD85rdpUmV4uQWnHzpcrJ2o2Ze3bdBDPBiHXzL"}
{"time":"2026-06-11T22:01:40.006011+08:00","level":"INFO","service":"pos-api","caller":"app/pos/api/internal/task/kafka.go:93","msg":"KafkaConsumerTask: 收到已扫描交易 service=pos subService=market buy token txID=3gnpxZ4NLJxoxXM6w6FfQGj5ZYLnMHCnYYhDxPdMDpFyn1BVYYSLKrYC9gVh7C4U7xFL8KsRJTs1YhcJM3mUrRBA"}
{"time":"2026-06-11T22:01:40.006022+08:00","level":"INFO","service":"pos-api","caller":"app/pos/api/internal/logic/stake/stake_logic.go:144","msg":"HandleMarketBuyTx: txId=3gnpxZ4NLJxoxXM6w6FfQGj5ZYLnMHCnYYhDxPdMDpFyn1BVYYSLKrYC9gVh7C4U7xFL8KsRJTs1YhcJM3mUrRBA"}
{"time":"2026-06-11T22:01:40.0067+08:00","level":"INFO","service":"pos-api","caller":"app/pos/api/internal/logic/stake/stake_logic.go:178","msg":"HandleMarketBuyTx: inserted 1 records for txId=3gnpxZ4NLJxoxXM6w6FfQGj5ZYLnMHCnYYhDxPdMDpFyn1BVYYSLKrYC9gVh7C4U7xFL8KsRJTs1YhcJM3mUrRBA"}
{"time":"2026-06-11T22:01:40.007183+08:00","level":"INFO","service":"pos-api","caller":"app/pos/api/internal/task/kafka.go:93","msg":"KafkaConsumerTask: 收到已扫描交易 service=pos subService=market buy token txID=DhpujYqfo2GoNhPnT3auydPBtntWrgJ5RWWGEW9nW78xFdw3u8sk3jzzehPv45Pyi4h6hWNgVCcoNTVK8EZ93Gu"}
{"time":"2026-06-11T22:01:40.007199+08:00","level":"INFO","service":"pos-api","caller":"app/pos/api/internal/logic/stake/stake_logic.go:144","msg":"HandleMarketBuyTx: txId=DhpujYqfo2GoNhPnT3auydPBtntWrgJ5RWWGEW9nW78xFdw3u8sk3jzzehPv45Pyi4h6hWNgVCcoNTVK8EZ93Gu"}
{"time":"2026-06-11T22:01:40.008543+08:00","level":"INFO","service":"pos-api","caller":"app/pos/api/internal/logic/stake/stake_logic.go:178","msg":"HandleMarketBuyTx: inserted 1 records for txId=DhpujYqfo2GoNhPnT3auydPBtntWrgJ5RWWGEW9nW78xFdw3u8sk3jzzehPv45Pyi4h6hWNgVCcoNTVK8EZ93Gu"}
{"time":"2026-06-11T22:01:40.009198+08:00","level":"INFO","service":"pos-api","caller":"app/pos/api/internal/task/kafka.go:93","msg":"KafkaConsumerTask: 收到已扫描交易 service=pos subService=market buy token txID=esBsZNLq3QbHHMRWndY9HgFZkQ5iYotJL6wn4ZDNDn7y3rXTMGheBjNJuPRxkPxZ96vh9PN4YCYxvvNNpoyNeTd"}
{"time":"2026-06-11T22:01:40.009219+08:00","level":"INFO","service":"pos-api","caller":"app/pos/api/internal/logic/stake/stake_logic.go:144","msg":"HandleMarketBuyTx: txId=esBsZNLq3QbHHMRWndY9HgFZkQ5iYotJL6wn4ZDNDn7y3rXTMGheBjNJuPRxkPxZ96vh9PN4YCYxvvNNpoyNeTd"}
{"time":"2026-06-11T22:01:40.009973+08:00","level":"INFO","service":"pos-api","caller":"app/pos/api/internal/logic/stake/stake_logic.go:178","msg":"HandleMarketBuyTx: inserted 1 records for txId=esBsZNLq3QbHHMRWndY9HgFZkQ5iYotJL6wn4ZDNDn7y3rXTMGheBjNJuPRxkPxZ96vh9PN4YCYxvvNNpoyNeTd"}
{"time":"2026-06-11T22:01:40.01044+08:00","level":"INFO","service":"pos-api","caller":"app/pos/api/internal/task/kafka.go:93","msg":"KafkaConsumerTask: 收到已扫描交易 service=pos subService=market buy token txID=39JLvQsstPJhQ49KUu9L3behdNia4qtVtAM8yjG4J842n4iDToPuuvyGysnfgGPKfruiY1WBrM7kGg1YAAzTTjJp"}
{"time":"2026-06-11T22:01:40.010459+08:00","level":"INFO","service":"pos-api","caller":"app/pos/api/internal/logic/stake/stake_logic.go:144","msg":"HandleMarketBuyTx: txId=39JLvQsstPJhQ49KUu9L3behdNia4qtVtAM8yjG4J842n4iDToPuuvyGysnfgGPKfruiY1WBrM7kGg1YAAzTTjJp"}
{"time":"2026-06-11T22:01:40.011157+08:00","level":"INFO","service":"pos-api","caller":"app/pos/api/internal/logic/stake/stake_logic.go:178","msg":"HandleMarketBuyTx: inserted 1 records for txId=39JLvQsstPJhQ49KUu9L3behdNia4qtVtAM8yjG4J842n4iDToPuuvyGysnfgGPKfruiY1WBrM7kGg1YAAzTTjJp"}
{"time":"2026-06-11T22:01:40.011575+08:00","level":"INFO","service":"pos-api","caller":"app/pos/api/internal/task/kafka.go:93","msg":"KafkaConsumerTask: 收到已扫描交易 service=pos subService=market buy token txID=33aRny2HbWrphu49aL7LRvT418fQpz7XGyckDFz3PQnjVDrjsZjzc5VwkD1YGbfwZJD9SoLUUKqZc7DNwnBxjdRC"}
{"time":"2026-06-11T22:01:40.011593+08:00","level":"INFO","service":"pos-api","caller":"app/pos/api/internal/logic/stake/stake_logic.go:144","msg":"HandleMarketBuyTx: txId=33aRny2HbWrphu49aL7LRvT418fQpz7XGyckDFz3PQnjVDrjsZjzc5VwkD1YGbfwZJD9SoLUUKqZc7DNwnBxjdRC"}
{"time":"2026-06-11T22:01:40.012228+08:00","level":"INFO","service":"pos-api","caller":"app/pos/api/internal/logic/stake/stake_logic.go:178","msg":"HandleMarketBuyTx: inserted 1 records for txId=33aRny2HbWrphu49aL7LRvT418fQpz7XGyckDFz3PQnjVDrjsZjzc5VwkD1YGbfwZJD9SoLUUKqZc7DNwnBxjdRC"}
{"time":"2026-06-11T22:01:40.012622+08:00","level":"INFO","service":"pos-api","caller":"app/pos/api/internal/task/kafka.go:93","msg":"KafkaConsumerTask: 收到已扫描交易 service=pos subService=market buy token txID=3ooKnjUkJaKBbKjvUsSrkQmDE6uyK97b7fsKRknKWgp2ZjX3NgS6atvs9rD1sx6vJrTKaV53zArBhosoSqmNGGYy"}
{"time":"2026-06-11T22:01:40.012634+08:00","level":"INFO","service":"pos-api","caller":"app/pos/api/internal/logic/stake/stake_logic.go:144","msg":"HandleMarketBuyTx: txId=3ooKnjUkJaKBbKjvUsSrkQmDE6uyK97b7fsKRknKWgp2ZjX3NgS6atvs9rD1sx6vJrTKaV53zArBhosoSqmNGGYy"}
{"time":"2026-06-11T22:01:40.0133+08:00","level":"INFO","service":"pos-api","caller":"app/pos/api/internal/logic/stake/stake_logic.go:178","msg":"HandleMarketBuyTx: inserted 1 records for txId=3ooKnjUkJaKBbKjvUsSrkQmDE6uyK97b7fsKRknKWgp2ZjX3NgS6atvs9rD1sx6vJrTKaV53zArBhosoSqmNGGYy"}
{"time":"2026-06-11T22:01:40.013703+08:00","level":"INFO","service":"pos-api","caller":"app/pos/api/internal/task/kafka.go:93","msg":"KafkaConsumerTask: 收到已扫描交易 service=pos subService=market buy token txID=2w5nwRESFkkpVXYDbVC9EhT5R6RdqZr8AyVg7GSiidJXSYth7hVy6ayAVsr6pA6uzGuoGh9WHnkNcZ4bv1KkFE86"}
{"time":"2026-06-11T22:01:40.013716+08:00","level":"INFO","service":"pos-api","caller":"app/pos/api/internal/logic/stake/stake_logic.go:144","msg":"HandleMarketBuyTx: txId=2w5nwRESFkkpVXYDbVC9EhT5R6RdqZr8AyVg7GSiidJXSYth7hVy6ayAVsr6pA6uzGuoGh9WHnkNcZ4bv1KkFE86"}
{"time":"2026-06-11T22:01:40.015201+08:00","level":"INFO","service":"pos-api","caller":"app/pos/api/internal/logic/stake/stake_logic.go:178","msg":"HandleMarketBuyTx: inserted 1 records for txId=2w5nwRESFkkpVXYDbVC9EhT5R6RdqZr8AyVg7GSiidJXSYth7hVy6ayAVsr6pA6uzGuoGh9WHnkNcZ4bv1KkFE86"}
{"time":"2026-06-11T22:01:40.016077+08:00","level":"INFO","service":"pos-api","caller":"app/pos/api/internal/task/kafka.go:93","msg":"KafkaConsumerTask: 收到已扫描交易 service=pos subService=market buy token txID=65FFTNeKT6MEEe7koxwEU7D8exSSspahKa7nWyUd6cSBLMiu1whtiMwvUPzgBJM2TMh7HM6gnUFZiqEuSL8yCTM5"}
{"time":"2026-06-11T22:01:40.016095+08:00","level":"INFO","service":"pos-api","caller":"app/pos/api/internal/logic/stake/stake_logic.go:144","msg":"HandleMarketBuyTx: txId=65FFTNeKT6MEEe7koxwEU7D8exSSspahKa7nWyUd6cSBLMiu1whtiMwvUPzgBJM2TMh7HM6gnUFZiqEuSL8yCTM5"}
{"time":"2026-06-11T22:01:40.017362+08:00","level":"INFO","service":"pos-api","caller":"app/pos/api/internal/logic/stake/stake_logic.go:178","msg":"HandleMarketBuyTx: inserted 1 records for txId=65FFTNeKT6MEEe7koxwEU7D8exSSspahKa7nWyUd6cSBLMiu1whtiMwvUPzgBJM2TMh7HM6gnUFZiqEuSL8yCTM5"}
{"time":"2026-06-11T22:01:40.018161+08:00","level":"INFO","service":"pos-api","caller":"app/pos/api/internal/task/kafka.go:93","msg":"KafkaConsumerTask: 收到已扫描交易 service=pos subService=market buy token txID=5pomX2vvTdcd4o97CWA6iSboc8rZaJ59hrXxWzXzW2pzPt7g9Tr6N7iwqWfzMjZ1v8VskTZuzLbwAwoBjQg4erza"}
{"time":"2026-06-11T22:01:40.018198+08:00","level":"INFO","service":"pos-api","caller":"app/pos/api/internal/logic/stake/stake_logic.go:144","msg":"HandleMarketBuyTx: txId=5pomX2vvTdcd4o97CWA6iSboc8rZaJ59hrXxWzXzW2pzPt7g9Tr6N7iwqWfzMjZ1v8VskTZuzLbwAwoBjQg4erza"}
{"time":"2026-06-11T22:01:40.019205+08:00","level":"INFO","service":"pos-api","caller":"app/pos/api/internal/logic/stake/stake_logic.go:178","msg":"HandleMarketBuyTx: inserted 1 records for txId=5pomX2vvTdcd4o97CWA6iSboc8rZaJ59hrXxWzXzW2pzPt7g9Tr6N7iwqWfzMjZ1v8VskTZuzLbwAwoBjQg4erza"}
{"time":"2026-06-11T22:01:40.019792+08:00","level":"INFO","service":"pos-api","caller":"app/pos/api/internal/task/kafka.go:93","msg":"KafkaConsumerTask: 收到已扫描交易 service=pos subService=market buy token txID=5rvUatKhWbkR35wMjCVRfFjehqBCnrdWKpKPqScufyJXPz65WzxEWWHiuiP6bZxTe7TzSkk75QF9E258DTHCaJP"}
{"time":"2026-06-11T22:01:40.019806+08:00","level":"INFO","service":"pos-api","caller":"app/pos/api/internal/logic/stake/stake_logic.go:144","msg":"HandleMarketBuyTx: txId=5rvUatKhWbkR35wMjCVRfFjehqBCnrdWKpKPqScufyJXPz65WzxEWWHiuiP6bZxTe7TzSkk75QF9E258DTHCaJP"}
{"time":"2026-06-11T22:01:40.021252+08:00","level":"INFO","service":"pos-api","caller":"app/pos/api/internal/logic/stake/stake_logic.go:178","msg":"HandleMarketBuyTx: inserted 1 records for txId=5rvUatKhWbkR35wMjCVRfFjehqBCnrdWKpKPqScufyJXPz65WzxEWWHiuiP6bZxTe7TzSkk75QF9E258DTHCaJP"}
{"time":"2026-06-11T22:01:40.022291+08:00","level":"INFO","service":"pos-api","caller":"app/pos/api/internal/task/kafka.go:93","msg":"KafkaConsumerTask: 收到已扫描交易 service=pos subService=market buy token txID=2sgWRymobZsWHzjzimVfbxoQftr7RtPAqJm1NJbGamcgvEfr3fDsDh5AfzZz2BUxBLsWPJjM1ZSh6h2UF4Dmstqg"}
{"time":"2026-06-11T22:01:40.022311+08:00","level":"INFO","service":"pos-api","caller":"app/pos/api/internal/logic/stake/stake_logic.go:144","msg":"HandleMarketBuyTx: txId=2sgWRymobZsWHzjzimVfbxoQftr7RtPAqJm1NJbGamcgvEfr3fDsDh5AfzZz2BUxBLsWPJjM1ZSh6h2UF4Dmstqg"}
{"time":"2026-06-11T22:01:40.023362+08:00","level":"INFO","service":"pos-api","caller":"app/pos/api/internal/logic/stake/stake_logic.go:178","msg":"HandleMarketBuyTx: inserted 1 records for txId=2sgWRymobZsWHzjzimVfbxoQftr7RtPAqJm1NJbGamcgvEfr3fDsDh5AfzZz2BUxBLsWPJjM1ZSh6h2UF4Dmstqg"}
{"time":"2026-06-11T22:01:40.024146+08:00","level":"INFO","service":"pos-api","caller":"app/pos/api/internal/task/kafka.go:93","msg":"KafkaConsumerTask: 收到已扫描交易 service=pos subService=market buy token txID=2cb493xTHRqqhf9Kj4FKq2nW2Zh835fn9cQh2uWKPSjYYspEeDwrnKfirD8TEFkVNjv2pQx2PcTaRNHEYBM6NrJn"}
{"time":"2026-06-11T22:01:40.024171+08:00","level":"INFO","service":"pos-api","caller":"app/pos/api/internal/logic/stake/stake_logic.go:144","msg":"HandleMarketBuyTx: txId=2cb493xTHRqqhf9Kj4FKq2nW2Zh835fn9cQh2uWKPSjYYspEeDwrnKfirD8TEFkVNjv2pQx2PcTaRNHEYBM6NrJn"}
{"time":"2026-06-11T22:01:40.026113+08:00","level":"INFO","service":"pos-api","caller":"app/pos/api/internal/logic/stake/stake_logic.go:178","msg":"HandleMarketBuyTx: inserted 1 records for txId=2cb493xTHRqqhf9Kj4FKq2nW2Zh835fn9cQh2uWKPSjYYspEeDwrnKfirD8TEFkVNjv2pQx2PcTaRNHEYBM6NrJn"}
{"time":"2026-06-11T22:01:40.026741+08:00","level":"INFO","service":"pos-api","caller":"app/pos/api/internal/task/kafka.go:93","msg":"KafkaConsumerTask: 收到已扫描交易 service=pos subService=market buy token txID=2KQzZYcQNG9V9e8EukTDH4Vn1KCYx19uxmYKj43cdEfq4mNzMoLL9jtrsbKs7QreZVsdpRdcjiPpEabnoVmLcEqk"}
{"time":"2026-06-11T22:01:40.026773+08:00","level":"INFO","service":"pos-api","caller":"app/pos/api/internal/logic/stake/stake_logic.go:144","msg":"HandleMarketBuyTx: txId=2KQzZYcQNG9V9e8EukTDH4Vn1KCYx19uxmYKj43cdEfq4mNzMoLL9jtrsbKs7QreZVsdpRdcjiPpEabnoVmLcEqk"}
{"time":"2026-06-11T22:01:40.02781+08:00","level":"INFO","service":"pos-api","caller":"app/pos/api/internal/logic/stake/stake_logic.go:178","msg":"HandleMarketBuyTx: inserted 1 records for txId=2KQzZYcQNG9V9e8EukTDH4Vn1KCYx19uxmYKj43cdEfq4mNzMoLL9jtrsbKs7QreZVsdpRdcjiPpEabnoVmLcEqk"}
{"time":"2026-06-11T22:01:40.028675+08:00","level":"INFO","service":"pos-api","caller":"app/pos/api/internal/task/kafka.go:93","msg":"KafkaConsumerTask: 收到已扫描交易 service=pos subService=market buy token txID=43LygwXCd4tj41nhAtPXHLt7BnQuS69pvFsmHwCheek2SxZHeSgtWaP7eKAN7AgohmC55EXfedbwYfgHR5JB3Yqw"}
{"time":"2026-06-11T22:01:40.028697+08:00","level":"INFO","service":"pos-api","caller":"app/pos/api/internal/logic/stake/stake_logic.go:144","msg":"HandleMarketBuyTx: txId=43LygwXCd4tj41nhAtPXHLt7BnQuS69pvFsmHwCheek2SxZHeSgtWaP7eKAN7AgohmC55EXfedbwYfgHR5JB3Yqw"}
{"time":"2026-06-11T22:01:40.029549+08:00","level":"INFO","service":"pos-api","caller":"app/pos/api/internal/logic/stake/stake_logic.go:178","msg":"HandleMarketBuyTx: inserted 1 records for txId=43LygwXCd4tj41nhAtPXHLt7BnQuS69pvFsmHwCheek2SxZHeSgtWaP7eKAN7AgohmC55EXfedbwYfgHR5JB3Yqw"}
{"time":"2026-06-11T22:01:40.030266+08:00","level":"INFO","service":"pos-api","caller":"app/pos/api/internal/task/kafka.go:93","msg":"KafkaConsumerTask: 收到已扫描交易 service=pos subService=market buy token txID=5PXpkNxKepJ5e961p59hZCXbMaqi2VZV4w3VPjFApgA9s2Ny9kiYtTa6dvQQfdT7mbtsxPyfWUCtxzp6W4BFHWqz"}
{"time":"2026-06-11T22:01:40.030312+08:00","level":"INFO","service":"pos-api","caller":"app/pos/api/internal/logic/stake/stake_logic.go:144","msg":"HandleMarketBuyTx: txId=5PXpkNxKepJ5e961p59hZCXbMaqi2VZV4w3VPjFApgA9s2Ny9kiYtTa6dvQQfdT7mbtsxPyfWUCtxzp6W4BFHWqz"}
{"time":"2026-06-11T22:01:40.031473+08:00","level":"INFO","service":"pos-api","caller":"app/pos/api/internal/logic/stake/stake_logic.go:178","msg":"HandleMarketBuyTx: inserted 1 records for txId=5PXpkNxKepJ5e961p59hZCXbMaqi2VZV4w3VPjFApgA9s2Ny9kiYtTa6dvQQfdT7mbtsxPyfWUCtxzp6W4BFHWqz"}
{"time":"2026-06-11T22:01:40.032483+08:00","level":"INFO","service":"pos-api","caller":"app/pos/api/internal/task/kafka.go:93","msg":"KafkaConsumerTask: 收到已扫描交易 service=pos subService=market buy token txID=4igTG4pHYYFuDWEQPeDMfVhjCRLhfiNqtLbsgUUno8w7H9fijTnW2rw9DTiWFWCeHZRwntDFTLTzqjLMjaCydEzD"}
{"time":"2026-06-11T22:01:40.032501+08:00","level":"INFO","service":"pos-api","caller":"app/pos/api/internal/logic/stake/stake_logic.go:144","msg":"HandleMarketBuyTx: txId=4igTG4pHYYFuDWEQPeDMfVhjCRLhfiNqtLbsgUUno8w7H9fijTnW2rw9DTiWFWCeHZRwntDFTLTzqjLMjaCydEzD"}
{"time":"2026-06-11T22:01:40.033817+08:00","level":"INFO","service":"pos-api","caller":"app/pos/api/internal/logic/stake/stake_logic.go:178","msg":"HandleMarketBuyTx: inserted 1 records for txId=4igTG4pHYYFuDWEQPeDMfVhjCRLhfiNqtLbsgUUno8w7H9fijTnW2rw9DTiWFWCeHZRwntDFTLTzqjLMjaCydEzD"}
{"time":"2026-06-11T22:01:40.03516+08:00","level":"INFO","service":"pos-api","caller":"app/pos/api/internal/task/kafka.go:93","msg":"KafkaConsumerTask: 收到已扫描交易 service=pos subService=market buy token txID=piASQoH2ZCHo3LsCXjZ9yU9bnojnWFLRhcBxsYskgUYERsoQYVMepLsUS8jg7hQ7wm5W2wUmZCXh9kALsqQvdUT"}
{"time":"2026-06-11T22:01:40.03519+08:00","level":"INFO","service":"pos-api","caller":"app/pos/api/internal/logic/stake/stake_logic.go:144","msg":"HandleMarketBuyTx: txId=piASQoH2ZCHo3LsCXjZ9yU9bnojnWFLRhcBxsYskgUYERsoQYVMepLsUS8jg7hQ7wm5W2wUmZCXh9kALsqQvdUT"}
{"time":"2026-06-11T22:01:40.036378+08:00","level":"INFO","service":"pos-api","caller":"app/pos/api/internal/logic/stake/stake_logic.go:178","msg":"HandleMarketBuyTx: inserted 1 records for txId=piASQoH2ZCHo3LsCXjZ9yU9bnojnWFLRhcBxsYskgUYERsoQYVMepLsUS8jg7hQ7wm5W2wUmZCXh9kALsqQvdUT"}
{"time":"2026-06-11T22:01:40.037404+08:00","level":"INFO","service":"pos-api","caller":"app/pos/api/internal/task/kafka.go:93","msg":"KafkaConsumerTask: 收到已扫描交易 service=pos subService=market buy token txID=3S318epQvChrTR8Tte1kDHM9tUQnnbdmEHU8hQsBgDooG7JLUSvJAHrMT3m4xh9zs69Hg9EFcJ9q2VgiW1rdSpPn"}
{"time":"2026-06-11T22:01:40.037423+08:00","level":"INFO","service":"pos-api","caller":"app/pos/api/internal/logic/stake/stake_logic.go:144","msg":"HandleMarketBuyTx: txId=3S318epQvChrTR8Tte1kDHM9tUQnnbdmEHU8hQsBgDooG7JLUSvJAHrMT3m4xh9zs69Hg9EFcJ9q2VgiW1rdSpPn"}
{"time":"2026-06-11T22:01:40.038772+08:00","level":"INFO","service":"pos-api","caller":"app/pos/api/internal/logic/stake/stake_logic.go:178","msg":"HandleMarketBuyTx: inserted 1 records for txId=3S318epQvChrTR8Tte1kDHM9tUQnnbdmEHU8hQsBgDooG7JLUSvJAHrMT3m4xh9zs69Hg9EFcJ9q2VgiW1rdSpPn"}
{"time":"2026-06-11T22:01:40.039504+08:00","level":"INFO","service":"pos-api","caller":"app/pos/api/internal/task/kafka.go:93","msg":"KafkaConsumerTask: 收到已扫描交易 service=pos subService=market buy token txID=4eeAwkMTz9qntj7QmKWWxMu1sSkox9i1zXmGEBAtf8UZ6CNCN9cGF3dyqvL9KP8LDkPoVrSuuVidCo5VAi4y6t9d"}
{"time":"2026-06-11T22:01:40.039519+08:00","level":"INFO","service":"pos-api","caller":"app/pos/api/internal/logic/stake/stake_logic.go:144","msg":"HandleMarketBuyTx: txId=4eeAwkMTz9qntj7QmKWWxMu1sSkox9i1zXmGEBAtf8UZ6CNCN9cGF3dyqvL9KP8LDkPoVrSuuVidCo5VAi4y6t9d"}
{"time":"2026-06-11T22:01:40.040348+08:00","level":"INFO","service":"pos-api","caller":"app/pos/api/internal/logic/stake/stake_logic.go:178","msg":"HandleMarketBuyTx: inserted 1 records for txId=4eeAwkMTz9qntj7QmKWWxMu1sSkox9i1zXmGEBAtf8UZ6CNCN9cGF3dyqvL9KP8LDkPoVrSuuVidCo5VAi4y6t9d"}
{"time":"2026-06-11T22:01:40.041127+08:00","level":"INFO","service":"pos-api","caller":"app/pos/api/internal/task/kafka.go:93","msg":"KafkaConsumerTask: 收到已扫描交易 service=pos subService=market buy token txID=zj1VRaLkGNSGFTueSh7BScDNtz3KYLNM3T3ZwTDLa4BFpqccuwGMhweart2gRojyAHdFNToi7HsJybUaydFqBAz"}
{"time":"2026-06-11T22:01:40.041144+08:00","level":"INFO","service":"pos-api","caller":"app/pos/api/internal/logic/stake/stake_logic.go:144","msg":"HandleMarketBuyTx: txId=zj1VRaLkGNSGFTueSh7BScDNtz3KYLNM3T3ZwTDLa4BFpqccuwGMhweart2gRojyAHdFNToi7HsJybUaydFqBAz"}
{"time":"2026-06-11T22:01:40.042044+08:00","level":"INFO","service":"pos-api","caller":"app/pos/api/internal/logic/stake/stake_logic.go:178","msg":"HandleMarketBuyTx: inserted 1 records for txId=zj1VRaLkGNSGFTueSh7BScDNtz3KYLNM3T3ZwTDLa4BFpqccuwGMhweart2gRojyAHdFNToi7HsJybUaydFqBAz"}
{"time":"2026-06-11T22:01:40.042693+08:00","level":"INFO","service":"pos-api","caller":"app/pos/api/internal/task/kafka.go:93","msg":"KafkaConsumerTask: 收到已扫描交易 service=pos subService=market buy token txID=2y2XotfFUoN7v3dMYCWPRFhVsvPohwcUayx5gYkJby2ocyBrkYBxroytK3Ar3XZCaMcpsNj6nABJ3JohT6MEknnz"}
{"time":"2026-06-11T22:01:40.042717+08:00","level":"INFO","service":"pos-api","caller":"app/pos/api/internal/logic/stake/stake_logic.go:144","msg":"HandleMarketBuyTx: txId=2y2XotfFUoN7v3dMYCWPRFhVsvPohwcUayx5gYkJby2ocyBrkYBxroytK3Ar3XZCaMcpsNj6nABJ3JohT6MEknnz"}
{"time":"2026-06-11T22:01:40.043704+08:00","level":"INFO","service":"pos-api","caller":"app/pos/api/internal/logic/stake/stake_logic.go:178","msg":"HandleMarketBuyTx: inserted 1 records for txId=2y2XotfFUoN7v3dMYCWPRFhVsvPohwcUayx5gYkJby2ocyBrkYBxroytK3Ar3XZCaMcpsNj6nABJ3JohT6MEknnz"}
{"time":"2026-06-11T22:01:40.044607+08:00","level":"INFO","service":"pos-api","caller":"app/pos/api/internal/task/kafka.go:93","msg":"KafkaConsumerTask: 收到已扫描交易 service=pos subService=market buy token txID=2x4qEUnieqHvtG69JwDKxNZdyakFeqhYNmckxNZe6C32g7sKzety7Ko4XUcaRdEZJcHyMz6hkcC1EpKyZ4TektkR"}
{"time":"2026-06-11T22:01:40.044622+08:00","level":"INFO","service":"pos-api","caller":"app/pos/api/internal/logic/stake/stake_logic.go:144","msg":"HandleMarketBuyTx: txId=2x4qEUnieqHvtG69JwDKxNZdyakFeqhYNmckxNZe6C32g7sKzety7Ko4XUcaRdEZJcHyMz6hkcC1EpKyZ4TektkR"}
{"time":"2026-06-11T22:01:40.045431+08:00","level":"INFO","service":"pos-api","caller":"app/pos/api/internal/logic/stake/stake_logic.go:178","msg":"HandleMarketBuyTx: inserted 1 records for txId=2x4qEUnieqHvtG69JwDKxNZdyakFeqhYNmckxNZe6C32g7sKzety7Ko4XUcaRdEZJcHyMz6hkcC1EpKyZ4TektkR"}
{"time":"2026-06-11T22:01:40.046104+08:00","level":"INFO","service":"pos-api","caller":"app/pos/api/internal/task/kafka.go:93","msg":"KafkaConsumerTask: 收到已扫描交易 service=pos subService=market buy token txID=DkotkAXsDAsGtzHpggXckbLSosrpzBREKqyAzpYiCmyGM3uJMp7LseTjcSmMggPvWKA56WfbSQ3zBSdvq2QdxEr"}
{"time":"2026-06-11T22:01:40.046122+08:00","level":"INFO","service":"pos-api","caller":"app/pos/api/internal/logic/stake/stake_logic.go:144","msg":"HandleMarketBuyTx: txId=DkotkAXsDAsGtzHpggXckbLSosrpzBREKqyAzpYiCmyGM3uJMp7LseTjcSmMggPvWKA56WfbSQ3zBSdvq2QdxEr"}
{"time":"2026-06-11T22:01:40.047143+08:00","level":"INFO","service":"pos-api","caller":"app/pos/api/internal/logic/stake/stake_logic.go:178","msg":"HandleMarketBuyTx: inserted 1 records for txId=DkotkAXsDAsGtzHpggXckbLSosrpzBREKqyAzpYiCmyGM3uJMp7LseTjcSmMggPvWKA56WfbSQ3zBSdvq2QdxEr"}
{"time":"2026-06-11T22:01:40.04774+08:00","level":"INFO","service":"pos-api","caller":"app/pos/api/internal/task/kafka.go:93","msg":"KafkaConsumerTask: 收到已扫描交易 service=pos subService=market buy token txID=2WkY83hCkqJCk81uwhwAtQhYp6hQqAjBjfi1jXvhtgQaJtLmz5yqAtKR3a5yDBFckhHJeueq7Cz74k7v5DfTFZTM"}
{"time":"2026-06-11T22:01:40.047755+08:00","level":"INFO","service":"pos-api","caller":"app/pos/api/internal/logic/stake/stake_logic.go:144","msg":"HandleMarketBuyTx: txId=2WkY83hCkqJCk81uwhwAtQhYp6hQqAjBjfi1jXvhtgQaJtLmz5yqAtKR3a5yDBFckhHJeueq7Cz74k7v5DfTFZTM"}
{"time":"2026-06-11T22:01:40.048597+08:00","level":"INFO","service":"pos-api","caller":"app/pos/api/internal/logic/stake/stake_logic.go:178","msg":"HandleMarketBuyTx: inserted 1 records for txId=2WkY83hCkqJCk81uwhwAtQhYp6hQqAjBjfi1jXvhtgQaJtLmz5yqAtKR3a5yDBFckhHJeueq7Cz74k7v5DfTFZTM"}
{"time":"2026-06-11T22:01:40.049291+08:00","level":"INFO","service":"pos-api","caller":"app/pos/api/internal/task/kafka.go:93","msg":"KafkaConsumerTask: 收到已扫描交易 service=pos subService=market buy token txID=3nN7ujL52uXN46c4GwNniT288kzGKohKUp1tyuGAqyvjVZLqeYqk2jQX6r21YB9nCn4Z3JhNw4LuCAc1YHCydrRo"}
{"time":"2026-06-11T22:01:40.049314+08:00","level":"INFO","service":"pos-api","caller":"app/pos/api/internal/logic/stake/stake_logic.go:144","msg":"HandleMarketBuyTx: txId=3nN7ujL52uXN46c4GwNniT288kzGKohKUp1tyuGAqyvjVZLqeYqk2jQX6r21YB9nCn4Z3JhNw4LuCAc1YHCydrRo"}
{"time":"2026-06-11T22:01:40.051165+08:00","level":"INFO","service":"pos-api","caller":"app/pos/api/internal/logic/stake/stake_logic.go:178","msg":"HandleMarketBuyTx: inserted 1 records for txId=3nN7ujL52uXN46c4GwNniT288kzGKohKUp1tyuGAqyvjVZLqeYqk2jQX6r21YB9nCn4Z3JhNw4LuCAc1YHCydrRo"}
{"time":"2026-06-11T22:01:40.052278+08:00","level":"INFO","service":"pos-api","caller":"app/pos/api/internal/task/kafka.go:93","msg":"KafkaConsumerTask: 收到已扫描交易 service=pos subService=market buy token txID=35rA42opLahVkRmqmAU5MrnxJeD8uiemJVkrYvShaB9E92fa1AxRY3ci6EhDWkyJe4LGSDfVNrYX5YZE56EQYay7"}
{"time":"2026-06-11T22:01:40.052316+08:00","level":"INFO","service":"pos-api","caller":"app/pos/api/internal/logic/stake/stake_logic.go:144","msg":"HandleMarketBuyTx: txId=35rA42opLahVkRmqmAU5MrnxJeD8uiemJVkrYvShaB9E92fa1AxRY3ci6EhDWkyJe4LGSDfVNrYX5YZE56EQYay7"}
{"time":"2026-06-11T22:01:40.053851+08:00","level":"INFO","service":"pos-api","caller":"app/pos/api/internal/logic/stake/stake_logic.go:178","msg":"HandleMarketBuyTx: inserted 1 records for txId=35rA42opLahVkRmqmAU5MrnxJeD8uiemJVkrYvShaB9E92fa1AxRY3ci6EhDWkyJe4LGSDfVNrYX5YZE56EQYay7"}
{"time":"2026-06-11T22:01:40.054473+08:00","level":"INFO","service":"pos-api","caller":"app/pos/api/internal/task/kafka.go:93","msg":"KafkaConsumerTask: 收到已扫描交易 service=pos subService=market buy token txID=YuLnJc9JCqk1xkARPE3nukFgT3qCD32EjgEFVj7VkVDLusSHXzViDJPZDiF2bHXsjS1YxWqwvLSGKpvidikj5zk"}
{"time":"2026-06-11T22:01:40.054489+08:00","level":"INFO","service":"pos-api","caller":"app/pos/api/internal/logic/stake/stake_logic.go:144","msg":"HandleMarketBuyTx: txId=YuLnJc9JCqk1xkARPE3nukFgT3qCD32EjgEFVj7VkVDLusSHXzViDJPZDiF2bHXsjS1YxWqwvLSGKpvidikj5zk"}
{"time":"2026-06-11T22:01:40.055297+08:00","level":"INFO","service":"pos-api","caller":"app/pos/api/internal/logic/stake/stake_logic.go:178","msg":"HandleMarketBuyTx: inserted 1 records for txId=YuLnJc9JCqk1xkARPE3nukFgT3qCD32EjgEFVj7VkVDLusSHXzViDJPZDiF2bHXsjS1YxWqwvLSGKpvidikj5zk"}
{"time":"2026-06-11T22:01:40.055862+08:00","level":"INFO","service":"pos-api","caller":"app/pos/api/internal/task/kafka.go:93","msg":"KafkaConsumerTask: 收到已扫描交易 service=pos subService=market buy token txID=2ftvSsVA8WMKaox7DkME3g5cT5XJL6bojaZVjd2dQV27zRNP5fb9eNVxv5refmJgV3qiZFm189YaYkMu6Lr8ARgU"}
{"time":"2026-06-11T22:01:40.055879+08:00","level":"INFO","service":"pos-api","caller":"app/pos/api/internal/logic/stake/stake_logic.go:144","msg":"HandleMarketBuyTx: txId=2ftvSsVA8WMKaox7DkME3g5cT5XJL6bojaZVjd2dQV27zRNP5fb9eNVxv5refmJgV3qiZFm189YaYkMu6Lr8ARgU"}
{"time":"2026-06-11T22:01:40.056995+08:00","level":"INFO","service":"pos-api","caller":"app/pos/api/internal/logic/stake/stake_logic.go:178","msg":"HandleMarketBuyTx: inserted 1 records for txId=2ftvSsVA8WMKaox7DkME3g5cT5XJL6bojaZVjd2dQV27zRNP5fb9eNVxv5refmJgV3qiZFm189YaYkMu6Lr8ARgU"}
{"time":"2026-06-11T22:01:40.058358+08:00","level":"INFO","service":"pos-api","caller":"app/pos/api/internal/task/kafka.go:93","msg":"KafkaConsumerTask: 收到已扫描交易 service=pos subService=market buy token txID=HDykE2MHnjsXRVgkYF8RmWf4pQAxwD48d8ApaQg8cPTpBZcB9x9Y4TLrD1cDweupSapJi1A28kyDJpX69zkaCVp"}
{"time":"2026-06-11T22:01:40.058384+08:00","level":"INFO","service":"pos-api","caller":"app/pos/api/internal/logic/stake/stake_logic.go:144","msg":"HandleMarketBuyTx: txId=HDykE2MHnjsXRVgkYF8RmWf4pQAxwD48d8ApaQg8cPTpBZcB9x9Y4TLrD1cDweupSapJi1A28kyDJpX69zkaCVp"}
{"time":"2026-06-11T22:01:40.059296+08:00","level":"INFO","service":"pos-api","caller":"app/pos/api/internal/logic/stake/stake_logic.go:178","msg":"HandleMarketBuyTx: inserted 1 records for txId=HDykE2MHnjsXRVgkYF8RmWf4pQAxwD48d8ApaQg8cPTpBZcB9x9Y4TLrD1cDweupSapJi1A28kyDJpX69zkaCVp"}
{"time":"2026-06-11T22:01:40.060003+08:00","level":"INFO","service":"pos-api","caller":"app/pos/api/internal/task/kafka.go:93","msg":"KafkaConsumerTask: 收到已扫描交易 service=pos subService=market buy token txID=25mraeoiPP2AePmgbqpxkCMRqHe82qLFxANyrqADJyxfEPFQoNvEFZQvKQSmXceycrLi67m2De53pNWyDmPRGucr"}
{"time":"2026-06-11T22:01:40.060026+08:00","level":"INFO","service":"pos-api","caller":"app/pos/api/internal/logic/stake/stake_logic.go:144","msg":"HandleMarketBuyTx: txId=25mraeoiPP2AePmgbqpxkCMRqHe82qLFxANyrqADJyxfEPFQoNvEFZQvKQSmXceycrLi67m2De53pNWyDmPRGucr"}
{"time":"2026-06-11T22:01:40.060871+08:00","level":"INFO","service":"pos-api","caller":"app/pos/api/internal/logic/stake/stake_logic.go:178","msg":"HandleMarketBuyTx: inserted 1 records for txId=25mraeoiPP2AePmgbqpxkCMRqHe82qLFxANyrqADJyxfEPFQoNvEFZQvKQSmXceycrLi67m2De53pNWyDmPRGucr"}
{"time":"2026-06-11T22:01:40.061437+08:00","level":"INFO","service":"pos-api","caller":"app/pos/api/internal/task/kafka.go:93","msg":"KafkaConsumerTask: 收到已扫描交易 service=pos subService=market buy token txID=48hJ8vaMNSQVnRonoGKvFhxAsYQhRp35y4Cby3wb2MmDH9JKBTHtEoegTbQnkSut4eaW46FeHPmArFjPu2kd373J"}
{"time":"2026-06-11T22:01:40.061449+08:00","level":"INFO","service":"pos-api","caller":"app/pos/api/internal/logic/stake/stake_logic.go:144","msg":"HandleMarketBuyTx: txId=48hJ8vaMNSQVnRonoGKvFhxAsYQhRp35y4Cby3wb2MmDH9JKBTHtEoegTbQnkSut4eaW46FeHPmArFjPu2kd373J"}
{"time":"2026-06-11T22:01:40.06218+08:00","level":"INFO","service":"pos-api","caller":"app/pos/api/internal/logic/stake/stake_logic.go:178","msg":"HandleMarketBuyTx: inserted 1 records for txId=48hJ8vaMNSQVnRonoGKvFhxAsYQhRp35y4Cby3wb2MmDH9JKBTHtEoegTbQnkSut4eaW46FeHPmArFjPu2kd373J"}
{"time":"2026-06-11T22:01:40.062691+08:00","level":"INFO","service":"pos-api","caller":"app/pos/api/internal/task/kafka.go:93","msg":"KafkaConsumerTask: 收到已扫描交易 service=pos subService=market buy token txID=47VxjDcWRfXu27eTTKti5NNbwKsWR19zSGx1pRXtnpmd37rxCyNz7nejwjEKYxFrf8WJcDxpARr6txQyvqp51kpp"}
{"time":"2026-06-11T22:01:40.062706+08:00","level":"INFO","service":"pos-api","caller":"app/pos/api/internal/logic/stake/stake_logic.go:144","msg":"HandleMarketBuyTx: txId=47VxjDcWRfXu27eTTKti5NNbwKsWR19zSGx1pRXtnpmd37rxCyNz7nejwjEKYxFrf8WJcDxpARr6txQyvqp51kpp"}
{"time":"2026-06-11T22:01:40.063473+08:00","level":"INFO","service":"pos-api","caller":"app/pos/api/internal/logic/stake/stake_logic.go:178","msg":"HandleMarketBuyTx: inserted 1 records for txId=47VxjDcWRfXu27eTTKti5NNbwKsWR19zSGx1pRXtnpmd37rxCyNz7nejwjEKYxFrf8WJcDxpARr6txQyvqp51kpp"}
{"time":"2026-06-11T22:01:40.064435+08:00","level":"INFO","service":"pos-api","caller":"app/pos/api/internal/task/kafka.go:93","msg":"KafkaConsumerTask: 收到已扫描交易 service=pos subService=market buy token txID=4nR8mRmerkuYXaLPAFjD844St66MS6TLaj4qJ2qVJFwwCqs6DmBz1iiJfUma73JjvsprK8jwQ5dw9Tq8erffjFjV"}
{"time":"2026-06-11T22:01:40.06446+08:00","level":"INFO","service":"pos-api","caller":"app/pos/api/internal/logic/stake/stake_logic.go:144","msg":"HandleMarketBuyTx: txId=4nR8mRmerkuYXaLPAFjD844St66MS6TLaj4qJ2qVJFwwCqs6DmBz1iiJfUma73JjvsprK8jwQ5dw9Tq8erffjFjV"}
{"time":"2026-06-11T22:01:40.066669+08:00","level":"INFO","service":"pos-api","caller":"app/pos/api/internal/logic/stake/stake_logic.go:178","msg":"HandleMarketBuyTx: inserted 1 records for txId=4nR8mRmerkuYXaLPAFjD844St66MS6TLaj4qJ2qVJFwwCqs6DmBz1iiJfUma73JjvsprK8jwQ5dw9Tq8erffjFjV"}
{"time":"2026-06-11T22:01:40.067518+08:00","level":"INFO","service":"pos-api","caller":"app/pos/api/internal/task/kafka.go:93","msg":"KafkaConsumerTask: 收到已扫描交易 service=pos subService=market buy token txID=2cj2XVCtTN2RPN1UXhFhkRftZhXZFuyXPRK1RsMbJPEaCQ4nqTb6JpyAUoxGNPpwYUE9HByXRrTuu1mD3N5Ceu3D"}
{"time":"2026-06-11T22:01:40.067539+08:00","level":"INFO","service":"pos-api","caller":"app/pos/api/internal/logic/stake/stake_logic.go:144","msg":"HandleMarketBuyTx: txId=2cj2XVCtTN2RPN1UXhFhkRftZhXZFuyXPRK1RsMbJPEaCQ4nqTb6JpyAUoxGNPpwYUE9HByXRrTuu1mD3N5Ceu3D"}
{"time":"2026-06-11T22:01:40.068322+08:00","level":"INFO","service":"pos-api","caller":"app/pos/api/internal/logic/stake/stake_logic.go:178","msg":"HandleMarketBuyTx: inserted 1 records for txId=2cj2XVCtTN2RPN1UXhFhkRftZhXZFuyXPRK1RsMbJPEaCQ4nqTb6JpyAUoxGNPpwYUE9HByXRrTuu1mD3N5Ceu3D"}
{"time":"2026-06-11T22:01:40.068804+08:00","level":"INFO","service":"pos-api","caller":"app/pos/api/internal/task/kafka.go:93","msg":"KafkaConsumerTask: 收到已扫描交易 service=pos subService=market buy token txID=4BxMmrFLMUFFGffH82QCUMcUCC2RX41o9d2YWKdGAQ5j4VzwcVGpdHVirkbjVLTDLPytMDXpgyZ4zRzc5j8Tf5EM"}
{"time":"2026-06-11T22:01:40.068817+08:00","level":"INFO","service":"pos-api","caller":"app/pos/api/internal/logic/stake/stake_logic.go:144","msg":"HandleMarketBuyTx: txId=4BxMmrFLMUFFGffH82QCUMcUCC2RX41o9d2YWKdGAQ5j4VzwcVGpdHVirkbjVLTDLPytMDXpgyZ4zRzc5j8Tf5EM"}
{"time":"2026-06-11T22:01:40.069451+08:00","level":"INFO","service":"pos-api","caller":"app/pos/api/internal/logic/stake/stake_logic.go:178","msg":"HandleMarketBuyTx: inserted 1 records for txId=4BxMmrFLMUFFGffH82QCUMcUCC2RX41o9d2YWKdGAQ5j4VzwcVGpdHVirkbjVLTDLPytMDXpgyZ4zRzc5j8Tf5EM"}
{"time":"2026-06-11T22:01:40.070013+08:00","level":"INFO","service":"pos-api","caller":"app/pos/api/internal/task/kafka.go:93","msg":"KafkaConsumerTask: 收到已扫描交易 service=pos subService=market buy token txID=2KNngkHGch9FgieDtYFd8CsUgGroCQJca8rHdFik2eikKAxEV6FRTpAPo1DrzP6HM4uyqJrvMaqNeTxqSoH7eiAJ"}
{"time":"2026-06-11T22:01:40.070027+08:00","level":"INFO","service":"pos-api","caller":"app/pos/api/internal/logic/stake/stake_logic.go:144","msg":"HandleMarketBuyTx: txId=2KNngkHGch9FgieDtYFd8CsUgGroCQJca8rHdFik2eikKAxEV6FRTpAPo1DrzP6HM4uyqJrvMaqNeTxqSoH7eiAJ"}
{"time":"2026-06-11T22:01:40.070857+08:00","level":"INFO","service":"pos-api","caller":"app/pos/api/internal/logic/stake/stake_logic.go:178","msg":"HandleMarketBuyTx: inserted 1 records for txId=2KNngkHGch9FgieDtYFd8CsUgGroCQJca8rHdFik2eikKAxEV6FRTpAPo1DrzP6HM4uyqJrvMaqNeTxqSoH7eiAJ"}
{"time":"2026-06-11T22:01:40.071951+08:00","level":"INFO","service":"pos-api","caller":"app/pos/api/internal/task/kafka.go:93","msg":"KafkaConsumerTask: 收到已扫描交易 service=pos subService=market buy token txID=4hhgFPLfjfxs7ZBKqGeR7gY2e5FwGbH4aMrPiGuqMy6L3S5AHmnWqwgXsYb4H95ZuSRD3BgRdtiofdb5C4zTBrEg"}
{"time":"2026-06-11T22:01:40.071973+08:00","level":"INFO","service":"pos-api","caller":"app/pos/api/internal/logic/stake/stake_logic.go:144","msg":"HandleMarketBuyTx: txId=4hhgFPLfjfxs7ZBKqGeR7gY2e5FwGbH4aMrPiGuqMy6L3S5AHmnWqwgXsYb4H95ZuSRD3BgRdtiofdb5C4zTBrEg"}
{"time":"2026-06-11T22:01:40.073365+08:00","level":"INFO","service":"pos-api","caller":"app/pos/api/internal/logic/stake/stake_logic.go:178","msg":"HandleMarketBuyTx: inserted 1 records for txId=4hhgFPLfjfxs7ZBKqGeR7gY2e5FwGbH4aMrPiGuqMy6L3S5AHmnWqwgXsYb4H95ZuSRD3BgRdtiofdb5C4zTBrEg"}
{"time":"2026-06-11T22:01:40.074244+08:00","level":"INFO","service":"pos-api","caller":"app/pos/api/internal/task/kafka.go:93","msg":"KafkaConsumerTask: 收到已扫描交易 service=pos subService=market buy token txID=3sSiJ1wnkcXghWPyMXQuReisY36uYRgEFZE88fghnqD3ubY7mvbks6NnBUxMGCr51wHi4NuxkLqwmgbT3DNz9L7P"}
{"time":"2026-06-11T22:01:40.074267+08:00","level":"INFO","service":"pos-api","caller":"app/pos/api/internal/logic/stake/stake_logic.go:144","msg":"HandleMarketBuyTx: txId=3sSiJ1wnkcXghWPyMXQuReisY36uYRgEFZE88fghnqD3ubY7mvbks6NnBUxMGCr51wHi4NuxkLqwmgbT3DNz9L7P"}
{"time":"2026-06-11T22:01:40.075352+08:00","level":"INFO","service":"pos-api","caller":"app/pos/api/internal/logic/stake/stake_logic.go:178","msg":"HandleMarketBuyTx: inserted 1 records for txId=3sSiJ1wnkcXghWPyMXQuReisY36uYRgEFZE88fghnqD3ubY7mvbks6NnBUxMGCr51wHi4NuxkLqwmgbT3DNz9L7P"}
{"time":"2026-06-11T22:01:40.076028+08:00","level":"INFO","service":"pos-api","caller":"app/pos/api/internal/task/kafka.go:93","msg":"KafkaConsumerTask: 收到已扫描交易 service=pos subService=market buy token txID=2YbbG8fM6csW3wqw3S8tKANA75tQoKP5Lctuofy3GshLkk95AwgFNr8CkqXR48tHHTJa8e6gL1a3rArMJhqckzjW"}
{"time":"2026-06-11T22:01:40.076048+08:00","level":"INFO","service":"pos-api","caller":"app/pos/api/internal/logic/stake/stake_logic.go:144","msg":"HandleMarketBuyTx: txId=2YbbG8fM6csW3wqw3S8tKANA75tQoKP5Lctuofy3GshLkk95AwgFNr8CkqXR48tHHTJa8e6gL1a3rArMJhqckzjW"}
{"time":"2026-06-11T22:01:40.07697+08:00","level":"INFO","service":"pos-api","caller":"app/pos/api/internal/logic/stake/stake_logic.go:178","msg":"HandleMarketBuyTx: inserted 1 records for txId=2YbbG8fM6csW3wqw3S8tKANA75tQoKP5Lctuofy3GshLkk95AwgFNr8CkqXR48tHHTJa8e6gL1a3rArMJhqckzjW"}
{"time":"2026-06-11T22:01:40.077502+08:00","level":"INFO","service":"pos-api","caller":"app/pos/api/internal/task/kafka.go:93","msg":"KafkaConsumerTask: 收到已扫描交易 service=pos subService=market buy token txID=3x9k1y1sVVFVKHTXKDTmEymy8EDhysGMofmhP86RWxUH5HHxHt9WpUEyuLQDUfxSo84q3HDyBGRD1rVqqAUQhWct"}
{"time":"2026-06-11T22:01:40.077516+08:00","level":"INFO","service":"pos-api","caller":"app/pos/api/internal/logic/stake/stake_logic.go:144","msg":"HandleMarketBuyTx: txId=3x9k1y1sVVFVKHTXKDTmEymy8EDhysGMofmhP86RWxUH5HHxHt9WpUEyuLQDUfxSo84q3HDyBGRD1rVqqAUQhWct"}
{"time":"2026-06-11T22:01:40.079041+08:00","level":"INFO","service":"pos-api","caller":"app/pos/api/internal/logic/stake/stake_logic.go:178","msg":"HandleMarketBuyTx: inserted 1 records for txId=3x9k1y1sVVFVKHTXKDTmEymy8EDhysGMofmhP86RWxUH5HHxHt9WpUEyuLQDUfxSo84q3HDyBGRD1rVqqAUQhWct"}
{"time":"2026-06-11T22:01:40.079906+08:00","level":"INFO","service":"pos-api","caller":"app/pos/api/internal/task/kafka.go:93","msg":"KafkaConsumerTask: 收到已扫描交易 service=pos subService=market buy token txID=34zfBsTmUqa12BtvJ4h8ei5vbV9EKiSMpyata1h7vZRLVnoWjHN6kZ4AGniwC2FBDspiusbfpGf45kzaqVRsjL44"}
{"time":"2026-06-11T22:01:40.079927+08:00","level":"INFO","service":"pos-api","caller":"app/pos/api/internal/logic/stake/stake_logic.go:144","msg":"HandleMarketBuyTx: txId=34zfBsTmUqa12BtvJ4h8ei5vbV9EKiSMpyata1h7vZRLVnoWjHN6kZ4AGniwC2FBDspiusbfpGf45kzaqVRsjL44"}
{"time":"2026-06-11T22:01:40.080985+08:00","level":"INFO","service":"pos-api","caller":"app/pos/api/internal/logic/stake/stake_logic.go:178","msg":"HandleMarketBuyTx: inserted 1 records for txId=34zfBsTmUqa12BtvJ4h8ei5vbV9EKiSMpyata1h7vZRLVnoWjHN6kZ4AGniwC2FBDspiusbfpGf45kzaqVRsjL44"}
{"time":"2026-06-11T22:01:40.081579+08:00","level":"INFO","service":"pos-api","caller":"app/pos/api/internal/task/kafka.go:93","msg":"KafkaConsumerTask: 收到已扫描交易 service=pos subService=market buy token txID=67ANt9oiywimXmKtA4quPSyzRkLy24KVrTB4RPevWNWAFaRTpyzCYv4SrzQW7tidsz1Gxwq4xmPEw5e9ZHgJS7Sf"}
{"time":"2026-06-11T22:01:40.081592+08:00","level":"INFO","service":"pos-api","caller":"app/pos/api/internal/logic/stake/stake_logic.go:144","msg":"HandleMarketBuyTx: txId=67ANt9oiywimXmKtA4quPSyzRkLy24KVrTB4RPevWNWAFaRTpyzCYv4SrzQW7tidsz1Gxwq4xmPEw5e9ZHgJS7Sf"}
{"time":"2026-06-11T22:01:40.082356+08:00","level":"INFO","service":"pos-api","caller":"app/pos/api/internal/logic/stake/stake_logic.go:178","msg":"HandleMarketBuyTx: inserted 1 records for txId=67ANt9oiywimXmKtA4quPSyzRkLy24KVrTB4RPevWNWAFaRTpyzCYv4SrzQW7tidsz1Gxwq4xmPEw5e9ZHgJS7Sf"}
{"time":"2026-06-11T22:01:40.082801+08:00","level":"INFO","service":"pos-api","caller":"app/pos/api/internal/task/kafka.go:93","msg":"KafkaConsumerTask: 收到已扫描交易 service=pos subService=market buy token txID=5Yb926tvd5o9UGzBBGzu7ZFRqbg4sPg5dvLiMyW4byZf8ppwE9Wt7cN2YYVHx1gX8JZTH4pJUqSybNzJqqmEUWiU"}
{"time":"2026-06-11T22:01:40.082815+08:00","level":"INFO","service":"pos-api","caller":"app/pos/api/internal/logic/stake/stake_logic.go:144","msg":"HandleMarketBuyTx: txId=5Yb926tvd5o9UGzBBGzu7ZFRqbg4sPg5dvLiMyW4byZf8ppwE9Wt7cN2YYVHx1gX8JZTH4pJUqSybNzJqqmEUWiU"}
{"time":"2026-06-11T22:01:40.083733+08:00","level":"INFO","service":"pos-api","caller":"app/pos/api/internal/logic/stake/stake_logic.go:178","msg":"HandleMarketBuyTx: inserted 1 records for txId=5Yb926tvd5o9UGzBBGzu7ZFRqbg4sPg5dvLiMyW4byZf8ppwE9Wt7cN2YYVHx1gX8JZTH4pJUqSybNzJqqmEUWiU"}
{"time":"2026-06-11T22:01:40.08413+08:00","level":"INFO","service":"pos-api","caller":"app/pos/api/internal/task/kafka.go:93","msg":"KafkaConsumerTask: 收到已扫描交易 service=pos subService=market buy token txID=2Zg322ycemJUk8tCZBcGvvQYAkfYBnzHNwKkTJsiDTNYmNmMKPEmi4yf9NbVi2xMQWA7rGJ3J4zrpUVP3apM7zFE"}
{"time":"2026-06-11T22:01:40.084142+08:00","level":"INFO","service":"pos-api","caller":"app/pos/api/internal/logic/stake/stake_logic.go:144","msg":"HandleMarketBuyTx: txId=2Zg322ycemJUk8tCZBcGvvQYAkfYBnzHNwKkTJsiDTNYmNmMKPEmi4yf9NbVi2xMQWA7rGJ3J4zrpUVP3apM7zFE"}
{"time":"2026-06-11T22:01:40.085664+08:00","level":"INFO","service":"pos-api","caller":"app/pos/api/internal/logic/stake/stake_logic.go:178","msg":"HandleMarketBuyTx: inserted 1 records for txId=2Zg322ycemJUk8tCZBcGvvQYAkfYBnzHNwKkTJsiDTNYmNmMKPEmi4yf9NbVi2xMQWA7rGJ3J4zrpUVP3apM7zFE"}
{"time":"2026-06-11T22:01:40.08629+08:00","level":"INFO","service":"pos-api","caller":"app/pos/api/internal/task/kafka.go:93","msg":"KafkaConsumerTask: 收到已扫描交易 service=pos subService=market buy token txID=PLFHHeAZ5fszuTCy1CxWEnxh7CvQJoc6YaoeX2QHTwb18XsZyRkyEAbWcBKarcXdWz1WbAgcBHAPJ38KTs2B51R"}
{"time":"2026-06-11T22:01:40.086312+08:00","level":"INFO","service":"pos-api","caller":"app/pos/api/internal/logic/stake/stake_logic.go:144","msg":"HandleMarketBuyTx: txId=PLFHHeAZ5fszuTCy1CxWEnxh7CvQJoc6YaoeX2QHTwb18XsZyRkyEAbWcBKarcXdWz1WbAgcBHAPJ38KTs2B51R"}
{"time":"2026-06-11T22:01:40.087068+08:00","level":"INFO","service":"pos-api","caller":"app/pos/api/internal/logic/stake/stake_logic.go:178","msg":"HandleMarketBuyTx: inserted 1 records for txId=PLFHHeAZ5fszuTCy1CxWEnxh7CvQJoc6YaoeX2QHTwb18XsZyRkyEAbWcBKarcXdWz1WbAgcBHAPJ38KTs2B51R"}
{"time":"2026-06-11T22:01:40.087511+08:00","level":"INFO","service":"pos-api","caller":"app/pos/api/internal/task/kafka.go:93","msg":"KafkaConsumerTask: 收到已扫描交易 service=pos subService=market buy token txID=4aoTiZ3ULSKJkJc4WnHqhMgX8C6B6Wxe2Ry1SfupAemkJczctDYj3h85LPL5F1DKjEAmDheoAJFcxPZ6vXfz8am9"}
{"time":"2026-06-11T22:01:40.087529+08:00","level":"INFO","service":"pos-api","caller":"app/pos/api/internal/logic/stake/stake_logic.go:144","msg":"HandleMarketBuyTx: txId=4aoTiZ3ULSKJkJc4WnHqhMgX8C6B6Wxe2Ry1SfupAemkJczctDYj3h85LPL5F1DKjEAmDheoAJFcxPZ6vXfz8am9"}
{"time":"2026-06-11T22:01:40.088158+08:00","level":"INFO","service":"pos-api","caller":"app/pos/api/internal/logic/stake/stake_logic.go:178","msg":"HandleMarketBuyTx: inserted 1 records for txId=4aoTiZ3ULSKJkJc4WnHqhMgX8C6B6Wxe2Ry1SfupAemkJczctDYj3h85LPL5F1DKjEAmDheoAJFcxPZ6vXfz8am9"}
{"time":"2026-06-11T22:01:40.08868+08:00","level":"INFO","service":"pos-api","caller":"app/pos/api/internal/task/kafka.go:93","msg":"KafkaConsumerTask: 收到已扫描交易 service=pos subService=market buy token txID=25BqzBxVp7NCftSeoB4EnpBowYDt1AgvcchWAzmag4BGqjM2HGwDJmbcgQ11VtvUSZTMTKVccaoAiixHyD9CzqpE"}
{"time":"2026-06-11T22:01:40.088693+08:00","level":"INFO","service":"pos-api","caller":"app/pos/api/internal/logic/stake/stake_logic.go:144","msg":"HandleMarketBuyTx: txId=25BqzBxVp7NCftSeoB4EnpBowYDt1AgvcchWAzmag4BGqjM2HGwDJmbcgQ11VtvUSZTMTKVccaoAiixHyD9CzqpE"}
{"time":"2026-06-11T22:01:40.089549+08:00","level":"INFO","service":"pos-api","caller":"app/pos/api/internal/logic/stake/stake_logic.go:178","msg":"HandleMarketBuyTx: inserted 1 records for txId=25BqzBxVp7NCftSeoB4EnpBowYDt1AgvcchWAzmag4BGqjM2HGwDJmbcgQ11VtvUSZTMTKVccaoAiixHyD9CzqpE"}
{"time":"2026-06-11T22:01:40.089984+08:00","level":"INFO","service":"pos-api","caller":"app/pos/api/internal/task/kafka.go:93","msg":"KafkaConsumerTask: 收到已扫描交易 service=pos subService=market buy token txID=3GbzGfega4RKDzVkB5BhXKEVWWcNH8v4raPJdRfJaFnFuwr8pyBHLKKA5JeRBhHrVP3RHAqcY4DhuK611h86qMzT"}
{"time":"2026-06-11T22:01:40.089996+08:00","level":"INFO","service":"pos-api","caller":"app/pos/api/internal/logic/stake/stake_logic.go:144","msg":"HandleMarketBuyTx: txId=3GbzGfega4RKDzVkB5BhXKEVWWcNH8v4raPJdRfJaFnFuwr8pyBHLKKA5JeRBhHrVP3RHAqcY4DhuK611h86qMzT"}
{"time":"2026-06-11T22:01:40.090614+08:00","level":"INFO","service":"pos-api","caller":"app/pos/api/internal/logic/stake/stake_logic.go:178","msg":"HandleMarketBuyTx: inserted 1 records for txId=3GbzGfega4RKDzVkB5BhXKEVWWcNH8v4raPJdRfJaFnFuwr8pyBHLKKA5JeRBhHrVP3RHAqcY4DhuK611h86qMzT"}
{"time":"2026-06-11T22:01:40.091291+08:00","level":"INFO","service":"pos-api","caller":"app/pos/api/internal/task/kafka.go:93","msg":"KafkaConsumerTask: 收到已扫描交易 service=pos subService=market buy token txID=4Mzwzy6UvoiSvK4SqEdB1dJs7fL3SW6tBMFiVmk7sUgAYW5xi4qZg8FVrkFScKTebJ7xBzYqPHJP1UiG4aP1W3pD"}
{"time":"2026-06-11T22:01:40.091306+08:00","level":"INFO","service":"pos-api","caller":"app/pos/api/internal/logic/stake/stake_logic.go:144","msg":"HandleMarketBuyTx: txId=4Mzwzy6UvoiSvK4SqEdB1dJs7fL3SW6tBMFiVmk7sUgAYW5xi4qZg8FVrkFScKTebJ7xBzYqPHJP1UiG4aP1W3pD"}
{"time":"2026-06-11T22:01:40.09233+08:00","level":"INFO","service":"pos-api","caller":"app/pos/api/internal/logic/stake/stake_logic.go:178","msg":"HandleMarketBuyTx: inserted 1 records for txId=4Mzwzy6UvoiSvK4SqEdB1dJs7fL3SW6tBMFiVmk7sUgAYW5xi4qZg8FVrkFScKTebJ7xBzYqPHJP1UiG4aP1W3pD"}
{"time":"2026-06-11T22:01:40.092888+08:00","level":"INFO","service":"pos-api","caller":"app/pos/api/internal/task/kafka.go:93","msg":"KafkaConsumerTask: 收到已扫描交易 service=pos subService=market buy token txID=63g39LhsGZKVhjd5v5fWt5V7YPokY3ikfNCP3aQyLbzAozLf2p7YPteetBkihReDm1Eugv8feTb65SBPiyneDB4h"}
{"time":"2026-06-11T22:01:40.09291+08:00","level":"INFO","service":"pos-api","caller":"app/pos/api/internal/logic/stake/stake_logic.go:144","msg":"HandleMarketBuyTx: txId=63g39LhsGZKVhjd5v5fWt5V7YPokY3ikfNCP3aQyLbzAozLf2p7YPteetBkihReDm1Eugv8feTb65SBPiyneDB4h"}
{"time":"2026-06-11T22:01:40.093614+08:00","level":"INFO","service":"pos-api","caller":"app/pos/api/internal/logic/stake/stake_logic.go:178","msg":"HandleMarketBuyTx: inserted 1 records for txId=63g39LhsGZKVhjd5v5fWt5V7YPokY3ikfNCP3aQyLbzAozLf2p7YPteetBkihReDm1Eugv8feTb65SBPiyneDB4h"}
{"time":"2026-06-11T22:01:40.094087+08:00","level":"INFO","service":"pos-api","caller":"app/pos/api/internal/task/kafka.go:93","msg":"KafkaConsumerTask: 收到已扫描交易 service=pos subService=market buy token txID=4oeGQ1LqiRKV3iupEjgTQDeY7BMhEr8jfuS9y9ZCAhLgy9w49noousKz3r1DTP5CSdMujh7yJjXoNc7KbWypjVBE"}
{"time":"2026-06-11T22:01:40.094105+08:00","level":"INFO","service":"pos-api","caller":"app/pos/api/internal/logic/stake/stake_logic.go:144","msg":"HandleMarketBuyTx: txId=4oeGQ1LqiRKV3iupEjgTQDeY7BMhEr8jfuS9y9ZCAhLgy9w49noousKz3r1DTP5CSdMujh7yJjXoNc7KbWypjVBE"}
{"time":"2026-06-11T22:01:40.094721+08:00","level":"INFO","service":"pos-api","caller":"app/pos/api/internal/logic/stake/stake_logic.go:178","msg":"HandleMarketBuyTx: inserted 1 records for txId=4oeGQ1LqiRKV3iupEjgTQDeY7BMhEr8jfuS9y9ZCAhLgy9w49noousKz3r1DTP5CSdMujh7yJjXoNc7KbWypjVBE"}
{"time":"2026-06-11T22:01:40.095163+08:00","level":"INFO","service":"pos-api","caller":"app/pos/api/internal/task/kafka.go:93","msg":"KafkaConsumerTask: 收到已扫描交易 service=pos subService=market buy token txID=q8fqcdrDZ8T9MHGRdHrvtiCGq8tsty1bAj1GKsCZs9aAbAJE88Bp6Qwe5M7VLYdxrShMrskQ2fTdSofgZ3eMFXL"}
{"time":"2026-06-11T22:01:40.095182+08:00","level":"INFO","service":"pos-api","caller":"app/pos/api/internal/logic/stake/stake_logic.go:144","msg":"HandleMarketBuyTx: txId=q8fqcdrDZ8T9MHGRdHrvtiCGq8tsty1bAj1GKsCZs9aAbAJE88Bp6Qwe5M7VLYdxrShMrskQ2fTdSofgZ3eMFXL"}
{"time":"2026-06-11T22:01:40.096198+08:00","level":"INFO","service":"pos-api","caller":"app/pos/api/internal/logic/stake/stake_logic.go:178","msg":"HandleMarketBuyTx: inserted 1 records for txId=q8fqcdrDZ8T9MHGRdHrvtiCGq8tsty1bAj1GKsCZs9aAbAJE88Bp6Qwe5M7VLYdxrShMrskQ2fTdSofgZ3eMFXL"}
{"time":"2026-06-11T22:01:40.096734+08:00","level":"INFO","service":"pos-api","caller":"app/pos/api/internal/task/kafka.go:93","msg":"KafkaConsumerTask: 收到已扫描交易 service=pos subService=market buy token txID=3Nb3exDF4QhmJpxAtxSFgCkG8qL9q1FWjMqHQwNZzdkmdJamZEcEzSHp2uEwcJqn56SwC4ydW1KbLWmPgPRHoj9W"}
{"time":"2026-06-11T22:01:40.096747+08:00","level":"INFO","service":"pos-api","caller":"app/pos/api/internal/logic/stake/stake_logic.go:144","msg":"HandleMarketBuyTx: txId=3Nb3exDF4QhmJpxAtxSFgCkG8qL9q1FWjMqHQwNZzdkmdJamZEcEzSHp2uEwcJqn56SwC4ydW1KbLWmPgPRHoj9W"}
{"time":"2026-06-11T22:01:40.097653+08:00","level":"INFO","service":"pos-api","caller":"app/pos/api/internal/logic/stake/stake_logic.go:178","msg":"HandleMarketBuyTx: inserted 1 records for txId=3Nb3exDF4QhmJpxAtxSFgCkG8qL9q1FWjMqHQwNZzdkmdJamZEcEzSHp2uEwcJqn56SwC4ydW1KbLWmPgPRHoj9W"}
{"time":"2026-06-11T22:01:40.098595+08:00","level":"INFO","service":"pos-api","caller":"app/pos/api/internal/task/kafka.go:93","msg":"KafkaConsumerTask: 收到已扫描交易 service=pos subService=market buy token txID=2qwawR11SR7iEaWY7RtnENbjzQGpFSB584J2hP8cb6J7AocsVzJNfXCVgL78ErEU1vFZkGaSUNTKPwVuKuGHsos8"}
{"time":"2026-06-11T22:01:40.09861+08:00","level":"INFO","service":"pos-api","caller":"app/pos/api/internal/logic/stake/stake_logic.go:144","msg":"HandleMarketBuyTx: txId=2qwawR11SR7iEaWY7RtnENbjzQGpFSB584J2hP8cb6J7AocsVzJNfXCVgL78ErEU1vFZkGaSUNTKPwVuKuGHsos8"}
{"time":"2026-06-11T22:01:40.099682+08:00","level":"INFO","service":"pos-api","caller":"app/pos/api/internal/logic/stake/stake_logic.go:178","msg":"HandleMarketBuyTx: inserted 1 records for txId=2qwawR11SR7iEaWY7RtnENbjzQGpFSB584J2hP8cb6J7AocsVzJNfXCVgL78ErEU1vFZkGaSUNTKPwVuKuGHsos8"}
{"time":"2026-06-11T22:01:40.100419+08:00","level":"INFO","service":"pos-api","caller":"app/pos/api/internal/task/kafka.go:93","msg":"KafkaConsumerTask: 收到已扫描交易 service=pos subService=market buy token txID=4hGRHq45wsprXefvwDsHVa2jyJYSEo1NQKeHG8q4yfpXA6cbVNJKPMkwhMb1XFRhY4bf21EmkM9B3UruJLV6dsi9"}
{"time":"2026-06-11T22:01:40.100435+08:00","level":"INFO","service":"pos-api","caller":"app/pos/api/internal/logic/stake/stake_logic.go:144","msg":"HandleMarketBuyTx: txId=4hGRHq45wsprXefvwDsHVa2jyJYSEo1NQKeHG8q4yfpXA6cbVNJKPMkwhMb1XFRhY4bf21EmkM9B3UruJLV6dsi9"}
{"time":"2026-06-11T22:01:40.101091+08:00","level":"INFO","service":"pos-api","caller":"app/pos/api/internal/logic/stake/stake_logic.go:178","msg":"HandleMarketBuyTx: inserted 1 records for txId=4hGRHq45wsprXefvwDsHVa2jyJYSEo1NQKeHG8q4yfpXA6cbVNJKPMkwhMb1XFRhY4bf21EmkM9B3UruJLV6dsi9"}
{"time":"2026-06-11T22:01:40.101524+08:00","level":"INFO","service":"pos-api","caller":"app/pos/api/internal/task/kafka.go:93","msg":"KafkaConsumerTask: 收到已扫描交易 service=pos subService=market buy token txID=5Krj58SgANYVzzKTJF44uupRPJF3yhEXrBJGZidiuD4vBvVgRYrE1Dv4anQvN7QxGVMC1V2u2yEjZTvwAvorZCJR"}
{"time":"2026-06-11T22:01:40.101542+08:00","level":"INFO","service":"pos-api","caller":"app/pos/api/internal/logic/stake/stake_logic.go:144","msg":"HandleMarketBuyTx: txId=5Krj58SgANYVzzKTJF44uupRPJF3yhEXrBJGZidiuD4vBvVgRYrE1Dv4anQvN7QxGVMC1V2u2yEjZTvwAvorZCJR"}
{"time":"2026-06-11T22:01:40.102151+08:00","level":"INFO","service":"pos-api","caller":"app/pos/api/internal/logic/stake/stake_logic.go:178","msg":"HandleMarketBuyTx: inserted 1 records for txId=5Krj58SgANYVzzKTJF44uupRPJF3yhEXrBJGZidiuD4vBvVgRYrE1Dv4anQvN7QxGVMC1V2u2yEjZTvwAvorZCJR"}
{"time":"2026-06-11T22:01:40.10257+08:00","level":"INFO","service":"pos-api","caller":"app/pos/api/internal/task/kafka.go:93","msg":"KafkaConsumerTask: 收到已扫描交易 service=pos subService=market buy token txID=nwuWK9twiTjbMre3rnopf31EcXzQSDsWnTwNfWsA5iPveL8fnZNpResbmi1uvUPCj1xTcyrzuTssuT1Gzm4hJJL"}
{"time":"2026-06-11T22:01:40.102582+08:00","level":"INFO","service":"pos-api","caller":"app/pos/api/internal/logic/stake/stake_logic.go:144","msg":"HandleMarketBuyTx: txId=nwuWK9twiTjbMre3rnopf31EcXzQSDsWnTwNfWsA5iPveL8fnZNpResbmi1uvUPCj1xTcyrzuTssuT1Gzm4hJJL"}
{"time":"2026-06-11T22:01:40.103176+08:00","level":"INFO","service":"pos-api","caller":"app/pos/api/internal/logic/stake/stake_logic.go:178","msg":"HandleMarketBuyTx: inserted 1 records for txId=nwuWK9twiTjbMre3rnopf31EcXzQSDsWnTwNfWsA5iPveL8fnZNpResbmi1uvUPCj1xTcyrzuTssuT1Gzm4hJJL"}
{"time":"2026-06-11T22:01:40.103552+08:00","level":"INFO","service":"pos-api","caller":"app/pos/api/internal/task/kafka.go:93","msg":"KafkaConsumerTask: 收到已扫描交易 service=pos subService=market buy token txID=5EEACTDPLjMxUQ8WdVHiXGh5yBjjKz94U4RUZu5zVkAkdp61mPHVYuurqjsKWdSBDtxSFbEqkU6xQm4V4JgpQsQd"}
{"time":"2026-06-11T22:01:40.103566+08:00","level":"INFO","service":"pos-api","caller":"app/pos/api/internal/logic/stake/stake_logic.go:144","msg":"HandleMarketBuyTx: txId=5EEACTDPLjMxUQ8WdVHiXGh5yBjjKz94U4RUZu5zVkAkdp61mPHVYuurqjsKWdSBDtxSFbEqkU6xQm4V4JgpQsQd"}
{"time":"2026-06-11T22:01:40.104408+08:00","level":"INFO","service":"pos-api","caller":"app/pos/api/internal/logic/stake/stake_logic.go:178","msg":"HandleMarketBuyTx: inserted 1 records for txId=5EEACTDPLjMxUQ8WdVHiXGh5yBjjKz94U4RUZu5zVkAkdp61mPHVYuurqjsKWdSBDtxSFbEqkU6xQm4V4JgpQsQd"}
{"time":"2026-06-11T22:01:40.105304+08:00","level":"INFO","service":"pos-api","caller":"app/pos/api/internal/task/kafka.go:93","msg":"KafkaConsumerTask: 收到已扫描交易 service=pos subService=market buy token txID=2pqjQen4dsvPVSPffvKBT97Aanbg7P4uSGT4DvSgkGTBNCGuqTYpH9h9DHD7kf7ySsmp219Pq7PLPesdbuHDBRV3"}
{"time":"2026-06-11T22:01:40.105322+08:00","level":"INFO","service":"pos-api","caller":"app/pos/api/internal/logic/stake/stake_logic.go:144","msg":"HandleMarketBuyTx: txId=2pqjQen4dsvPVSPffvKBT97Aanbg7P4uSGT4DvSgkGTBNCGuqTYpH9h9DHD7kf7ySsmp219Pq7PLPesdbuHDBRV3"}
{"time":"2026-06-11T22:01:40.106091+08:00","level":"INFO","service":"pos-api","caller":"app/pos/api/internal/logic/stake/stake_logic.go:178","msg":"HandleMarketBuyTx: inserted 1 records for txId=2pqjQen4dsvPVSPffvKBT97Aanbg7P4uSGT4DvSgkGTBNCGuqTYpH9h9DHD7kf7ySsmp219Pq7PLPesdbuHDBRV3"}
{"time":"2026-06-11T22:01:40.106641+08:00","level":"INFO","service":"pos-api","caller":"app/pos/api/internal/task/kafka.go:93","msg":"KafkaConsumerTask: 收到已扫描交易 service=pos subService=market buy token txID=4nArjd28suDd76zPhmWb1HskXfh53kn97NLLqX8i4moXdxM19HgFb2byFjfUTqpkQoUpHsDBuSwSxdMBbhBiH3VW"}
{"time":"2026-06-11T22:01:40.106656+08:00","level":"INFO","service":"pos-api","caller":"app/pos/api/internal/logic/stake/stake_logic.go:144","msg":"HandleMarketBuyTx: txId=4nArjd28suDd76zPhmWb1HskXfh53kn97NLLqX8i4moXdxM19HgFb2byFjfUTqpkQoUpHsDBuSwSxdMBbhBiH3VW"}
{"time":"2026-06-11T22:01:40.107632+08:00","level":"INFO","service":"pos-api","caller":"app/pos/api/internal/logic/stake/stake_logic.go:178","msg":"HandleMarketBuyTx: inserted 1 records for txId=4nArjd28suDd76zPhmWb1HskXfh53kn97NLLqX8i4moXdxM19HgFb2byFjfUTqpkQoUpHsDBuSwSxdMBbhBiH3VW"}
{"time":"2026-06-11T22:01:40.108279+08:00","level":"INFO","service":"pos-api","caller":"app/pos/api/internal/task/kafka.go:93","msg":"KafkaConsumerTask: 收到已扫描交易 service=pos subService=market buy token txID=3UoooAGFsTEMrpfXCZepoCppWkB6xyzYy71m1eJGmp4XxwJAkbjP79qgNiE8Ub87LJw2P5YFgnFRbhP9KSgDbYuz"}
{"time":"2026-06-11T22:01:40.108296+08:00","level":"INFO","service":"pos-api","caller":"app/pos/api/internal/logic/stake/stake_logic.go:144","msg":"HandleMarketBuyTx: txId=3UoooAGFsTEMrpfXCZepoCppWkB6xyzYy71m1eJGmp4XxwJAkbjP79qgNiE8Ub87LJw2P5YFgnFRbhP9KSgDbYuz"}
{"time":"2026-06-11T22:01:40.109028+08:00","level":"INFO","service":"pos-api","caller":"app/pos/api/internal/logic/stake/stake_logic.go:178","msg":"HandleMarketBuyTx: inserted 1 records for txId=3UoooAGFsTEMrpfXCZepoCppWkB6xyzYy71m1eJGmp4XxwJAkbjP79qgNiE8Ub87LJw2P5YFgnFRbhP9KSgDbYuz"}
{"time":"2026-06-11T22:01:40.109656+08:00","level":"INFO","service":"pos-api","caller":"app/pos/api/internal/task/kafka.go:93","msg":"KafkaConsumerTask: 收到已扫描交易 service=pos subService=market buy token txID=4ATeoNmmeEfgBALFJeqheuuP3WM2CnBbEqCsQPQwyunqoFW9cbf3je7aW8y27iEct91nBr9LJJT1S6TJxGe6iUmn"}
{"time":"2026-06-11T22:01:40.109668+08:00","level":"INFO","service":"pos-api","caller":"app/pos/api/internal/logic/stake/stake_logic.go:144","msg":"HandleMarketBuyTx: txId=4ATeoNmmeEfgBALFJeqheuuP3WM2CnBbEqCsQPQwyunqoFW9cbf3je7aW8y27iEct91nBr9LJJT1S6TJxGe6iUmn"}
{"time":"2026-06-11T22:01:40.110475+08:00","level":"INFO","service":"pos-api","caller":"app/pos/api/internal/logic/stake/stake_logic.go:178","msg":"HandleMarketBuyTx: inserted 1 records for txId=4ATeoNmmeEfgBALFJeqheuuP3WM2CnBbEqCsQPQwyunqoFW9cbf3je7aW8y27iEct91nBr9LJJT1S6TJxGe6iUmn"}
{"time":"2026-06-11T22:01:40.111534+08:00","level":"INFO","service":"pos-api","caller":"app/pos/api/internal/task/kafka.go:93","msg":"KafkaConsumerTask: 收到已扫描交易 service=pos subService=market buy token txID=7yi6NyFRwYWnr9dau3dnmPD5Hjz4UGaQHBPkPWoqZWzCCBBc9LCnGnPirJUHBPLVTUdH3MUDPdyhu17RwXoShQm"}
{"time":"2026-06-11T22:01:40.111555+08:00","level":"INFO","service":"pos-api","caller":"app/pos/api/internal/logic/stake/stake_logic.go:144","msg":"HandleMarketBuyTx: txId=7yi6NyFRwYWnr9dau3dnmPD5Hjz4UGaQHBPkPWoqZWzCCBBc9LCnGnPirJUHBPLVTUdH3MUDPdyhu17RwXoShQm"}
{"time":"2026-06-11T22:01:40.112459+08:00","level":"INFO","service":"pos-api","caller":"app/pos/api/internal/logic/stake/stake_logic.go:178","msg":"HandleMarketBuyTx: inserted 1 records for txId=7yi6NyFRwYWnr9dau3dnmPD5Hjz4UGaQHBPkPWoqZWzCCBBc9LCnGnPirJUHBPLVTUdH3MUDPdyhu17RwXoShQm"}
{"time":"2026-06-11T22:01:40.113231+08:00","level":"INFO","service":"pos-api","caller":"app/pos/api/internal/task/kafka.go:93","msg":"KafkaConsumerTask: 收到已扫描交易 service=pos subService=market buy token txID=4f259Kn5w5HAwyg61kRa83iRjytMYDbjNzc7v6gJFKnX8HtwkVC3dgBeLtBAc63xu4jd4PgzzRhT2RCB4Nvtcq4E"}
{"time":"2026-06-11T22:01:40.113257+08:00","level":"INFO","service":"pos-api","caller":"app/pos/api/internal/logic/stake/stake_logic.go:144","msg":"HandleMarketBuyTx: txId=4f259Kn5w5HAwyg61kRa83iRjytMYDbjNzc7v6gJFKnX8HtwkVC3dgBeLtBAc63xu4jd4PgzzRhT2RCB4Nvtcq4E"}
{"time":"2026-06-11T22:01:40.113949+08:00","level":"INFO","service":"pos-api","caller":"app/pos/api/internal/logic/stake/stake_logic.go:178","msg":"HandleMarketBuyTx: inserted 1 records for txId=4f259Kn5w5HAwyg61kRa83iRjytMYDbjNzc7v6gJFKnX8HtwkVC3dgBeLtBAc63xu4jd4PgzzRhT2RCB4Nvtcq4E"}
{"time":"2026-06-11T22:01:40.114406+08:00","level":"INFO","service":"pos-api","caller":"app/pos/api/internal/task/kafka.go:93","msg":"KafkaConsumerTask: 收到已扫描交易 service=pos subService=market buy token txID=31DgipZcahFPoptwuPsEqPfFpG8dei55RzhZ6sCxSFUNbMYjWb5ZNrJ32h8Y1LFozaLjEMRcbxXQRVYne13BQeDe"}
{"time":"2026-06-11T22:01:40.11442+08:00","level":"INFO","service":"pos-api","caller":"app/pos/api/internal/logic/stake/stake_logic.go:144","msg":"HandleMarketBuyTx: txId=31DgipZcahFPoptwuPsEqPfFpG8dei55RzhZ6sCxSFUNbMYjWb5ZNrJ32h8Y1LFozaLjEMRcbxXQRVYne13BQeDe"}
{"time":"2026-06-11T22:01:40.115092+08:00","level":"INFO","service":"pos-api","caller":"app/pos/api/internal/logic/stake/stake_logic.go:178","msg":"HandleMarketBuyTx: inserted 1 records for txId=31DgipZcahFPoptwuPsEqPfFpG8dei55RzhZ6sCxSFUNbMYjWb5ZNrJ32h8Y1LFozaLjEMRcbxXQRVYne13BQeDe"}
{"time":"2026-06-11T22:01:40.115543+08:00","level":"INFO","service":"pos-api","caller":"app/pos/api/internal/task/kafka.go:93","msg":"KafkaConsumerTask: 收到已扫描交易 service=pos subService=market buy token txID=3bUzYmukRw5u74SeVNygY4C3ymc1aVRNXJCNq9zec7NS7bozsr4EMnB1QfrtipD1ZRJAXveP9v9Ao4RYsAUens3S"}
{"time":"2026-06-11T22:01:40.11556+08:00","level":"INFO","service":"pos-api","caller":"app/pos/api/internal/logic/stake/stake_logic.go:144","msg":"HandleMarketBuyTx: txId=3bUzYmukRw5u74SeVNygY4C3ymc1aVRNXJCNq9zec7NS7bozsr4EMnB1QfrtipD1ZRJAXveP9v9Ao4RYsAUens3S"}
{"time":"2026-06-11T22:01:40.1162+08:00","level":"INFO","service":"pos-api","caller":"app/pos/api/internal/logic/stake/stake_logic.go:178","msg":"HandleMarketBuyTx: inserted 1 records for txId=3bUzYmukRw5u74SeVNygY4C3ymc1aVRNXJCNq9zec7NS7bozsr4EMnB1QfrtipD1ZRJAXveP9v9Ao4RYsAUens3S"}
{"time":"2026-06-11T22:01:40.116632+08:00","level":"INFO","service":"pos-api","caller":"app/pos/api/internal/task/kafka.go:93","msg":"KafkaConsumerTask: 收到已扫描交易 service=pos subService=market buy token txID=3KMqXNJQGXHX8dVGcM2PszKUUbbLC4Wixw3dJb3W4FeacrfjCP27q7kbTjiDazh9Bqw784P4LtwBH44TFp1USniE"}
{"time":"2026-06-11T22:01:40.116649+08:00","level":"INFO","service":"pos-api","caller":"app/pos/api/internal/logic/stake/stake_logic.go:144","msg":"HandleMarketBuyTx: txId=3KMqXNJQGXHX8dVGcM2PszKUUbbLC4Wixw3dJb3W4FeacrfjCP27q7kbTjiDazh9Bqw784P4LtwBH44TFp1USniE"}
{"time":"2026-06-11T22:01:40.117676+08:00","level":"INFO","service":"pos-api","caller":"app/pos/api/internal/logic/stake/stake_logic.go:178","msg":"HandleMarketBuyTx: inserted 1 records for txId=3KMqXNJQGXHX8dVGcM2PszKUUbbLC4Wixw3dJb3W4FeacrfjCP27q7kbTjiDazh9Bqw784P4LtwBH44TFp1USniE"}
{"time":"2026-06-11T22:01:40.118667+08:00","level":"INFO","service":"pos-api","caller":"app/pos/api/internal/task/kafka.go:93","msg":"KafkaConsumerTask: 收到已扫描交易 service=pos subService=market buy token txID=5ty8PU5f2nNqW69XdjLw8cBUcT3vVcfK3kw3q7xNxox1y2fkqoqjJckLptkgdYzsAtNKPf6jigGrTCXuAmxWoGgz"}
{"time":"2026-06-11T22:01:40.118699+08:00","level":"INFO","service":"pos-api","caller":"app/pos/api/internal/logic/stake/stake_logic.go:144","msg":"HandleMarketBuyTx: txId=5ty8PU5f2nNqW69XdjLw8cBUcT3vVcfK3kw3q7xNxox1y2fkqoqjJckLptkgdYzsAtNKPf6jigGrTCXuAmxWoGgz"}
{"time":"2026-06-11T22:01:40.119454+08:00","level":"INFO","service":"pos-api","caller":"app/pos/api/internal/logic/stake/stake_logic.go:178","msg":"HandleMarketBuyTx: inserted 1 records for txId=5ty8PU5f2nNqW69XdjLw8cBUcT3vVcfK3kw3q7xNxox1y2fkqoqjJckLptkgdYzsAtNKPf6jigGrTCXuAmxWoGgz"}
{"time":"2026-06-11T22:01:40.119915+08:00","level":"INFO","service":"pos-api","caller":"app/pos/api/internal/task/kafka.go:93","msg":"KafkaConsumerTask: 收到已扫描交易 service=pos subService=market buy token txID=d6o362aAuueprWD4RQkmW9aayd9htuFxhTcb4JYgMYsFxZEnRRsh7GBhTbfjNkB1K4M9CjLFvmGBeXAmGBNyM68"}
{"time":"2026-06-11T22:01:40.119933+08:00","level":"INFO","service":"pos-api","caller":"app/pos/api/internal/logic/stake/stake_logic.go:144","msg":"HandleMarketBuyTx: txId=d6o362aAuueprWD4RQkmW9aayd9htuFxhTcb4JYgMYsFxZEnRRsh7GBhTbfjNkB1K4M9CjLFvmGBeXAmGBNyM68"}
{"time":"2026-06-11T22:01:40.120791+08:00","level":"INFO","service":"pos-api","caller":"app/pos/api/internal/logic/stake/stake_logic.go:178","msg":"HandleMarketBuyTx: inserted 1 records for txId=d6o362aAuueprWD4RQkmW9aayd9htuFxhTcb4JYgMYsFxZEnRRsh7GBhTbfjNkB1K4M9CjLFvmGBeXAmGBNyM68"}
{"time":"2026-06-11T22:01:40.121209+08:00","level":"INFO","service":"pos-api","caller":"app/pos/api/internal/task/kafka.go:93","msg":"KafkaConsumerTask: 收到已扫描交易 service=pos subService=market buy token txID=4C8TMKJK5wNvMFdDwXfyBBoTQLvDysscSAjyD4T6qKJge2hkqpLLMmZckQDVA3dFVBwiJhrmvkJZJLr2mVCLh9t3"}
{"time":"2026-06-11T22:01:40.121222+08:00","level":"INFO","service":"pos-api","caller":"app/pos/api/internal/logic/stake/stake_logic.go:144","msg":"HandleMarketBuyTx: txId=4C8TMKJK5wNvMFdDwXfyBBoTQLvDysscSAjyD4T6qKJge2hkqpLLMmZckQDVA3dFVBwiJhrmvkJZJLr2mVCLh9t3"}
{"time":"2026-06-11T22:01:40.121899+08:00","level":"INFO","service":"pos-api","caller":"app/pos/api/internal/logic/stake/stake_logic.go:178","msg":"HandleMarketBuyTx: inserted 1 records for txId=4C8TMKJK5wNvMFdDwXfyBBoTQLvDysscSAjyD4T6qKJge2hkqpLLMmZckQDVA3dFVBwiJhrmvkJZJLr2mVCLh9t3"}
{"time":"2026-06-11T22:01:40.12235+08:00","level":"INFO","service":"pos-api","caller":"app/pos/api/internal/task/kafka.go:93","msg":"KafkaConsumerTask: 收到已扫描交易 service=pos subService=market buy token txID=cjdDVrQnKUSS2w7oKq3p3Cd5giHkBu7krtbdcoNv36WLoBbdyH9y7bQvRMtuPneaNaBS8yD7vY7kbiBuKmvqJba"}
{"time":"2026-06-11T22:01:40.122363+08:00","level":"INFO","service":"pos-api","caller":"app/pos/api/internal/logic/stake/stake_logic.go:144","msg":"HandleMarketBuyTx: txId=cjdDVrQnKUSS2w7oKq3p3Cd5giHkBu7krtbdcoNv36WLoBbdyH9y7bQvRMtuPneaNaBS8yD7vY7kbiBuKmvqJba"}
{"time":"2026-06-11T22:01:40.123027+08:00","level":"INFO","service":"pos-api","caller":"app/pos/api/internal/logic/stake/stake_logic.go:178","msg":"HandleMarketBuyTx: inserted 1 records for txId=cjdDVrQnKUSS2w7oKq3p3Cd5giHkBu7krtbdcoNv36WLoBbdyH9y7bQvRMtuPneaNaBS8yD7vY7kbiBuKmvqJba"}
{"time":"2026-06-11T22:01:40.123432+08:00","level":"INFO","service":"pos-api","caller":"app/pos/api/internal/task/kafka.go:93","msg":"KafkaConsumerTask: 收到已扫描交易 service=pos subService=market buy token txID=443kCnKhUEctb4Ck8FpzAemYJ7s7LUNHaoAsa4KQXstqcq2vaLVdg5ph1Qi2bar2yGUQajmTsETq7NzjhPtdMAqa"}
{"time":"2026-06-11T22:01:40.123463+08:00","level":"INFO","service":"pos-api","caller":"app/pos/api/internal/logic/stake/stake_logic.go:144","msg":"HandleMarketBuyTx: txId=443kCnKhUEctb4Ck8FpzAemYJ7s7LUNHaoAsa4KQXstqcq2vaLVdg5ph1Qi2bar2yGUQajmTsETq7NzjhPtdMAqa"}
{"time":"2026-06-11T22:01:40.125177+08:00","level":"INFO","service":"pos-api","caller":"app/pos/api/internal/logic/stake/stake_logic.go:178","msg":"HandleMarketBuyTx: inserted 1 records for txId=443kCnKhUEctb4Ck8FpzAemYJ7s7LUNHaoAsa4KQXstqcq2vaLVdg5ph1Qi2bar2yGUQajmTsETq7NzjhPtdMAqa"}
{"time":"2026-06-11T22:01:40.125771+08:00","level":"INFO","service":"pos-api","caller":"app/pos/api/internal/task/kafka.go:93","msg":"KafkaConsumerTask: 收到已扫描交易 service=pos subService=market buy token txID=33NXX5hMAiwo9F3h5Cb1ukq2Z7PPYKZri8mdq4mF1A1LVeepFeEZkJ5nPUBy2aXFZgdCuBkJ6EqnFowADULWnGG8"}
{"time":"2026-06-11T22:01:40.125789+08:00","level":"INFO","service":"pos-api","caller":"app/pos/api/internal/logic/stake/stake_logic.go:144","msg":"HandleMarketBuyTx: txId=33NXX5hMAiwo9F3h5Cb1ukq2Z7PPYKZri8mdq4mF1A1LVeepFeEZkJ5nPUBy2aXFZgdCuBkJ6EqnFowADULWnGG8"}
{"time":"2026-06-11T22:01:40.12661+08:00","level":"INFO","service":"pos-api","caller":"app/pos/api/internal/logic/stake/stake_logic.go:178","msg":"HandleMarketBuyTx: inserted 1 records for txId=33NXX5hMAiwo9F3h5Cb1ukq2Z7PPYKZri8mdq4mF1A1LVeepFeEZkJ5nPUBy2aXFZgdCuBkJ6EqnFowADULWnGG8"}
{"time":"2026-06-11T22:01:40.127105+08:00","level":"INFO","service":"pos-api","caller":"app/pos/api/internal/task/kafka.go:93","msg":"KafkaConsumerTask: 收到已扫描交易 service=pos subService=market buy token txID=4ze7ZR7gAJ4GJGh854jDvs1rHrau9FM2rdgZPpf7woqE6npuruPVgVUk3GKYVsCBRbGqvXrjSNXpYW9qVRdVCbdT"}
{"time":"2026-06-11T22:01:40.127117+08:00","level":"INFO","service":"pos-api","caller":"app/pos/api/internal/logic/stake/stake_logic.go:144","msg":"HandleMarketBuyTx: txId=4ze7ZR7gAJ4GJGh854jDvs1rHrau9FM2rdgZPpf7woqE6npuruPVgVUk3GKYVsCBRbGqvXrjSNXpYW9qVRdVCbdT"}
{"time":"2026-06-11T22:01:40.127816+08:00","level":"INFO","service":"pos-api","caller":"app/pos/api/internal/logic/stake/stake_logic.go:178","msg":"HandleMarketBuyTx: inserted 1 records for txId=4ze7ZR7gAJ4GJGh854jDvs1rHrau9FM2rdgZPpf7woqE6npuruPVgVUk3GKYVsCBRbGqvXrjSNXpYW9qVRdVCbdT"}
{"time":"2026-06-11T22:01:40.128225+08:00","level":"INFO","service":"pos-api","caller":"app/pos/api/internal/task/kafka.go:93","msg":"KafkaConsumerTask: 收到已扫描交易 service=pos subService=market buy token txID=2W9LeQEGS5hmKwLMnPHHJtSKEcqd4EwQtQRnNAfDSeW8nLVkaRBsGfgfL9USYmj52jnARR2XHuJFc7hVxy3HSoJF"}
{"time":"2026-06-11T22:01:40.128236+08:00","level":"INFO","service":"pos-api","caller":"app/pos/api/internal/logic/stake/stake_logic.go:144","msg":"HandleMarketBuyTx: txId=2W9LeQEGS5hmKwLMnPHHJtSKEcqd4EwQtQRnNAfDSeW8nLVkaRBsGfgfL9USYmj52jnARR2XHuJFc7hVxy3HSoJF"}
{"time":"2026-06-11T22:01:40.128912+08:00","level":"INFO","service":"pos-api","caller":"app/pos/api/internal/logic/stake/stake_logic.go:178","msg":"HandleMarketBuyTx: inserted 1 records for txId=2W9LeQEGS5hmKwLMnPHHJtSKEcqd4EwQtQRnNAfDSeW8nLVkaRBsGfgfL9USYmj52jnARR2XHuJFc7hVxy3HSoJF"}
{"time":"2026-06-11T22:01:40.129371+08:00","level":"INFO","service":"pos-api","caller":"app/pos/api/internal/task/kafka.go:93","msg":"KafkaConsumerTask: 收到已扫描交易 service=pos subService=market buy token txID=5rNgzCXsJfWJGHw8GxbYwkFbMvc48uBYbfP6jye9LTN2aaeCrwMWxReH9pP1ASjtCVx1W4o4eyN3fr3arovsiWUj"}
{"time":"2026-06-11T22:01:40.129384+08:00","level":"INFO","service":"pos-api","caller":"app/pos/api/internal/logic/stake/stake_logic.go:144","msg":"HandleMarketBuyTx: txId=5rNgzCXsJfWJGHw8GxbYwkFbMvc48uBYbfP6jye9LTN2aaeCrwMWxReH9pP1ASjtCVx1W4o4eyN3fr3arovsiWUj"}
{"time":"2026-06-11T22:01:40.13013+08:00","level":"INFO","service":"pos-api","caller":"app/pos/api/internal/logic/stake/stake_logic.go:178","msg":"HandleMarketBuyTx: inserted 1 records for txId=5rNgzCXsJfWJGHw8GxbYwkFbMvc48uBYbfP6jye9LTN2aaeCrwMWxReH9pP1ASjtCVx1W4o4eyN3fr3arovsiWUj"}
{"time":"2026-06-11T22:01:40.130802+08:00","level":"INFO","service":"pos-api","caller":"app/pos/api/internal/task/kafka.go:93","msg":"KafkaConsumerTask: 收到已扫描交易 service=pos subService=market buy token txID=33Fgww6AdJnMCXSXGre2rafEcH81STLRy7MGNdYGGG1jDPZsfVcxLpidbTRJZnTiYpczmFykecgdPaNPz93PzB3W"}
{"time":"2026-06-11T22:01:40.130816+08:00","level":"INFO","service":"pos-api","caller":"app/pos/api/internal/logic/stake/stake_logic.go:144","msg":"HandleMarketBuyTx: txId=33Fgww6AdJnMCXSXGre2rafEcH81STLRy7MGNdYGGG1jDPZsfVcxLpidbTRJZnTiYpczmFykecgdPaNPz93PzB3W"}
{"time":"2026-06-11T22:01:40.1318+08:00","level":"INFO","service":"pos-api","caller":"app/pos/api/internal/logic/stake/stake_logic.go:178","msg":"HandleMarketBuyTx: inserted 1 records for txId=33Fgww6AdJnMCXSXGre2rafEcH81STLRy7MGNdYGGG1jDPZsfVcxLpidbTRJZnTiYpczmFykecgdPaNPz93PzB3W"}
{"time":"2026-06-11T22:01:40.13241+08:00","level":"INFO","service":"pos-api","caller":"app/pos/api/internal/task/kafka.go:93","msg":"KafkaConsumerTask: 收到已扫描交易 service=pos subService=market buy token txID=31ogtiFq4aoEe8hKmKhrSxKDvJmjf4wL6Y3wVuTUJQz29xSpJJhpsC682MRhphUcWq1ngVNjftkJb5qGj7K79P3X"}
{"time":"2026-06-11T22:01:40.132422+08:00","level":"INFO","service":"pos-api","caller":"app/pos/api/internal/logic/stake/stake_logic.go:144","msg":"HandleMarketBuyTx: txId=31ogtiFq4aoEe8hKmKhrSxKDvJmjf4wL6Y3wVuTUJQz29xSpJJhpsC682MRhphUcWq1ngVNjftkJb5qGj7K79P3X"}
{"time":"2026-06-11T22:01:40.133135+08:00","level":"INFO","service":"pos-api","caller":"app/pos/api/internal/logic/stake/stake_logic.go:178","msg":"HandleMarketBuyTx: inserted 1 records for txId=31ogtiFq4aoEe8hKmKhrSxKDvJmjf4wL6Y3wVuTUJQz29xSpJJhpsC682MRhphUcWq1ngVNjftkJb5qGj7K79P3X"}
{"time":"2026-06-11T22:01:40.133662+08:00","level":"INFO","service":"pos-api","caller":"app/pos/api/internal/task/kafka.go:93","msg":"KafkaConsumerTask: 收到已扫描交易 service=pos subService=market buy token txID=5Ducvx9t5B49tzd9WYoN3VpjUiJZypYqVByLQA2uDSs64FpzNVhaXRjrQAgV7iy2KJm3u6LnfWndLfMhYa2PrHdr"}
{"time":"2026-06-11T22:01:40.13368+08:00","level":"INFO","service":"pos-api","caller":"app/pos/api/internal/logic/stake/stake_logic.go:144","msg":"HandleMarketBuyTx: txId=5Ducvx9t5B49tzd9WYoN3VpjUiJZypYqVByLQA2uDSs64FpzNVhaXRjrQAgV7iy2KJm3u6LnfWndLfMhYa2PrHdr"}
{"time":"2026-06-11T22:01:40.134435+08:00","level":"INFO","service":"pos-api","caller":"app/pos/api/internal/logic/stake/stake_logic.go:178","msg":"HandleMarketBuyTx: inserted 1 records for txId=5Ducvx9t5B49tzd9WYoN3VpjUiJZypYqVByLQA2uDSs64FpzNVhaXRjrQAgV7iy2KJm3u6LnfWndLfMhYa2PrHdr"}
{"time":"2026-06-11T22:01:40.134879+08:00","level":"INFO","service":"pos-api","caller":"app/pos/api/internal/task/kafka.go:93","msg":"KafkaConsumerTask: 收到已扫描交易 service=pos subService=market buy token txID=4KTHUGugWf3Rn4ouR526vBx97ZyVVrmNPf7yPz9KY2GUznqf2kRz34QAukF1VLnapBiizke8PLmTNzcSkxjtyQnm"}
{"time":"2026-06-11T22:01:40.134892+08:00","level":"INFO","service":"pos-api","caller":"app/pos/api/internal/logic/stake/stake_logic.go:144","msg":"HandleMarketBuyTx: txId=4KTHUGugWf3Rn4ouR526vBx97ZyVVrmNPf7yPz9KY2GUznqf2kRz34QAukF1VLnapBiizke8PLmTNzcSkxjtyQnm"}
{"time":"2026-06-11T22:01:40.135749+08:00","level":"INFO","service":"pos-api","caller":"app/pos/api/internal/logic/stake/stake_logic.go:178","msg":"HandleMarketBuyTx: inserted 1 records for txId=4KTHUGugWf3Rn4ouR526vBx97ZyVVrmNPf7yPz9KY2GUznqf2kRz34QAukF1VLnapBiizke8PLmTNzcSkxjtyQnm"}
{"time":"2026-06-11T22:01:40.136241+08:00","level":"INFO","service":"pos-api","caller":"app/pos/api/internal/task/kafka.go:93","msg":"KafkaConsumerTask: 收到已扫描交易 service=pos subService=market buy token txID=2X1n7Zsa64v6VGhpLLxoKr7gpfKS8auMVLAcwPrHBkBBGXQrgASKiTpXvMgX4zHKESx115bndsqWohdjt2kixA5U"}
{"time":"2026-06-11T22:01:40.136252+08:00","level":"INFO","service":"pos-api","caller":"app/pos/api/internal/logic/stake/stake_logic.go:144","msg":"HandleMarketBuyTx: txId=2X1n7Zsa64v6VGhpLLxoKr7gpfKS8auMVLAcwPrHBkBBGXQrgASKiTpXvMgX4zHKESx115bndsqWohdjt2kixA5U"}
{"time":"2026-06-11T22:01:40.137223+08:00","level":"INFO","service":"pos-api","caller":"app/pos/api/internal/logic/stake/stake_logic.go:178","msg":"HandleMarketBuyTx: inserted 1 records for txId=2X1n7Zsa64v6VGhpLLxoKr7gpfKS8auMVLAcwPrHBkBBGXQrgASKiTpXvMgX4zHKESx115bndsqWohdjt2kixA5U"}
{"time":"2026-06-11T22:01:40.138244+08:00","level":"INFO","service":"pos-api","caller":"app/pos/api/internal/task/kafka.go:93","msg":"KafkaConsumerTask: 收到已扫描交易 service=pos subService=market buy token txID=5Lbz6sax3gA5dFRXpmgKk8gzuTurNeRZPAWNkuZUjFVnrkKRjihcunV3j8h1MBywKAdEx8fCvxDEMoEBDusQkBYt"}
{"time":"2026-06-11T22:01:40.138261+08:00","level":"INFO","service":"pos-api","caller":"app/pos/api/internal/logic/stake/stake_logic.go:144","msg":"HandleMarketBuyTx: txId=5Lbz6sax3gA5dFRXpmgKk8gzuTurNeRZPAWNkuZUjFVnrkKRjihcunV3j8h1MBywKAdEx8fCvxDEMoEBDusQkBYt"}
{"time":"2026-06-11T22:01:40.138985+08:00","level":"INFO","service":"pos-api","caller":"app/pos/api/internal/logic/stake/stake_logic.go:178","msg":"HandleMarketBuyTx: inserted 1 records for txId=5Lbz6sax3gA5dFRXpmgKk8gzuTurNeRZPAWNkuZUjFVnrkKRjihcunV3j8h1MBywKAdEx8fCvxDEMoEBDusQkBYt"}
{"time":"2026-06-11T22:01:40.139496+08:00","level":"INFO","service":"pos-api","caller":"app/pos/api/internal/task/kafka.go:93","msg":"KafkaConsumerTask: 收到已扫描交易 service=pos subService=market buy token txID=5igdiHSBVEFJiALQvZ9SyrbqiDdYnUPHbHqJf91pyqqga56VxJe8svmf7Zz6SXc8bvydrhGH7CgvutiTVdZRRP8Y"}
{"time":"2026-06-11T22:01:40.139512+08:00","level":"INFO","service":"pos-api","caller":"app/pos/api/internal/logic/stake/stake_logic.go:144","msg":"HandleMarketBuyTx: txId=5igdiHSBVEFJiALQvZ9SyrbqiDdYnUPHbHqJf91pyqqga56VxJe8svmf7Zz6SXc8bvydrhGH7CgvutiTVdZRRP8Y"}
{"time":"2026-06-11T22:01:40.14033+08:00","level":"INFO","service":"pos-api","caller":"app/pos/api/internal/logic/stake/stake_logic.go:178","msg":"HandleMarketBuyTx: inserted 1 records for txId=5igdiHSBVEFJiALQvZ9SyrbqiDdYnUPHbHqJf91pyqqga56VxJe8svmf7Zz6SXc8bvydrhGH7CgvutiTVdZRRP8Y"}
{"time":"2026-06-11T22:01:40.140853+08:00","level":"INFO","service":"pos-api","caller":"app/pos/api/internal/task/kafka.go:93","msg":"KafkaConsumerTask: 收到已扫描交易 service=pos subService=market buy token txID=4rSTB685T2c8YUiWkRQpxp3z95ZCeJRMLWQA4k4ktMpYdU41kPtPFsQFRcUugPBHvT33LfKRjGsf15djonZqNb4G"}
{"time":"2026-06-11T22:01:40.140866+08:00","level":"INFO","service":"pos-api","caller":"app/pos/api/internal/logic/stake/stake_logic.go:144","msg":"HandleMarketBuyTx: txId=4rSTB685T2c8YUiWkRQpxp3z95ZCeJRMLWQA4k4ktMpYdU41kPtPFsQFRcUugPBHvT33LfKRjGsf15djonZqNb4G"}
{"time":"2026-06-11T22:01:40.141526+08:00","level":"INFO","service":"pos-api","caller":"app/pos/api/internal/logic/stake/stake_logic.go:178","msg":"HandleMarketBuyTx: inserted 1 records for txId=4rSTB685T2c8YUiWkRQpxp3z95ZCeJRMLWQA4k4ktMpYdU41kPtPFsQFRcUugPBHvT33LfKRjGsf15djonZqNb4G"}
{"time":"2026-06-11T22:01:40.14196+08:00","level":"INFO","service":"pos-api","caller":"app/pos/api/internal/task/kafka.go:93","msg":"KafkaConsumerTask: 收到已扫描交易 service=pos subService=market buy token txID=AQmBA56ioL1tDD2ScvZoXuD8EofnEaDCPoLmKKTD7D548psU9LM1tR279cqPrmNUoTvmBZrDdAhg2HnDWAh7Wjf"}
{"time":"2026-06-11T22:01:40.141972+08:00","level":"INFO","service":"pos-api","caller":"app/pos/api/internal/logic/stake/stake_logic.go:144","msg":"HandleMarketBuyTx: txId=AQmBA56ioL1tDD2ScvZoXuD8EofnEaDCPoLmKKTD7D548psU9LM1tR279cqPrmNUoTvmBZrDdAhg2HnDWAh7Wjf"}
{"time":"2026-06-11T22:01:40.142674+08:00","level":"INFO","service":"pos-api","caller":"app/pos/api/internal/logic/stake/stake_logic.go:178","msg":"HandleMarketBuyTx: inserted 1 records for txId=AQmBA56ioL1tDD2ScvZoXuD8EofnEaDCPoLmKKTD7D548psU9LM1tR279cqPrmNUoTvmBZrDdAhg2HnDWAh7Wjf"}
{"time":"2026-06-11T22:01:40.143126+08:00","level":"INFO","service":"pos-api","caller":"app/pos/api/internal/task/kafka.go:93","msg":"KafkaConsumerTask: 收到已扫描交易 service=pos subService=market buy token txID=26VMQhPE1aP7W2MCWUX7nBfcP5SB9LjUV52tLNF4NTto1AEQPFVGnd53se4MYKuLH6dqgcuBb6JP4r5jdku8tMCD"}
{"time":"2026-06-11T22:01:40.143137+08:00","level":"INFO","service":"pos-api","caller":"app/pos/api/internal/logic/stake/stake_logic.go:144","msg":"HandleMarketBuyTx: txId=26VMQhPE1aP7W2MCWUX7nBfcP5SB9LjUV52tLNF4NTto1AEQPFVGnd53se4MYKuLH6dqgcuBb6JP4r5jdku8tMCD"}
{"time":"2026-06-11T22:01:40.145396+08:00","level":"INFO","service":"pos-api","caller":"app/pos/api/internal/logic/stake/stake_logic.go:178","msg":"HandleMarketBuyTx: inserted 1 records for txId=26VMQhPE1aP7W2MCWUX7nBfcP5SB9LjUV52tLNF4NTto1AEQPFVGnd53se4MYKuLH6dqgcuBb6JP4r5jdku8tMCD"}
{"time":"2026-06-11T22:01:40.145922+08:00","level":"INFO","service":"pos-api","caller":"app/pos/api/internal/task/kafka.go:93","msg":"KafkaConsumerTask: 收到已扫描交易 service=pos subService=market buy token txID=2RC8cWXsSKQ71ZCbEzvR6e1BuMcsxH6iRdSJRXHcHPmmEPVzoK5jikh2WzrbjSJ7aVapwjqjwZjnCVLayJDie3xw"}
{"time":"2026-06-11T22:01:40.145936+08:00","level":"INFO","service":"pos-api","caller":"app/pos/api/internal/logic/stake/stake_logic.go:144","msg":"HandleMarketBuyTx: txId=2RC8cWXsSKQ71ZCbEzvR6e1BuMcsxH6iRdSJRXHcHPmmEPVzoK5jikh2WzrbjSJ7aVapwjqjwZjnCVLayJDie3xw"}
{"time":"2026-06-11T22:01:40.146613+08:00","level":"INFO","service":"pos-api","caller":"app/pos/api/internal/logic/stake/stake_logic.go:178","msg":"HandleMarketBuyTx: inserted 1 records for txId=2RC8cWXsSKQ71ZCbEzvR6e1BuMcsxH6iRdSJRXHcHPmmEPVzoK5jikh2WzrbjSJ7aVapwjqjwZjnCVLayJDie3xw"}
{"time":"2026-06-11T22:01:40.147096+08:00","level":"INFO","service":"pos-api","caller":"app/pos/api/internal/task/kafka.go:93","msg":"KafkaConsumerTask: 收到已扫描交易 service=pos subService=market buy token txID=4v2geB9yTKjuQJ2McXpA5JB3fWAitQo9dzgLYGVKdkgkgieWxG4MYiqG97vW5o9AnV77CmYR1T6htzVyNmXBtRHw"}
{"time":"2026-06-11T22:01:40.147112+08:00","level":"INFO","service":"pos-api","caller":"app/pos/api/internal/logic/stake/stake_logic.go:144","msg":"HandleMarketBuyTx: txId=4v2geB9yTKjuQJ2McXpA5JB3fWAitQo9dzgLYGVKdkgkgieWxG4MYiqG97vW5o9AnV77CmYR1T6htzVyNmXBtRHw"}
{"time":"2026-06-11T22:01:40.147787+08:00","level":"INFO","service":"pos-api","caller":"app/pos/api/internal/logic/stake/stake_logic.go:178","msg":"HandleMarketBuyTx: inserted 1 records for txId=4v2geB9yTKjuQJ2McXpA5JB3fWAitQo9dzgLYGVKdkgkgieWxG4MYiqG97vW5o9AnV77CmYR1T6htzVyNmXBtRHw"}
{"time":"2026-06-11T22:01:40.148191+08:00","level":"INFO","service":"pos-api","caller":"app/pos/api/internal/task/kafka.go:93","msg":"KafkaConsumerTask: 收到已扫描交易 service=pos subService=market buy token txID=5z4mFwvqhmwFnLoax7tB77w3hy1cXUjT9oNDkDWLZVgfEc8AXKz6DCV3VPqfzuYJa6N7JhUjVVgkvPgWimDFgsm9"}
{"time":"2026-06-11T22:01:40.148202+08:00","level":"INFO","service":"pos-api","caller":"app/pos/api/internal/logic/stake/stake_logic.go:144","msg":"HandleMarketBuyTx: txId=5z4mFwvqhmwFnLoax7tB77w3hy1cXUjT9oNDkDWLZVgfEc8AXKz6DCV3VPqfzuYJa6N7JhUjVVgkvPgWimDFgsm9"}
{"time":"2026-06-11T22:01:40.149054+08:00","level":"INFO","service":"pos-api","caller":"app/pos/api/internal/logic/stake/stake_logic.go:178","msg":"HandleMarketBuyTx: inserted 1 records for txId=5z4mFwvqhmwFnLoax7tB77w3hy1cXUjT9oNDkDWLZVgfEc8AXKz6DCV3VPqfzuYJa6N7JhUjVVgkvPgWimDFgsm9"}
{"time":"2026-06-11T22:01:40.149524+08:00","level":"INFO","service":"pos-api","caller":"app/pos/api/internal/task/kafka.go:93","msg":"KafkaConsumerTask: 收到已扫描交易 service=pos subService=market buy token txID=66iB7A4smkr2yMxBsjpMU1b5UcPwDVrwcWvugiZRE75MgeZL45qnvBWZgXncFu85vtH2zFy3ssSzz5QCgBFfWSDV"}
{"time":"2026-06-11T22:01:40.149536+08:00","level":"INFO","service":"pos-api","caller":"app/pos/api/internal/logic/stake/stake_logic.go:144","msg":"HandleMarketBuyTx: txId=66iB7A4smkr2yMxBsjpMU1b5UcPwDVrwcWvugiZRE75MgeZL45qnvBWZgXncFu85vtH2zFy3ssSzz5QCgBFfWSDV"}
{"time":"2026-06-11T22:01:40.150803+08:00","level":"INFO","service":"pos-api","caller":"app/pos/api/internal/logic/stake/stake_logic.go:178","msg":"HandleMarketBuyTx: inserted 1 records for txId=66iB7A4smkr2yMxBsjpMU1b5UcPwDVrwcWvugiZRE75MgeZL45qnvBWZgXncFu85vtH2zFy3ssSzz5QCgBFfWSDV"}
{"time":"2026-06-11T22:01:40.152034+08:00","level":"INFO","service":"pos-api","caller":"app/pos/api/internal/task/kafka.go:93","msg":"KafkaConsumerTask: 收到已扫描交易 service=pos subService=market buy token txID=5tY8nsACS3jUcSVsdyvRrt5kKHsvGeszBW6dcqrLnUHJXrj7DnLwaCpodUtYRT6E4hjax5LAhej7gxTVkry4X5uJ"}
{"time":"2026-06-11T22:01:40.152058+08:00","level":"INFO","service":"pos-api","caller":"app/pos/api/internal/logic/stake/stake_logic.go:144","msg":"HandleMarketBuyTx: txId=5tY8nsACS3jUcSVsdyvRrt5kKHsvGeszBW6dcqrLnUHJXrj7DnLwaCpodUtYRT6E4hjax5LAhej7gxTVkry4X5uJ"}
{"time":"2026-06-11T22:01:40.153071+08:00","level":"INFO","service":"pos-api","caller":"app/pos/api/internal/logic/stake/stake_logic.go:178","msg":"HandleMarketBuyTx: inserted 1 records for txId=5tY8nsACS3jUcSVsdyvRrt5kKHsvGeszBW6dcqrLnUHJXrj7DnLwaCpodUtYRT6E4hjax5LAhej7gxTVkry4X5uJ"}
{"time":"2026-06-11T22:07:05.907898+08:00","level":"INFO","service":"pos-api","caller":"app/pos/api/internal/svc/nacos_config.go:348","msg":"loaded base runtime config from nacos"}
{"time":"2026-06-11T22:07:05.909674+08:00","level":"INFO","service":"pos-api","caller":"app/pos/api/internal/svc/nacos_config.go:495","msg":"loaded pos runtime config from nacos"}
Pos API starting on :1300
{"time":"2026-06-11T22:07:06.103311+08:00","level":"INFO","service":"pos-api","caller":"app/pos/api/internal/task/pos_snapshot.go:70","msg":"Pos业务 - 距离快照任务的首次执行时间还有: 13h52m53.896694s"}
{"time":"2026-06-11T22:07:06.10331+08:00","level":"INFO","service":"pos-api","caller":"app/pos/api/internal/task/stake_snapshot.go:95","msg":"Stake - 距离快照任务的首次执行时间还有: 13h52m53.896699s"}
