load config decrypt key: load AWS config: failed to get shared config profile, /etc/credentials/aws-oshit-testnet
{"time":"2026-06-11T21:37:49.040706+08:00","level":"INFO","service":"base-api","caller":"app/base/api/internal/task/scan.go:169","msg":"启动扫描任务 [reward:take token:EHEu46gQMTFw1ieiok5XVYLV9MrKUFyk6sRLDjUpEQAd]"}
{"time":"2026-06-11T21:37:49.047367+08:00","level":"INFO","service":"base-api","caller":"app/base/api/internal/task/scan.go:169","msg":"启动扫描任务 [reward:give token:6zimN4MMo5CJW7VwhD3nAdXt6EpVoc5V7SCnZiS1kLPd]"}
{"time":"2026-06-11T21:37:49.048313+08:00","level":"INFO","service":"base-api","caller":"app/base/api/internal/task/scan.go:169","msg":"启动扫描任务 [reward:lottery:EHEu46gQMTFw1ieiok5XVYLV9MrKUFyk6sRLDjUpEQAd]"}
{"time":"2026-06-11T21:37:49.051051+08:00","level":"INFO","service":"base-api","caller":"app/base/api/internal/task/scan.go:169","msg":"启动扫描任务 [reward:reward code:7AqjQqMB6WGUd6Tc84b81GDRVz65pcCiEePcZZtMBjSm]"}
{"time":"2026-06-11T21:37:49.051808+08:00","level":"INFO","service":"base-api","caller":"app/base/api/internal/task/scan.go:169","msg":"启动扫描任务 [reward:campaign quote:2NVji8RvQAFhg4YJKuxqhdMjWMLJmWbKm5MBvSJmTUHL]"}
{"time":"2026-06-11T21:37:49.052714+08:00","level":"INFO","service":"base-api","caller":"app/base/api/internal/task/scan.go:169","msg":"启动扫描任务 [pos:pos reward:2q66HpBbncGSy3iTMoJhhFZFeSsc6JofwV8xoRdGxtdK]"}
{"time":"2026-06-11T21:37:49.0538+08:00","level":"INFO","service":"base-api","caller":"app/base/api/internal/task/scan.go:169","msg":"启动扫描任务 [pos:market buy token:HtNfUbDaBamCBPWCFiESkXpewvwVLkwrSWRjjV8FNT7i]"}
{"time":"2026-06-11T21:37:49.054647+08:00","level":"INFO","service":"base-api","caller":"app/base/api/internal/task/scan.go:169","msg":"启动扫描任务 [pos:stake token:CyLTEgvmqVF9dPJkT6bMgccfXL7G26EXRAM9FEuP5ki6]"}
{"time":"2026-06-11T21:37:49.05566+08:00","level":"INFO","service":"base-api","caller":"app/base/api/internal/task/scan.go:169","msg":"启动扫描任务 [pos:stake reward:ERYPoieDaHoh9jz1Gbmi9whHLd1QyWPKANvtZTnECufw]"}
{"time":"2026-06-11T21:37:49.05612+08:00","level":"INFO","service":"base-api","caller":"app/base/api/internal/task/scan.go:169","msg":"启动扫描任务 [pos:stake leader reward:HqAp7uFZAckGA9jKFCZXg7rq1GX9CB2kwpGBKoq5geg6]"}
{"time":"2026-06-11T21:37:49.072599+08:00","level":"INFO","service":"base-api","caller":"app/base/api/internal/task/scan.go:209","msg":"创建扫描检查点 [gs-relay/contribution/7BV3LUAhoq4JpsLYejzx5dCdPpesB2ubAevxMNEoSbWE] untilTxId=CRygvMvL1nGvJhciEfHV1zhCUuXZfQoZX4Qzgm4HPkofBPBi7krKCLiX32E8WxVRMd3VbEJV4YW65yP8URyxCPi slot=462330911"}
{"time":"2026-06-11T21:37:49.072632+08:00","level":"INFO","service":"base-api","caller":"app/base/api/internal/task/scan.go:169","msg":"启动扫描任务 [gs-relay:contribution:7BV3LUAhoq4JpsLYejzx5dCdPpesB2ubAevxMNEoSbWE]"}
{"time":"2026-06-11T21:37:49.073974+08:00","level":"INFO","service":"base-api","caller":"app/base/api/internal/task/scan.go:209","msg":"创建扫描检查点 [gs-relay/payout/7BV3LUAhoq4JpsLYejzx5dCdPpesB2ubAevxMNEoSbWE] untilTxId=CRygvMvL1nGvJhciEfHV1zhCUuXZfQoZX4Qzgm4HPkofBPBi7krKCLiX32E8WxVRMd3VbEJV4YW65yP8URyxCPi slot=462330911"}
{"time":"2026-06-11T21:37:49.073986+08:00","level":"INFO","service":"base-api","caller":"app/base/api/internal/task/scan.go:169","msg":"启动扫描任务 [gs-relay:payout:7BV3LUAhoq4JpsLYejzx5dCdPpesB2ubAevxMNEoSbWE]"}
{"time":"2026-06-11T21:37:49.076895+08:00","level":"INFO","service":"base-api","caller":"app/base/api/internal/task/scan.go:209","msg":"创建扫描检查点 [gs-relay/refund/7BV3LUAhoq4JpsLYejzx5dCdPpesB2ubAevxMNEoSbWE] untilTxId=CRygvMvL1nGvJhciEfHV1zhCUuXZfQoZX4Qzgm4HPkofBPBi7krKCLiX32E8WxVRMd3VbEJV4YW65yP8URyxCPi slot=462330911"}
{"time":"2026-06-11T21:37:49.076925+08:00","level":"INFO","service":"base-api","caller":"app/base/api/internal/task/scan.go:169","msg":"启动扫描任务 [gs-relay:refund:7BV3LUAhoq4JpsLYejzx5dCdPpesB2ubAevxMNEoSbWE]"}
Base API starting on :1100
{"time":"2026-06-11T21:37:49.078161+08:00","level":"INFO","service":"base-api","caller":"app/base/api/internal/server/dubbo.go:66","msg":"dubbo: BaseService listening on :20880 (nacos=127.0.0.1:8848)"}
{"time":"2026-06-11T21:37:50.214073+08:00","level":"INFO","service":"base-api","caller":"app/base/api/internal/task/scan.go:402","msg":"gs-relay业务 - payout - solana 处理扫描到的交易 - 交易Id[5xJDwFhzR1d9h2BLncVKUUCKdwwYdY38HNKRMiXFPPYRMMkq83Y4AMZJQvCqRnDXJkQSSanb7wEzNWritHCNLvkh]"}
{"time":"2026-06-11T21:37:50.214145+08:00","level":"INFO","service":"base-api","caller":"app/base/api/internal/task/scan.go:402","msg":"gs-relay业务 - payout - solana 处理扫描到的交易 - 交易Id[3cfoLKxQmExhgJqiWng4o2bpRoScAHbQtqcXt2KKsFQfY7ajA4tufPy3ny6qfS7FfPEcNzTACaeNaWXHm7a57Lzd]"}
{"time":"2026-06-11T21:37:50.214082+08:00","level":"INFO","service":"base-api","caller":"app/base/api/internal/task/scan.go:402","msg":"gs-relay业务 - payout - solana 处理扫描到的交易 - 交易Id[59rVJnZw9t2maG8nLYg65PBYEzUbcTF7ccVTuHFbQs7vtjAj64Q3uRfUimHRY3tg74cVbYfyzaBTk69fWgEowAvG]"}
{"time":"2026-06-11T21:37:50.214084+08:00","level":"INFO","service":"base-api","caller":"app/base/api/internal/task/scan.go:402","msg":"gs-relay业务 - payout - solana 处理扫描到的交易 - 交易Id[48KPc1RWF5gTkdA83SGfSxo12jsM2sCE1DLyn1FwsFrSqcS32QKTRnhHSUrnhHcWb1zaVRTZRSfi4rC2jAZ1Y9u3]"}
{"time":"2026-06-11T21:37:50.214102+08:00","level":"INFO","service":"base-api","caller":"app/base/api/internal/task/scan.go:402","msg":"gs-relay业务 - payout - solana 处理扫描到的交易 - 交易Id[63tFtesgM9j1K9xs3J5BajEpz6ywR14UhaZTEDiExGt81cxaKb4sqiihY8h21kKYsm7QvhmscgXd3HxYYK2uPXj1]"}
{"time":"2026-06-11T21:37:50.214106+08:00","level":"INFO","service":"base-api","caller":"app/base/api/internal/task/scan.go:402","msg":"gs-relay业务 - payout - solana 处理扫描到的交易 - 交易Id[39mcFdPTcUoRXbfV1n9xpEoHN5cQBcbySe3GwRgouRj7FJTZk7UyG761oANtcs5HAiE22WA9YLZb6n2Q4yUBeRkc]"}
{"time":"2026-06-11T21:37:50.214115+08:00","level":"INFO","service":"base-api","caller":"app/base/api/internal/task/scan.go:402","msg":"gs-relay业务 - payout - solana 处理扫描到的交易 - 交易Id[4JvqJuZJ26jDmiNhhZYGSX5xWuyuBQjNTtzEXodBtHWzLEJqtBZHLjS26kWbq5Trn5HAeDxyGxxwYrRxxNCzeJCr]"}
{"time":"2026-06-11T21:37:50.214121+08:00","level":"INFO","service":"base-api","caller":"app/base/api/internal/task/scan.go:402","msg":"gs-relay业务 - payout - solana 处理扫描到的交易 - 交易Id[3J4cgy9RhYys5RndE3cbCe69Q2SmMbkE2G6R2Umm7tXuvVwo7eyPkQWgGaxe8U22jikn2AnLsXRFRWUwmyEwTMMV]"}
{"time":"2026-06-11T21:37:50.21413+08:00","level":"INFO","service":"base-api","caller":"app/base/api/internal/task/scan.go:402","msg":"gs-relay业务 - payout - solana 处理扫描到的交易 - 交易Id[239twf9yaEtfkqxXfSU6jXTAxtspBwMfYmC7McWo4ShsCVsmFjzqD4hzadbqGKHLTLv5fo9hdv8kY5ywUt7GGNyX]"}
{"time":"2026-06-11T21:37:50.214132+08:00","level":"INFO","service":"base-api","caller":"app/base/api/internal/task/scan.go:402","msg":"gs-relay业务 - payout - solana 处理扫描到的交易 - 交易Id[5P1LPfZGhwNkHKuD8yKKPVHFMHdaZbM4Qxy4zmaHhhyvbqLjp1VMTqZKUS7iRob5ajYKXFqst5DXBbbzvjAV8KzT]"}
{"time":"2026-06-11T21:37:50.39593+08:00","level":"INFO","service":"base-api","caller":"app/base/api/internal/task/scan.go:402","msg":"gs-relay业务 - refund - solana 处理扫描到的交易 - 交易Id[4JvqJuZJ26jDmiNhhZYGSX5xWuyuBQjNTtzEXodBtHWzLEJqtBZHLjS26kWbq5Trn5HAeDxyGxxwYrRxxNCzeJCr]"}
{"time":"2026-06-11T21:37:50.39596+08:00","level":"INFO","service":"base-api","caller":"app/base/api/internal/task/scan.go:402","msg":"gs-relay业务 - refund - solana 处理扫描到的交易 - 交易Id[3J4cgy9RhYys5RndE3cbCe69Q2SmMbkE2G6R2Umm7tXuvVwo7eyPkQWgGaxe8U22jikn2AnLsXRFRWUwmyEwTMMV]"}
{"time":"2026-06-11T21:37:50.395934+08:00","level":"INFO","service":"base-api","caller":"app/base/api/internal/task/scan.go:402","msg":"gs-relay业务 - refund - solana 处理扫描到的交易 - 交易Id[48KPc1RWF5gTkdA83SGfSxo12jsM2sCE1DLyn1FwsFrSqcS32QKTRnhHSUrnhHcWb1zaVRTZRSfi4rC2jAZ1Y9u3]"}
{"time":"2026-06-11T21:37:50.395942+08:00","level":"INFO","service":"base-api","caller":"app/base/api/internal/task/scan.go:402","msg":"gs-relay业务 - refund - solana 处理扫描到的交易 - 交易Id[59rVJnZw9t2maG8nLYg65PBYEzUbcTF7ccVTuHFbQs7vtjAj64Q3uRfUimHRY3tg74cVbYfyzaBTk69fWgEowAvG]"}
{"time":"2026-06-11T21:37:50.395964+08:00","level":"INFO","service":"base-api","caller":"app/base/api/internal/task/scan.go:402","msg":"gs-relay业务 - refund - solana 处理扫描到的交易 - 交易Id[5P1LPfZGhwNkHKuD8yKKPVHFMHdaZbM4Qxy4zmaHhhyvbqLjp1VMTqZKUS7iRob5ajYKXFqst5DXBbbzvjAV8KzT]"}
{"time":"2026-06-11T21:37:50.395953+08:00","level":"INFO","service":"base-api","caller":"app/base/api/internal/task/scan.go:402","msg":"gs-relay业务 - refund - solana 处理扫描到的交易 - 交易Id[63tFtesgM9j1K9xs3J5BajEpz6ywR14UhaZTEDiExGt81cxaKb4sqiihY8h21kKYsm7QvhmscgXd3HxYYK2uPXj1]"}
{"time":"2026-06-11T21:37:50.395953+08:00","level":"INFO","service":"base-api","caller":"app/base/api/internal/task/scan.go:402","msg":"gs-relay业务 - refund - solana 处理扫描到的交易 - 交易Id[3cfoLKxQmExhgJqiWng4o2bpRoScAHbQtqcXt2KKsFQfY7ajA4tufPy3ny6qfS7FfPEcNzTACaeNaWXHm7a57Lzd]"}
{"time":"2026-06-11T21:37:50.395933+08:00","level":"INFO","service":"base-api","caller":"app/base/api/internal/task/scan.go:402","msg":"gs-relay业务 - refund - solana 处理扫描到的交易 - 交易Id[39mcFdPTcUoRXbfV1n9xpEoHN5cQBcbySe3GwRgouRj7FJTZk7UyG761oANtcs5HAiE22WA9YLZb6n2Q4yUBeRkc]"}
{"time":"2026-06-11T21:37:50.395979+08:00","level":"INFO","service":"base-api","caller":"app/base/api/internal/task/scan.go:402","msg":"gs-relay业务 - refund - solana 处理扫描到的交易 - 交易Id[239twf9yaEtfkqxXfSU6jXTAxtspBwMfYmC7McWo4ShsCVsmFjzqD4hzadbqGKHLTLv5fo9hdv8kY5ywUt7GGNyX]"}
{"time":"2026-06-11T21:37:50.395973+08:00","level":"INFO","service":"base-api","caller":"app/base/api/internal/task/scan.go:402","msg":"gs-relay业务 - refund - solana 处理扫描到的交易 - 交易Id[5xJDwFhzR1d9h2BLncVKUUCKdwwYdY38HNKRMiXFPPYRMMkq83Y4AMZJQvCqRnDXJkQSSanb7wEzNWritHCNLvkh]"}
{"time":"2026-06-11T21:37:50.401061+08:00","level":"INFO","service":"base-api","caller":"app/base/api/internal/task/scan.go:402","msg":"gs-relay业务 - contribution - solana 处理扫描到的交易 - 交易Id[39mcFdPTcUoRXbfV1n9xpEoHN5cQBcbySe3GwRgouRj7FJTZk7UyG761oANtcs5HAiE22WA9YLZb6n2Q4yUBeRkc]"}
{"time":"2026-06-11T21:37:50.401082+08:00","level":"INFO","service":"base-api","caller":"app/base/api/internal/task/scan.go:402","msg":"gs-relay业务 - contribution - solana 处理扫描到的交易 - 交易Id[239twf9yaEtfkqxXfSU6jXTAxtspBwMfYmC7McWo4ShsCVsmFjzqD4hzadbqGKHLTLv5fo9hdv8kY5ywUt7GGNyX]"}
{"time":"2026-06-11T21:37:50.401099+08:00","level":"INFO","service":"base-api","caller":"app/base/api/internal/task/scan.go:402","msg":"gs-relay业务 - contribution - solana 处理扫描到的交易 - 交易Id[4JvqJuZJ26jDmiNhhZYGSX5xWuyuBQjNTtzEXodBtHWzLEJqtBZHLjS26kWbq5Trn5HAeDxyGxxwYrRxxNCzeJCr]"}
{"time":"2026-06-11T21:37:50.401111+08:00","level":"INFO","service":"base-api","caller":"app/base/api/internal/task/scan.go:402","msg":"gs-relay业务 - contribution - solana 处理扫描到的交易 - 交易Id[48KPc1RWF5gTkdA83SGfSxo12jsM2sCE1DLyn1FwsFrSqcS32QKTRnhHSUrnhHcWb1zaVRTZRSfi4rC2jAZ1Y9u3]"}
{"time":"2026-06-11T21:37:50.401115+08:00","level":"INFO","service":"base-api","caller":"app/base/api/internal/task/scan.go:402","msg":"gs-relay业务 - contribution - solana 处理扫描到的交易 - 交易Id[5P1LPfZGhwNkHKuD8yKKPVHFMHdaZbM4Qxy4zmaHhhyvbqLjp1VMTqZKUS7iRob5ajYKXFqst5DXBbbzvjAV8KzT]"}
{"time":"2026-06-11T21:37:50.4011+08:00","level":"INFO","service":"base-api","caller":"app/base/api/internal/task/scan.go:402","msg":"gs-relay业务 - contribution - solana 处理扫描到的交易 - 交易Id[63tFtesgM9j1K9xs3J5BajEpz6ywR14UhaZTEDiExGt81cxaKb4sqiihY8h21kKYsm7QvhmscgXd3HxYYK2uPXj1]"}
{"time":"2026-06-11T21:37:50.401097+08:00","level":"INFO","service":"base-api","caller":"app/base/api/internal/task/scan.go:402","msg":"gs-relay业务 - contribution - solana 处理扫描到的交易 - 交易Id[5xJDwFhzR1d9h2BLncVKUUCKdwwYdY38HNKRMiXFPPYRMMkq83Y4AMZJQvCqRnDXJkQSSanb7wEzNWritHCNLvkh]"}
{"time":"2026-06-11T21:37:50.401072+08:00","level":"INFO","service":"base-api","caller":"app/base/api/internal/task/scan.go:402","msg":"gs-relay业务 - contribution - solana 处理扫描到的交易 - 交易Id[59rVJnZw9t2maG8nLYg65PBYEzUbcTF7ccVTuHFbQs7vtjAj64Q3uRfUimHRY3tg74cVbYfyzaBTk69fWgEowAvG]"}
{"time":"2026-06-11T21:37:50.401125+08:00","level":"INFO","service":"base-api","caller":"app/base/api/internal/task/scan.go:402","msg":"gs-relay业务 - contribution - solana 处理扫描到的交易 - 交易Id[3J4cgy9RhYys5RndE3cbCe69Q2SmMbkE2G6R2Umm7tXuvVwo7eyPkQWgGaxe8U22jikn2AnLsXRFRWUwmyEwTMMV]"}
{"time":"2026-06-11T21:37:50.401131+08:00","level":"INFO","service":"base-api","caller":"app/base/api/internal/task/scan.go:402","msg":"gs-relay业务 - contribution - solana 处理扫描到的交易 - 交易Id[3cfoLKxQmExhgJqiWng4o2bpRoScAHbQtqcXt2KKsFQfY7ajA4tufPy3ny6qfS7FfPEcNzTACaeNaWXHm7a57Lzd]"}
{"time":"2026-06-11T21:37:50.540901+08:00","level":"INFO","service":"base-api","caller":"app/base/api/internal/task/price.go:144","msg":"价格更新成功: SHIT=$0.000071, SOL=$65.22, token/SOL=1092 lamports, token/USDT=71, USDT/SOL=0.015333823"}
{"time":"2026-06-11T21:37:50.844351+08:00","level":"INFO","service":"base-api","caller":"app/base/api/internal/task/scan.go:402","msg":"pos业务 - market buy token - solana 处理扫描到的交易 - 交易Id[584jE3FfUJx2qp1gFjFEEXMnCiuQLrCuGtnUHAzNKPTwowHbEDC3AQULL7byU3iK6t6xTSGR1C6cy3XSQQJs3bTD]"}
{"time":"2026-06-11T21:37:50.844421+08:00","level":"INFO","service":"base-api","caller":"app/base/api/internal/task/scan.go:402","msg":"pos业务 - market buy token - solana 处理扫描到的交易 - 交易Id[2w5nwRESFkkpVXYDbVC9EhT5R6RdqZr8AyVg7GSiidJXSYth7hVy6ayAVsr6pA6uzGuoGh9WHnkNcZ4bv1KkFE86]"}
{"time":"2026-06-11T21:37:50.844438+08:00","level":"INFO","service":"base-api","caller":"app/base/api/internal/task/scan.go:402","msg":"pos业务 - market buy token - solana 处理扫描到的交易 - 交易Id[3pzb7SCgJqzyx4g9EFtJNe2rZmvADju5LyEE11z4Lm2WqQbjfjaRyj3Z335u6kudGiXETvaGagmEm997uenrZXBX]"}
{"time":"2026-06-11T21:37:50.844434+08:00","level":"INFO","service":"base-api","caller":"app/base/api/internal/task/scan.go:402","msg":"pos业务 - market buy token - solana 处理扫描到的交易 - 交易Id[25mraeoiPP2AePmgbqpxkCMRqHe82qLFxANyrqADJyxfEPFQoNvEFZQvKQSmXceycrLi67m2De53pNWyDmPRGucr]"}
{"time":"2026-06-11T21:37:50.844468+08:00","level":"INFO","service":"base-api","caller":"app/base/api/internal/task/scan.go:402","msg":"pos业务 - market buy token - solana 处理扫描到的交易 - 交易Id[5juEa8ymfZ4KZxFGJfPLpwF1ZeKzzxqZYNvBJ5cKsPQfiKyGJbQV7XPQN5wiJJRfQdfGKTzXmqFAoXaa5Jh5PyAv]"}
{"time":"2026-06-11T21:37:50.844394+08:00","level":"INFO","service":"base-api","caller":"app/base/api/internal/task/scan.go:402","msg":"pos业务 - market buy token - solana 处理扫描到的交易 - 交易Id[39JLvQsstPJhQ49KUu9L3behdNia4qtVtAM8yjG4J842n4iDToPuuvyGysnfgGPKfruiY1WBrM7kGg1YAAzTTjJp]"}
{"time":"2026-06-11T21:37:50.844491+08:00","level":"INFO","service":"base-api","caller":"app/base/api/internal/task/scan.go:402","msg":"pos业务 - market buy token - solana 处理扫描到的交易 - 交易Id[5pomX2vvTdcd4o97CWA6iSboc8rZaJ59hrXxWzXzW2pzPt7g9Tr6N7iwqWfzMjZ1v8VskTZuzLbwAwoBjQg4erza]"}
{"time":"2026-06-11T21:37:50.844514+08:00","level":"INFO","service":"base-api","caller":"app/base/api/internal/task/scan.go:402","msg":"pos业务 - market buy token - solana 处理扫描到的交易 - 交易Id[2RC8cWXsSKQ71ZCbEzvR6e1BuMcsxH6iRdSJRXHcHPmmEPVzoK5jikh2WzrbjSJ7aVapwjqjwZjnCVLayJDie3xw]"}
{"time":"2026-06-11T21:37:50.84445+08:00","level":"INFO","service":"base-api","caller":"app/base/api/internal/task/scan.go:402","msg":"pos业务 - market buy token - solana 处理扫描到的交易 - 交易Id[58ZdE9nJhPhrufvoVinerQgp5YeTs37w1YKeTw71tff1iQTaZjvmKCB8Excy8w4BgNJnStq3YbnctXpvXFmBXf7C]"}
{"time":"2026-06-11T21:37:50.844516+08:00","level":"INFO","service":"base-api","caller":"app/base/api/internal/task/scan.go:402","msg":"pos业务 - market buy token - solana 处理扫描到的交易 - 交易Id[2KQzZYcQNG9V9e8EukTDH4Vn1KCYx19uxmYKj43cdEfq4mNzMoLL9jtrsbKs7QreZVsdpRdcjiPpEabnoVmLcEqk]"}
{"time":"2026-06-11T21:37:50.844577+08:00","level":"INFO","service":"base-api","caller":"app/base/api/internal/task/scan.go:402","msg":"pos业务 - market buy token - solana 处理扫描到的交易 - 交易Id[2K1VP1z8Fdry43KR8BoQSSYznyidT4mGqFakXJGkpsLwy1FBVA9GY2ST37NetRPG7TBSswSR7gcJ4EeCexBJ5dST]"}
{"time":"2026-06-11T21:37:50.844596+08:00","level":"INFO","service":"base-api","caller":"app/base/api/internal/task/scan.go:402","msg":"pos业务 - market buy token - solana 处理扫描到的交易 - 交易Id[5PXpkNxKepJ5e961p59hZCXbMaqi2VZV4w3VPjFApgA9s2Ny9kiYtTa6dvQQfdT7mbtsxPyfWUCtxzp6W4BFHWqz]"}
{"time":"2026-06-11T21:37:50.844589+08:00","level":"INFO","service":"base-api","caller":"app/base/api/internal/task/scan.go:402","msg":"pos业务 - market buy token - solana 处理扫描到的交易 - 交易Id[3HPKN3pxjEc6NDmiEVQQif9Rq37KkTvxz8iBLC1RQEeLFPMdbjDSvomJYrMCckULR9UCSagF28fA9JAbmUYRY7Mx]"}
{"time":"2026-06-11T21:37:50.8446+08:00","level":"INFO","service":"base-api","caller":"app/base/api/internal/task/scan.go:402","msg":"pos业务 - market buy token - solana 处理扫描到的交易 - 交易Id[5igdiHSBVEFJiALQvZ9SyrbqiDdYnUPHbHqJf91pyqqga56VxJe8svmf7Zz6SXc8bvydrhGH7CgvutiTVdZRRP8Y]"}
{"time":"2026-06-11T21:37:50.844656+08:00","level":"INFO","service":"base-api","caller":"app/base/api/internal/task/scan.go:402","msg":"pos业务 - market buy token - solana 处理扫描到的交易 - 交易Id[3gnpxZ4NLJxoxXM6w6FfQGj5ZYLnMHCnYYhDxPdMDpFyn1BVYYSLKrYC9gVh7C4U7xFL8KsRJTs1YhcJM3mUrRBA]"}
{"time":"2026-06-11T21:37:50.84467+08:00","level":"INFO","service":"base-api","caller":"app/base/api/internal/task/scan.go:402","msg":"pos业务 - market buy token - solana 处理扫描到的交易 - 交易Id[2KTGeD85WUrUu6qLNuUG7Y127HNyXfXJt1bcA8o7pGZL8oVfuN683mPHKm51qgGcMJaPVuLeGGyvH29hLs5uUpie]"}
{"time":"2026-06-11T21:37:50.844686+08:00","level":"INFO","service":"base-api","caller":"app/base/api/internal/task/scan.go:402","msg":"pos业务 - market buy token - solana 处理扫描到的交易 - 交易Id[4ATeoNmmeEfgBALFJeqheuuP3WM2CnBbEqCsQPQwyunqoFW9cbf3je7aW8y27iEct91nBr9LJJT1S6TJxGe6iUmn]"}
{"time":"2026-06-11T21:37:50.844684+08:00","level":"INFO","service":"base-api","caller":"app/base/api/internal/task/scan.go:402","msg":"pos业务 - market buy token - solana 处理扫描到的交易 - 交易Id[WGiLjCBMvhHwLLJPrNK6ureTQUQ2nm9Ekihz7jM9kXqWDEq8vPy5ZBusYGhZQMGdf2DtbxtHc5c3bgXUA7Ama7J]"}
{"time":"2026-06-11T21:37:50.844708+08:00","level":"INFO","service":"base-api","caller":"app/base/api/internal/task/scan.go:402","msg":"pos业务 - market buy token - solana 处理扫描到的交易 - 交易Id[2x4qEUnieqHvtG69JwDKxNZdyakFeqhYNmckxNZe6C32g7sKzety7Ko4XUcaRdEZJcHyMz6hkcC1EpKyZ4TektkR]"}
{"time":"2026-06-11T21:37:50.844681+08:00","level":"INFO","service":"base-api","caller":"app/base/api/internal/task/scan.go:402","msg":"pos业务 - market buy token - solana 处理扫描到的交易 - 交易Id[4igTG4pHYYFuDWEQPeDMfVhjCRLhfiNqtLbsgUUno8w7H9fijTnW2rw9DTiWFWCeHZRwntDFTLTzqjLMjaCydEzD]"}
{"time":"2026-06-11T21:37:50.844733+08:00","level":"INFO","service":"base-api","caller":"app/base/api/internal/task/scan.go:402","msg":"pos业务 - market buy token - solana 处理扫描到的交易 - 交易Id[2Lumg8hqwGkjVfFv8ppMm784pjKz286PZp6DHmqxQZb3grZvZDq5LAz5W5pHtcGmSudBvMKV4h3aZip1XjF7wDZ2]"}
{"time":"2026-06-11T21:37:50.844737+08:00","level":"INFO","service":"base-api","caller":"app/base/api/internal/task/scan.go:402","msg":"pos业务 - market buy token - solana 处理扫描到的交易 - 交易Id[5H6DprLtkqDaGAjDpD52sMbP4v941wiuBHZQiMy8EUQnqx1yYxkYbBb8vN4NHFPRaEUcLKtt6CMeXyhULqGT9M2x]"}
{"time":"2026-06-11T21:37:50.844747+08:00","level":"INFO","service":"base-api","caller":"app/base/api/internal/task/scan.go:402","msg":"pos业务 - market buy token - solana 处理扫描到的交易 - 交易Id[2rNkwpM9LLoQCerqfxSoDiSYhEBBxaP35ttQZttehM2JciyxUatzRkpydz2GKueaVDYYWW2hFM8p1vBnDdU7dkr4]"}
{"time":"2026-06-11T21:37:50.844774+08:00","level":"INFO","service":"base-api","caller":"app/base/api/internal/task/scan.go:402","msg":"pos业务 - market buy token - solana 处理扫描到的交易 - 交易Id[4X6o2w3q7Epfy9XE9Ndhyv4CEsrnPysPh1oQm1X7jZCrdEqYukUMegzKTQJA9NxpeV9N9uagJJWJgsbMT5XYRvEq]"}
{"time":"2026-06-11T21:37:50.844796+08:00","level":"INFO","service":"base-api","caller":"app/base/api/internal/task/scan.go:402","msg":"pos业务 - market buy token - solana 处理扫描到的交易 - 交易Id[4oeGQ1LqiRKV3iupEjgTQDeY7BMhEr8jfuS9y9ZCAhLgy9w49noousKz3r1DTP5CSdMujh7yJjXoNc7KbWypjVBE]"}
{"time":"2026-06-11T21:37:50.844801+08:00","level":"INFO","service":"base-api","caller":"app/base/api/internal/task/scan.go:402","msg":"pos业务 - market buy token - solana 处理扫描到的交易 - 交易Id[2YbbG8fM6csW3wqw3S8tKANA75tQoKP5Lctuofy3GshLkk95AwgFNr8CkqXR48tHHTJa8e6gL1a3rArMJhqckzjW]"}
{"time":"2026-06-11T21:37:50.844831+08:00","level":"INFO","service":"base-api","caller":"app/base/api/internal/task/scan.go:402","msg":"pos业务 - market buy token - solana 处理扫描到的交易 - 交易Id[65FFTNeKT6MEEe7koxwEU7D8exSSspahKa7nWyUd6cSBLMiu1whtiMwvUPzgBJM2TMh7HM6gnUFZiqEuSL8yCTM5]"}
{"time":"2026-06-11T21:37:50.844845+08:00","level":"INFO","service":"base-api","caller":"app/base/api/internal/task/scan.go:402","msg":"pos业务 - market buy token - solana 处理扫描到的交易 - 交易Id[3bUzYmukRw5u74SeVNygY4C3ymc1aVRNXJCNq9zec7NS7bozsr4EMnB1QfrtipD1ZRJAXveP9v9Ao4RYsAUens3S]"}
{"time":"2026-06-11T21:37:50.844859+08:00","level":"INFO","service":"base-api","caller":"app/base/api/internal/task/scan.go:402","msg":"pos业务 - market buy token - solana 处理扫描到的交易 - 交易Id[3UoooAGFsTEMrpfXCZepoCppWkB6xyzYy71m1eJGmp4XxwJAkbjP79qgNiE8Ub87LJw2P5YFgnFRbhP9KSgDbYuz]"}
{"time":"2026-06-11T21:37:50.844868+08:00","level":"INFO","service":"base-api","caller":"app/base/api/internal/task/scan.go:402","msg":"pos业务 - market buy token - solana 处理扫描到的交易 - 交易Id[HPKQfqDSh89CChyokkXC6grVXgdy2PCp5UNDuMQbMXJQABpDLx5kENvqTC9Z28PRWuykfLBDFuM7bgfofjebpmT]"}
{"time":"2026-06-11T21:37:50.84486+08:00","level":"INFO","service":"base-api","caller":"app/base/api/internal/task/scan.go:402","msg":"pos业务 - market buy token - solana 处理扫描到的交易 - 交易Id[4FnRkNSVt3GVtfqf3jKFb92kz3RqvSLNsgBhRTn5PSS92rznSpVKzhVLsQ1e15pyYbZfJXjJDPcnXbhm8BgWEKZ1]"}
{"time":"2026-06-11T21:37:50.844902+08:00","level":"INFO","service":"base-api","caller":"app/base/api/internal/task/scan.go:402","msg":"pos业务 - market buy token - solana 处理扫描到的交易 - 交易Id[2qwawR11SR7iEaWY7RtnENbjzQGpFSB584J2hP8cb6J7AocsVzJNfXCVgL78ErEU1vFZkGaSUNTKPwVuKuGHsos8]"}
{"time":"2026-06-11T21:37:50.844896+08:00","level":"INFO","service":"base-api","caller":"app/base/api/internal/task/scan.go:402","msg":"pos业务 - market buy token - solana 处理扫描到的交易 - 交易Id[2cj2XVCtTN2RPN1UXhFhkRftZhXZFuyXPRK1RsMbJPEaCQ4nqTb6JpyAUoxGNPpwYUE9HByXRrTuu1mD3N5Ceu3D]"}
{"time":"2026-06-11T21:37:50.844921+08:00","level":"INFO","service":"base-api","caller":"app/base/api/internal/task/scan.go:402","msg":"pos业务 - market buy token - solana 处理扫描到的交易 - 交易Id[41f7M8YdWrfMz2gM6G9wzvxcWxZruKdQXbHkETTaoFZRi4wTaxtSRicaGvCYGaAEcmeVvWwJA4sRMmrY5gi2uPBV]"}
{"time":"2026-06-11T21:37:50.844939+08:00","level":"INFO","service":"base-api","caller":"app/base/api/internal/task/scan.go:402","msg":"pos业务 - market buy token - solana 处理扫描到的交易 - 交易Id[piASQoH2ZCHo3LsCXjZ9yU9bnojnWFLRhcBxsYskgUYERsoQYVMepLsUS8jg7hQ7wm5W2wUmZCXh9kALsqQvdUT]"}
{"time":"2026-06-11T21:37:50.844955+08:00","level":"INFO","service":"base-api","caller":"app/base/api/internal/task/scan.go:402","msg":"pos业务 - market buy token - solana 处理扫描到的交易 - 交易Id[3p1Px5uB6ZkQqMNRrSyXSPrWMxSHcNvGUgYX34V2xib3rV8KJbYxYxoGF5hiWdDmpLHU7R9yS7LdBFM2UdnNboQR]"}
{"time":"2026-06-11T21:37:50.844935+08:00","level":"INFO","service":"base-api","caller":"app/base/api/internal/task/scan.go:402","msg":"pos业务 - market buy token - solana 处理扫描到的交易 - 交易Id[4Xo57FaKQyEFNubHDfsZXm9NmEAKLicm1HFEyBAsz4UjTGjcpBEy2iZPppwNh1gFroxhpXBnGoahAQf7Xn8QJmAF]"}
{"time":"2026-06-11T21:37:50.844975+08:00","level":"INFO","service":"base-api","caller":"app/base/api/internal/task/scan.go:402","msg":"pos业务 - market buy token - solana 处理扫描到的交易 - 交易Id[5Yb926tvd5o9UGzBBGzu7ZFRqbg4sPg5dvLiMyW4byZf8ppwE9Wt7cN2YYVHx1gX8JZTH4pJUqSybNzJqqmEUWiU]"}
{"time":"2026-06-11T21:37:50.844998+08:00","level":"INFO","service":"base-api","caller":"app/base/api/internal/task/scan.go:402","msg":"pos业务 - market buy token - solana 处理扫描到的交易 - 交易Id[53zBwCCfm7BdjaaLfo7iM1U987uAjeLCNK8RgvW1kxLpEeZvUKwnvAgjhhDLh4nAMC58KaFqutxFRPXbau2iHZ2Z]"}
{"time":"2026-06-11T21:37:50.845007+08:00","level":"INFO","service":"base-api","caller":"app/base/api/internal/task/scan.go:402","msg":"pos业务 - market buy token - solana 处理扫描到的交易 - 交易Id[66iB7A4smkr2yMxBsjpMU1b5UcPwDVrwcWvugiZRE75MgeZL45qnvBWZgXncFu85vtH2zFy3ssSzz5QCgBFfWSDV]"}
{"time":"2026-06-11T21:37:50.845024+08:00","level":"INFO","service":"base-api","caller":"app/base/api/internal/task/scan.go:402","msg":"pos业务 - market buy token - solana 处理扫描到的交易 - 交易Id[5tY8nsACS3jUcSVsdyvRrt5kKHsvGeszBW6dcqrLnUHJXrj7DnLwaCpodUtYRT6E4hjax5LAhej7gxTVkry4X5uJ]"}
{"time":"2026-06-11T21:37:50.845031+08:00","level":"INFO","service":"base-api","caller":"app/base/api/internal/task/scan.go:402","msg":"pos业务 - market buy token - solana 处理扫描到的交易 - 交易Id[2izqsuvF4Ggv2gW9qFBK8hKmnNQYNz3p4gHBPkYqYkqXWgoVfVxV9tgwqEG96p1DkBrDrVaF9qRhPwXakXdagnv9]"}
{"time":"2026-06-11T21:37:50.845044+08:00","level":"INFO","service":"base-api","caller":"app/base/api/internal/task/scan.go:402","msg":"pos业务 - market buy token - solana 处理扫描到的交易 - 交易Id[2cyEyxhiHtQz4aH34woSpqJ7tYbcRLdbB9oHmsepzNoPJjHqAtstWC4ujef2KsoEBwf1vVZTzoo8YPVqoyd229rW]"}
{"time":"2026-06-11T21:37:50.845063+08:00","level":"INFO","service":"base-api","caller":"app/base/api/internal/task/scan.go:402","msg":"pos业务 - market buy token - solana 处理扫描到的交易 - 交易Id[3ByCwBCvYcae5FNWTG1QR2evsoaVs2aBXH8UmXw2U66ZGyPj8keNTB5youVDayHzbyLTi1HZBx34GQy6hnJbuZLW]"}
{"time":"2026-06-11T21:37:50.845082+08:00","level":"INFO","service":"base-api","caller":"app/base/api/internal/task/scan.go:402","msg":"pos业务 - market buy token - solana 处理扫描到的交易 - 交易Id[4pDjccjT9bvCo97L3qYL5JEw86nbKjjXgSWLC1RoFPoASeXwAeZgUEC77iQqmkqraczYdkTQ2Www3V2Ner18B3gj]"}
{"time":"2026-06-11T21:37:50.845093+08:00","level":"INFO","service":"base-api","caller":"app/base/api/internal/task/scan.go:402","msg":"pos业务 - market buy token - solana 处理扫描到的交易 - 交易Id[2UA5Ans6RApNN2X9NG7dbCoZrx2moMxXqWUZrZBmdCoJMYTJK38iXMsKYA8w2ShWtQyTUL4CRzo6SS8m4Mt4e5YL]"}
{"time":"2026-06-11T21:37:50.845061+08:00","level":"INFO","service":"base-api","caller":"app/base/api/internal/task/scan.go:402","msg":"pos业务 - market buy token - solana 处理扫描到的交易 - 交易Id[LqKkzv1at7QTabhZ9pNsnFP5isAkrBS5TY1P8PLyWE4sSPsMyopLEFqUGchpPh5cCa99REw9o4MS7isT5MzCHEK]"}
{"time":"2026-06-11T21:37:50.844777+08:00","level":"INFO","service":"base-api","caller":"app/base/api/internal/task/scan.go:402","msg":"pos业务 - market buy token - solana 处理扫描到的交易 - 交易Id[3wzX6AjavD2catXNmK1p491mxwR7h6QZkdah6dDZdnSDC82J4JEu6ubUG7qtgVdH25MNzdARVVyX78fknkHY3tiR]"}
{"time":"2026-06-11T21:37:50.84513+08:00","level":"INFO","service":"base-api","caller":"app/base/api/internal/task/scan.go:402","msg":"pos业务 - market buy token - solana 处理扫描到的交易 - 交易Id[34zfBsTmUqa12BtvJ4h8ei5vbV9EKiSMpyata1h7vZRLVnoWjHN6kZ4AGniwC2FBDspiusbfpGf45kzaqVRsjL44]"}
{"time":"2026-06-11T21:37:50.84514+08:00","level":"INFO","service":"base-api","caller":"app/base/api/internal/task/scan.go:402","msg":"pos业务 - market buy token - solana 处理扫描到的交易 - 交易Id[5ty8PU5f2nNqW69XdjLw8cBUcT3vVcfK3kw3q7xNxox1y2fkqoqjJckLptkgdYzsAtNKPf6jigGrTCXuAmxWoGgz]"}
{"time":"2026-06-11T21:37:50.845166+08:00","level":"INFO","service":"base-api","caller":"app/base/api/internal/task/scan.go:402","msg":"pos业务 - market buy token - solana 处理扫描到的交易 - 交易Id[2UsqcXhXL2EQqtNeM5StJ2h4KLUp5zL3TNYxo81YoefmztiT6NQHUs7UBxAgXM1zzGZ3fQawoFtSZJaLV9DR2jNu]"}
{"time":"2026-06-11T21:37:50.845155+08:00","level":"INFO","service":"base-api","caller":"app/base/api/internal/task/scan.go:402","msg":"pos业务 - market buy token - solana 处理扫描到的交易 - 交易Id[4QRQfbggjtdoeL2nJjaYBDqVBzaRpoBi2Nid56uFBb7NJzmSju8Mym8gh4fKqkrgH38GYEn3QSUMdY3kSQfu5V1r]"}
{"time":"2026-06-11T21:37:50.845192+08:00","level":"INFO","service":"base-api","caller":"app/base/api/internal/task/scan.go:402","msg":"pos业务 - market buy token - solana 处理扫描到的交易 - 交易Id[5Lbz6sax3gA5dFRXpmgKk8gzuTurNeRZPAWNkuZUjFVnrkKRjihcunV3j8h1MBywKAdEx8fCvxDEMoEBDusQkBYt]"}
{"time":"2026-06-11T21:37:50.844607+08:00","level":"INFO","service":"base-api","caller":"app/base/api/internal/task/scan.go:402","msg":"pos业务 - market buy token - solana 处理扫描到的交易 - 交易Id[35rA42opLahVkRmqmAU5MrnxJeD8uiemJVkrYvShaB9E92fa1AxRY3ci6EhDWkyJe4LGSDfVNrYX5YZE56EQYay7]"}
{"time":"2026-06-11T21:37:50.845213+08:00","level":"INFO","service":"base-api","caller":"app/base/api/internal/task/scan.go:402","msg":"pos业务 - market buy token - solana 处理扫描到的交易 - 交易Id[4C8TMKJK5wNvMFdDwXfyBBoTQLvDysscSAjyD4T6qKJge2hkqpLLMmZckQDVA3dFVBwiJhrmvkJZJLr2mVCLh9t3]"}
{"time":"2026-06-11T21:37:50.845101+08:00","level":"INFO","service":"base-api","caller":"app/base/api/internal/task/scan.go:402","msg":"pos业务 - market buy token - solana 处理扫描到的交易 - 交易Id[qMK7ghkpoUqNQYZ3eLqAT5jwZMS86LRdDKhM4Leo93GgFubhDYr57jBUTx1AxZzfgTK3RZdEBZnRLkr7Rhx878H]"}
{"time":"2026-06-11T21:37:50.845072+08:00","level":"INFO","service":"base-api","caller":"app/base/api/internal/task/scan.go:402","msg":"pos业务 - market buy token - solana 处理扫描到的交易 - 交易Id[5EEACTDPLjMxUQ8WdVHiXGh5yBjjKz94U4RUZu5zVkAkdp61mPHVYuurqjsKWdSBDtxSFbEqkU6xQm4V4JgpQsQd]"}
{"time":"2026-06-11T21:37:50.845249+08:00","level":"INFO","service":"base-api","caller":"app/base/api/internal/task/scan.go:402","msg":"pos业务 - market buy token - solana 处理扫描到的交易 - 交易Id[25HLFsxFkuNr2ppr3e6htk13djjkWwc62Dotnnzr3mzB23UhXWiJsxCHCcENp9M7vYoziaNkBWP9yCGa8upFsLN7]"}
{"time":"2026-06-11T21:37:50.844704+08:00","level":"INFO","service":"base-api","caller":"app/base/api/internal/task/scan.go:402","msg":"pos业务 - market buy token - solana 处理扫描到的交易 - 交易Id[4nArjd28suDd76zPhmWb1HskXfh53kn97NLLqX8i4moXdxM19HgFb2byFjfUTqpkQoUpHsDBuSwSxdMBbhBiH3VW]"}
{"time":"2026-06-11T21:37:50.845274+08:00","level":"INFO","service":"base-api","caller":"app/base/api/internal/task/scan.go:402","msg":"pos业务 - market buy token - solana 处理扫描到的交易 - 交易Id[4uyyJHhVxyZ3pM7NvN8YgTyYWk7LsCCAHQYWeiRDo5o7mrph3kDA9RhEaqpfbHAZYf7sTAQd51HRmgDPnkXeo6DM]"}
{"time":"2026-06-11T21:37:50.845276+08:00","level":"INFO","service":"base-api","caller":"app/base/api/internal/task/scan.go:402","msg":"pos业务 - market buy token - solana 处理扫描到的交易 - 交易Id[2WFU9skvaFf8oMLvorajuo568Sqxx6WciXn9qEGgrbexpCmdQJUnx7c8weNVT9UioRqiypxHr3jQ5nVQyCMwLH6N]"}
{"time":"2026-06-11T21:37:50.845284+08:00","level":"INFO","service":"base-api","caller":"app/base/api/internal/task/scan.go:402","msg":"pos业务 - market buy token - solana 处理扫描到的交易 - 交易Id[4EYp6rskos1KP9VHBRqrcD6MH98hT6ebo4zDxwHKourebUDibwvvvfQa9NcDxMJcvWGT5RdKAbi3fMBpVEZrTFfD]"}
{"time":"2026-06-11T21:37:50.845267+08:00","level":"INFO","service":"base-api","caller":"app/base/api/internal/task/scan.go:402","msg":"pos业务 - market buy token - solana 处理扫描到的交易 - 交易Id[37FEE1ZvqrPBYpkkkdL49569Sv2X2if9QDDyKf961q9jSc8voQSuJGeD3ZiiHMMKCbat3GX8nu3tWceRriVMczca]"}
{"time":"2026-06-11T21:37:50.845313+08:00","level":"INFO","service":"base-api","caller":"app/base/api/internal/task/scan.go:402","msg":"pos业务 - market buy token - solana 处理扫描到的交易 - 交易Id[49BmdKH6K8XM2Gjfm64z7g4dipWqcTwcQVHTqKAT5LJCPer47CDyjwui584cyxkPxhbdShgcaVgnNMxJectfuaWm]"}
{"time":"2026-06-11T21:37:50.84534+08:00","level":"INFO","service":"base-api","caller":"app/base/api/internal/task/scan.go:402","msg":"pos业务 - market buy token - solana 处理扫描到的交易 - 交易Id[4ze7ZR7gAJ4GJGh854jDvs1rHrau9FM2rdgZPpf7woqE6npuruPVgVUk3GKYVsCBRbGqvXrjSNXpYW9qVRdVCbdT]"}
{"time":"2026-06-11T21:37:50.845356+08:00","level":"INFO","service":"base-api","caller":"app/base/api/internal/task/scan.go:402","msg":"pos业务 - market buy token - solana 处理扫描到的交易 - 交易Id[yzESgseg61BJK2zTsru7ifmucFsmoxqAStGPspzd99xNQrXjSuQKTiYkStzGEp1gPV6URchhSunBHmRf8bfpt69]"}
{"time":"2026-06-11T21:37:50.844659+08:00","level":"INFO","service":"base-api","caller":"app/base/api/internal/task/scan.go:402","msg":"pos业务 - market buy token - solana 处理扫描到的交易 - 交易Id[4VoY9GjqmtYRZg5z5pak4oeHGY42TxnSBG1WoTxyEH74AK3xssncALCbkdZHHScqNGvP3TN4djhWpSxqsai68QGT]"}
{"time":"2026-06-11T21:37:50.845369+08:00","level":"INFO","service":"base-api","caller":"app/base/api/internal/task/scan.go:402","msg":"pos业务 - market buy token - solana 处理扫描到的交易 - 交易Id[2N2Rk4yf5DiUPu3R1Y11KvRgX8H3Bm1puumtk1HG49zXjLCGgt5G8hyE2SnfqPsqKh28hE6pMyqs1YZgkAcHoZMv]"}
{"time":"2026-06-11T21:37:50.845344+08:00","level":"INFO","service":"base-api","caller":"app/base/api/internal/task/scan.go:402","msg":"pos业务 - market buy token - solana 处理扫描到的交易 - 交易Id[3s34yirDfa6AmtoyUrnBHVBaHUVPQqCYomnkNqaS3qYm5jXj6smLVdhVyE6zGhsfvwDYMfNsr3MYhPmMVHfQVW2n]"}
{"time":"2026-06-11T21:37:50.845385+08:00","level":"INFO","service":"base-api","caller":"app/base/api/internal/task/scan.go:402","msg":"pos业务 - market buy token - solana 处理扫描到的交易 - 交易Id[2Zg322ycemJUk8tCZBcGvvQYAkfYBnzHNwKkTJsiDTNYmNmMKPEmi4yf9NbVi2xMQWA7rGJ3J4zrpUVP3apM7zFE]"}
{"time":"2026-06-11T21:37:50.845372+08:00","level":"INFO","service":"base-api","caller":"app/base/api/internal/task/scan.go:402","msg":"pos业务 - market buy token - solana 处理扫描到的交易 - 交易Id[2sgWRymobZsWHzjzimVfbxoQftr7RtPAqJm1NJbGamcgvEfr3fDsDh5AfzZz2BUxBLsWPJjM1ZSh6h2UF4Dmstqg]"}
{"time":"2026-06-11T21:37:50.84538+08:00","level":"INFO","service":"base-api","caller":"app/base/api/internal/task/scan.go:402","msg":"pos业务 - market buy token - solana 处理扫描到的交易 - 交易Id[3Kg4VDtaPXPPveC7EhBHXXtCXG5JVA3CBQqgz9Lkcdo9TzAWMN6qkwbhkDd3yQmmBvxGeeac2Nt3TfQrkdNCVdFY]"}
{"time":"2026-06-11T21:37:50.844692+08:00","level":"INFO","service":"base-api","caller":"app/base/api/internal/task/scan.go:402","msg":"pos业务 - market buy token - solana 处理扫描到的交易 - 交易Id[3257qiKYhiCsYqpZ2bRE29KovxVNSkSBSiHeGKPU4awEqLkn87m3nAWCgRa1PDr9HGtSaG54e2xEHD2h1nuaDiaV]"}
{"time":"2026-06-11T21:37:50.84536+08:00","level":"INFO","service":"base-api","caller":"app/base/api/internal/task/scan.go:402","msg":"pos业务 - market buy token - solana 处理扫描到的交易 - 交易Id[4rSTB685T2c8YUiWkRQpxp3z95ZCeJRMLWQA4k4ktMpYdU41kPtPFsQFRcUugPBHvT33LfKRjGsf15djonZqNb4G]"}
{"time":"2026-06-11T21:37:50.845008+08:00","level":"INFO","service":"base-api","caller":"app/base/api/internal/task/scan.go:402","msg":"pos业务 - market buy token - solana 处理扫描到的交易 - 交易Id[4DX7tf5m1kG6aQqZ1bNCMusLfrAL62FWgg4VB3oJhFinUFHi64KfZ2nDBX1cB7yQurqrvthcYeKLitkoBFEfYwab]"}
{"time":"2026-06-11T21:37:50.84485+08:00","level":"INFO","service":"base-api","caller":"app/base/api/internal/task/scan.go:402","msg":"pos业务 - market buy token - solana 处理扫描到的交易 - 交易Id[duR5obqHqfwnNtweK9uAZbiD1MZmnS6dxCT48sSLu5aEnfCVDnHd9NtFEYm6yNG5xKbKEtbYM7gE3dAJZbsiYVG]"}
{"time":"2026-06-11T21:37:50.845025+08:00","level":"INFO","service":"base-api","caller":"app/base/api/internal/task/scan.go:402","msg":"pos业务 - market buy token - solana 处理扫描到的交易 - 交易Id[6tkHJXBWHe8Yxh99frFTtYF3cbXnCXLYVxQbvBgAyxMpDYgkwueVqVMDapRGjuAN8VpYiEkar8A86mNjPa6Qbn2]"}
{"time":"2026-06-11T21:37:50.844799+08:00","level":"INFO","service":"base-api","caller":"app/base/api/internal/task/scan.go:402","msg":"pos业务 - market buy token - solana 处理扫描到的交易 - 交易Id[5Y3R9KH2EhHyvKvV1A2PtAF7vYVmu3nzqA714pMJaqcx7a6xf6D2CX777Ud7nfsQFhzu79DjGpxssfroW5xYWKU4]"}
{"time":"2026-06-11T21:37:50.845312+08:00","level":"INFO","service":"base-api","caller":"app/base/api/internal/task/scan.go:402","msg":"pos业务 - market buy token - solana 处理扫描到的交易 - 交易Id[3oXVet8issW6NST5doWJCZ8Dsh1Wnz1uYjCJ8dWyHmBXgqYfKSWFmd7Dm5TcUieCDP1GtnqYRaqivuuSAc86frhq]"}
{"time":"2026-06-11T21:37:50.844628+08:00","level":"INFO","service":"base-api","caller":"app/base/api/internal/task/scan.go:402","msg":"pos业务 - market buy token - solana 处理扫描到的交易 - 交易Id[nwuWK9twiTjbMre3rnopf31EcXzQSDsWnTwNfWsA5iPveL8fnZNpResbmi1uvUPCj1xTcyrzuTssuT1Gzm4hJJL]"}
{"time":"2026-06-11T21:37:50.844883+08:00","level":"INFO","service":"base-api","caller":"app/base/api/internal/task/scan.go:402","msg":"pos业务 - market buy token - solana 处理扫描到的交易 - 交易Id[2DenXTwETtmrUune5c9LuTsX7H5rk1WRZay8Hopa6dHW3KgFANVuNieX9VMtLswvmkxeJyfLe9ZHpxtTEx1svsQg]"}
{"time":"2026-06-11T21:37:50.844728+08:00","level":"INFO","service":"base-api","caller":"app/base/api/internal/task/scan.go:402","msg":"pos业务 - market buy token - solana 处理扫描到的交易 - 交易Id[5aJiMwofPxaGvetne6zJK91FwE7KcFAk4J3kTQ84E3ayqG4pfq4s5hYcQ4R2tVB7zgk78XWmphauWZLAyUVnBSNc]"}
{"time":"2026-06-11T21:37:50.845279+08:00","level":"INFO","service":"base-api","caller":"app/base/api/internal/task/scan.go:402","msg":"pos业务 - market buy token - solana 处理扫描到的交易 - 交易Id[2pqjQen4dsvPVSPffvKBT97Aanbg7P4uSGT4DvSgkGTBNCGuqTYpH9h9DHD7kf7ySsmp219Pq7PLPesdbuHDBRV3]"}
{"time":"2026-06-11T21:37:50.84519+08:00","level":"INFO","service":"base-api","caller":"app/base/api/internal/task/scan.go:402","msg":"pos业务 - market buy token - solana 处理扫描到的交易 - 交易Id[5z4mFwvqhmwFnLoax7tB77w3hy1cXUjT9oNDkDWLZVgfEc8AXKz6DCV3VPqfzuYJa6N7JhUjVVgkvPgWimDFgsm9]"}
{"time":"2026-06-11T21:37:50.844816+08:00","level":"INFO","service":"base-api","caller":"app/base/api/internal/task/scan.go:402","msg":"pos业务 - market buy token - solana 处理扫描到的交易 - 交易Id[4BvjmBzyxkPorfFWwxeZA8CmDikQzXoZhYpUXU2kKGKprCCaJ7xzySFAAAi4HwQeyebsbz3hM2B92BjMFCqE9kPh]"}
{"time":"2026-06-11T21:37:50.84475+08:00","level":"INFO","service":"base-api","caller":"app/base/api/internal/task/scan.go:402","msg":"pos业务 - market buy token - solana 处理扫描到的交易 - 交易Id[5Krj58SgANYVzzKTJF44uupRPJF3yhEXrBJGZidiuD4vBvVgRYrE1Dv4anQvN7QxGVMC1V2u2yEjZTvwAvorZCJR]"}
{"time":"2026-06-11T21:37:50.845168+08:00","level":"INFO","service":"base-api","caller":"app/base/api/internal/task/scan.go:402","msg":"pos业务 - market buy token - solana 处理扫描到的交易 - 交易Id[58NUMHM1id1iJcgnngqbhQqoAGWkgjHUfBR2MC3EKfFVhJFbvxyKy3XtrRicoPxG2H9RftAMHysYeBhtJZyEnShV]"}
{"time":"2026-06-11T21:37:50.845041+08:00","level":"INFO","service":"base-api","caller":"app/base/api/internal/task/scan.go:402","msg":"pos业务 - market buy token - solana 处理扫描到的交易 - 交易Id[3ET9aDDxVfRAGro9iFVcFm7FndLYB4vvS5RoDLpTzwUaAMo4vQxEFvQxhW5S3iSYxHJTHruJcnudMJvbNRiMkPbj]"}
{"time":"2026-06-11T21:37:50.844993+08:00","level":"INFO","service":"base-api","caller":"app/base/api/internal/task/scan.go:402","msg":"pos业务 - market buy token - solana 处理扫描到的交易 - 交易Id[26VMQhPE1aP7W2MCWUX7nBfcP5SB9LjUV52tLNF4NTto1AEQPFVGnd53se4MYKuLH6dqgcuBb6JP4r5jdku8tMCD]"}
{"time":"2026-06-11T21:37:50.844835+08:00","level":"INFO","service":"base-api","caller":"app/base/api/internal/task/scan.go:402","msg":"pos业务 - market buy token - solana 处理扫描到的交易 - 交易Id[44yKgtytKVLK6UxBgwFrEZbspEivzAqbixyEJFokEhovH21KCXWin6cjPoxmPVDGqbKWrXcMjNGissoBYbXBG4T1]"}
{"time":"2026-06-11T21:37:50.844495+08:00","level":"INFO","service":"base-api","caller":"app/base/api/internal/task/scan.go:402","msg":"pos业务 - market buy token - solana 处理扫描到的交易 - 交易Id[4eeAwkMTz9qntj7QmKWWxMu1sSkox9i1zXmGEBAtf8UZ6CNCN9cGF3dyqvL9KP8LDkPoVrSuuVidCo5VAi4y6t9d]"}
{"time":"2026-06-11T21:37:50.845133+08:00","level":"INFO","service":"base-api","caller":"app/base/api/internal/task/scan.go:402","msg":"pos业务 - market buy token - solana 处理扫描到的交易 - 交易Id[4GxyTfrXpwHCYwLoCgxMbU25FwAPffgExL3KsA3CbmGMY11SKF19Nkxwjjf5NwNjqmWZRUvopacPqko3E42RoGiP]"}
{"time":"2026-06-11T21:37:50.844732+08:00","level":"INFO","service":"base-api","caller":"app/base/api/internal/task/scan.go:402","msg":"pos业务 - market buy token - solana 处理扫描到的交易 - 交易Id[3xXRJFkp3ZBiM3z498eaxpjbJZvJhJB9EpgzcyoMA9HsXUpZdNhXyCaKCjEUcyKaxxnJppCNxYJNffwDcb6MDfwu]"}
{"time":"2026-06-11T21:37:50.845058+08:00","level":"INFO","service":"base-api","caller":"app/base/api/internal/task/scan.go:402","msg":"pos业务 - market buy token - solana 处理扫描到的交易 - 交易Id[3KMqXNJQGXHX8dVGcM2PszKUUbbLC4Wixw3dJb3W4FeacrfjCP27q7kbTjiDazh9Bqw784P4LtwBH44TFp1USniE]"}
{"time":"2026-06-11T21:37:50.84499+08:00","level":"INFO","service":"base-api","caller":"app/base/api/internal/task/scan.go:402","msg":"pos业务 - market buy token - solana 处理扫描到的交易 - 交易Id[43Do71dBb8XsyAeWA9Hw1s1rgsbJJv3KNMDMiBUTz2JC7ktXEFKJS3b7yBxapTh1td15iRtEYWEcUYw2J4ZndAPT]"}
{"time":"2026-06-11T21:37:50.84464+08:00","level":"INFO","service":"base-api","caller":"app/base/api/internal/task/scan.go:402","msg":"pos业务 - market buy token - solana 处理扫描到的交易 - 交易Id[DhpujYqfo2GoNhPnT3auydPBtntWrgJ5RWWGEW9nW78xFdw3u8sk3jzzehPv45Pyi4h6hWNgVCcoNTVK8EZ93Gu]"}
{"time":"2026-06-11T21:37:50.844928+08:00","level":"INFO","service":"base-api","caller":"app/base/api/internal/task/scan.go:402","msg":"pos业务 - market buy token - solana 处理扫描到的交易 - 交易Id[esBsZNLq3QbHHMRWndY9HgFZkQ5iYotJL6wn4ZDNDn7y3rXTMGheBjNJuPRxkPxZ96vh9PN4YCYxvvNNpoyNeTd]"}
{"time":"2026-06-11T21:37:50.844877+08:00","level":"INFO","service":"base-api","caller":"app/base/api/internal/task/scan.go:402","msg":"pos业务 - market buy token - solana 处理扫描到的交易 - 交易Id[3HMyjLKYA1CVTG5SAQ2rQWrHXjTqHHTdiK5i2qMZe9NEaenWopqZvWw2S4r9AmYVj59B8dSZ9yLp26wA8joM9AxA]"}
{"time":"2026-06-11T21:37:50.844415+08:00","level":"INFO","service":"base-api","caller":"app/base/api/internal/task/scan.go:402","msg":"pos业务 - market buy token - solana 处理扫描到的交易 - 交易Id[5fWqwbprJrTECQW7Y7KNBrWfUudmBR8md6wG9B3oEvuya1KsDijpRJZU1jQS35xLnFeexcbX1of52ht4hzavTq9w]"}
{"time":"2026-06-11T21:37:50.84486+08:00","level":"INFO","service":"base-api","caller":"app/base/api/internal/task/scan.go:402","msg":"pos业务 - market buy token - solana 处理扫描到的交易 - 交易Id[2C7Fb1fCHhhP5Tprr8BZJbySgjoZk6Mz9LoFk663v9Ab5C6oVwWCEryjTd6bHWLKpjM2mvXg12NfWwGdbkv5wBES]"}
{"time":"2026-06-11T21:37:50.844768+08:00","level":"INFO","service":"base-api","caller":"app/base/api/internal/task/scan.go:402","msg":"pos业务 - market buy token - solana 处理扫描到的交易 - 交易Id[SomwsAQAnegqG6fDwaZUZFyc9PXyiZruFeeNRDA4gEzPjyZeWFApaxXrazMCkxMRGsEKdwhWJJKiWshrgZnNKrL]"}
{"time":"2026-06-11T21:37:50.844434+08:00","level":"INFO","service":"base-api","caller":"app/base/api/internal/task/scan.go:402","msg":"pos业务 - market buy token - solana 处理扫描到的交易 - 交易Id[4QJEgkcrNxAhD2Nc9cnjz3nrxFWmFnUYRW2cVvxeVEmnqUpPvxLXK8qCzYqFWUS6o6faCUtXz1SSLEUoyCjvS6r3]"}
{"time":"2026-06-11T21:37:50.844451+08:00","level":"INFO","service":"base-api","caller":"app/base/api/internal/task/scan.go:402","msg":"pos业务 - market buy token - solana 处理扫描到的交易 - 交易Id[3B7U6EgGHZAtYc76xwpSTgmCmGeG8JWzu6Sxv4gduGb2cBz332rVXBdo4yVfwMx9kjjWFecv2RZUTDVpa34osbMd]"}
{"time":"2026-06-11T21:37:50.844368+08:00","level":"INFO","service":"base-api","caller":"app/base/api/internal/task/scan.go:402","msg":"pos业务 - market buy token - solana 处理扫描到的交易 - 交易Id[5qVAoH8kHny4C8MYNmXn2XkSzw8weTFaaqT8WtRxFenMA14VE2iWKFPo5sJY6SQzgNsNCKTfCiiE2F44vKJKaVvv]"}
{"time":"2026-06-11T21:37:50.844385+08:00","level":"INFO","service":"base-api","caller":"app/base/api/internal/task/scan.go:402","msg":"pos业务 - market buy token - solana 处理扫描到的交易 - 交易Id[33aRny2HbWrphu49aL7LRvT418fQpz7XGyckDFz3PQnjVDrjsZjzc5VwkD1YGbfwZJD9SoLUUKqZc7DNwnBxjdRC]"}
{"time":"2026-06-11T21:37:50.844475+08:00","level":"INFO","service":"base-api","caller":"app/base/api/internal/task/scan.go:402","msg":"pos业务 - market buy token - solana 处理扫描到的交易 - 交易Id[5TEkzMkToJ4fg9ks2Dztn8bPDfsNhVP6bfq9Jv3WxR9pAPLx4nsD35WtSpcV6FQ2Yb4wXZC3EMcVq8CLb46BfjCv]"}
{"time":"2026-06-11T21:37:50.844481+08:00","level":"INFO","service":"base-api","caller":"app/base/api/internal/task/scan.go:402","msg":"pos业务 - market buy token - solana 处理扫描到的交易 - 交易Id[5UrA7oSa7Yeg55N5eAyMihpmW1dJbHTjsD1ok9Caoi2msDjg9RBSS7R3fHmwk6HrWTkAmzLjXiHBwwd1opTcWxaV]"}
{"time":"2026-06-11T21:37:50.844499+08:00","level":"INFO","service":"base-api","caller":"app/base/api/internal/task/scan.go:402","msg":"pos业务 - market buy token - solana 处理扫描到的交易 - 交易Id[36ocLrWKUwUWGP9yNMJ4btkbnfVVgKZU4kVdH1Jco5hYdWMXi64KxDLUijpGMerBG1H3QGRPPzKXiXnDQm5oVsN2]"}
{"time":"2026-06-11T21:37:50.844413+08:00","level":"INFO","service":"base-api","caller":"app/base/api/internal/task/scan.go:402","msg":"pos业务 - market buy token - solana 处理扫描到的交易 - 交易Id[31ogtiFq4aoEe8hKmKhrSxKDvJmjf4wL6Y3wVuTUJQz29xSpJJhpsC682MRhphUcWq1ngVNjftkJb5qGj7K79P3X]"}
{"time":"2026-06-11T21:37:50.844501+08:00","level":"INFO","service":"base-api","caller":"app/base/api/internal/task/scan.go:402","msg":"pos业务 - market buy token - solana 处理扫描到的交易 - 交易Id[2guPbHvTey8SStNPNoZKrkyRUspvmcASAccjcoKk6i9LQb6ngC2n8aMVJDKRvWfmmtxSwDaHDdzFhGpCNQaaNAj1]"}
{"time":"2026-06-11T21:37:50.844485+08:00","level":"INFO","service":"base-api","caller":"app/base/api/internal/task/scan.go:402","msg":"pos业务 - market buy token - solana 处理扫描到的交易 - 交易Id[nUXMyJV6JUH1Ac6gbRSNPfEUaGmTqxhWBWqEk2vobF8TnmK3U9rhm8gnNJ32nQqUh5KAkwXfMvCKsjEbUpG3ktH]"}
{"time":"2026-06-11T21:37:50.844519+08:00","level":"INFO","service":"base-api","caller":"app/base/api/internal/task/scan.go:402","msg":"pos业务 - market buy token - solana 处理扫描到的交易 - 交易Id[3MXneXET4A3rGrSLdsc9RrZDGHFWwm2mAp4ktfeVkSQEEhwTkysR5tdJHDFBZZMuWtF4xQFTdt4Muo25AV8HhdHr]"}
{"time":"2026-06-11T21:37:50.844523+08:00","level":"INFO","service":"base-api","caller":"app/base/api/internal/task/scan.go:402","msg":"pos业务 - market buy token - solana 处理扫描到的交易 - 交易Id[5XoLsGDHnZdF4xHtDUy5k2wF5vE7fHfiP4LcTToeQ8JdiMUXfUB5uYHDkmvjQQVA5JrntSNz3guqFKVc1ViGDQ6x]"}
{"time":"2026-06-11T21:37:50.844523+08:00","level":"INFO","service":"base-api","caller":"app/base/api/internal/task/scan.go:402","msg":"pos业务 - market buy token - solana 处理扫描到的交易 - 交易Id[cjdDVrQnKUSS2w7oKq3p3Cd5giHkBu7krtbdcoNv36WLoBbdyH9y7bQvRMtuPneaNaBS8yD7vY7kbiBuKmvqJba]"}
{"time":"2026-06-11T21:37:50.844534+08:00","level":"INFO","service":"base-api","caller":"app/base/api/internal/task/scan.go:402","msg":"pos业务 - market buy token - solana 处理扫描到的交易 - 交易Id[5Ducvx9t5B49tzd9WYoN3VpjUiJZypYqVByLQA2uDSs64FpzNVhaXRjrQAgV7iy2KJm3u6LnfWndLfMhYa2PrHdr]"}
{"time":"2026-06-11T21:37:50.844536+08:00","level":"INFO","service":"base-api","caller":"app/base/api/internal/task/scan.go:402","msg":"pos业务 - market buy token - solana 处理扫描到的交易 - 交易Id[3Pp4aHEjexRCp7bxbp8ATuA5mMB2Z34KjqD1kupJXhxEXZKCBz4ViGFYp5yz8L6ipJ61j1pTSXM7vpiTLKiZDJYd]"}
{"time":"2026-06-11T21:37:50.844539+08:00","level":"INFO","service":"base-api","caller":"app/base/api/internal/task/scan.go:402","msg":"pos业务 - market buy token - solana 处理扫描到的交易 - 交易Id[2KrEFtFPip1SGRtjheHnkgzQXfUAtEvt7crbT8E1z7a93y4VCNHegeYXS17hbg4sUgeyGsEViAtZUny3z7sS3vLj]"}
{"time":"2026-06-11T21:37:50.844541+08:00","level":"INFO","service":"base-api","caller":"app/base/api/internal/task/scan.go:402","msg":"pos业务 - market buy token - solana 处理扫描到的交易 - 交易Id[3a5Aw1N7eYUkAF2XVxKFwMaS6JqaMeSLLk1PXiQjBMDCwtFnNqYqGXRvRyzubsa4RPACbrjLaCSC8EY9Wdn4YsFf]"}
{"time":"2026-06-11T21:37:50.84455+08:00","level":"INFO","service":"base-api","caller":"app/base/api/internal/task/scan.go:402","msg":"pos业务 - market buy token - solana 处理扫描到的交易 - 交易Id[4vDsHLAcx6BRD8EEeeHiFnXKyZcXimUDjWxE8jGcgBiKS6b8BMNebrCbaC7BRCCpwXH9VCpnwYNQDDPsvKpMrTvJ]"}
{"time":"2026-06-11T21:37:50.844553+08:00","level":"INFO","service":"base-api","caller":"app/base/api/internal/task/scan.go:402","msg":"pos业务 - market buy token - solana 处理扫描到的交易 - 交易Id[531xpaRURkum7XgPGGQqMTjq646VqZ6AsMJcL9JUevphUmLmWpP7UwoVAz2EStKJQEVEDpD9nCnsmypHV5VQ8KeQ]"}
{"time":"2026-06-11T21:37:50.844555+08:00","level":"INFO","service":"base-api","caller":"app/base/api/internal/task/scan.go:402","msg":"pos业务 - market buy token - solana 处理扫描到的交易 - 交易Id[5rvUatKhWbkR35wMjCVRfFjehqBCnrdWKpKPqScufyJXPz65WzxEWWHiuiP6bZxTe7TzSkk75QF9E258DTHCaJP]"}
{"time":"2026-06-11T21:37:50.844557+08:00","level":"INFO","service":"base-api","caller":"app/base/api/internal/task/scan.go:402","msg":"pos业务 - market buy token - solana 处理扫描到的交易 - 交易Id[4WyP2bo5MqatmSjAp7BV6Cg3dZs4tVXHbt4vXWnrvQSx1CFgKbRRGY76TMHPbRsAABGRf16rJQxS4izogr45aGNh]"}
{"time":"2026-06-11T21:37:50.844565+08:00","level":"INFO","service":"base-api","caller":"app/base/api/internal/task/scan.go:402","msg":"pos业务 - market buy token - solana 处理扫描到的交易 - 交易Id[2UPDmqpKhNcvJSTvnXESNPVTjZcYG1E2oq5kmvyRYzmF1nfZPhGUvVY57eUu2BS547o2Zr8rDyjwL7ce3BEeemhC]"}
{"time":"2026-06-11T21:37:50.844568+08:00","level":"INFO","service":"base-api","caller":"app/base/api/internal/task/scan.go:402","msg":"pos业务 - market buy token - solana 处理扫描到的交易 - 交易Id[PLFHHeAZ5fszuTCy1CxWEnxh7CvQJoc6YaoeX2QHTwb18XsZyRkyEAbWcBKarcXdWz1WbAgcBHAPJ38KTs2B51R]"}
{"time":"2026-06-11T21:37:50.844573+08:00","level":"INFO","service":"base-api","caller":"app/base/api/internal/task/scan.go:402","msg":"pos业务 - market buy token - solana 处理扫描到的交易 - 交易Id[4xBGScocz7YvcSpR5EDb4p1DgAsy65FDDHxKbFUSMdK6hXVRkyiFxkhXiihzF7yEhpsdQEEhUiZZpca2xsqZibM]"}
{"time":"2026-06-11T21:37:50.844567+08:00","level":"INFO","service":"base-api","caller":"app/base/api/internal/task/scan.go:402","msg":"pos业务 - market buy token - solana 处理扫描到的交易 - 交易Id[2WkY83hCkqJCk81uwhwAtQhYp6hQqAjBjfi1jXvhtgQaJtLmz5yqAtKR3a5yDBFckhHJeueq7Cz74k7v5DfTFZTM]"}
{"time":"2026-06-11T21:37:50.844581+08:00","level":"INFO","service":"base-api","caller":"app/base/api/internal/task/scan.go:402","msg":"pos业务 - market buy token - solana 处理扫描到的交易 - 交易Id[2W9LeQEGS5hmKwLMnPHHJtSKEcqd4EwQtQRnNAfDSeW8nLVkaRBsGfgfL9USYmj52jnARR2XHuJFc7hVxy3HSoJF]"}
{"time":"2026-06-11T21:37:50.844584+08:00","level":"INFO","service":"base-api","caller":"app/base/api/internal/task/scan.go:402","msg":"pos业务 - market buy token - solana 处理扫描到的交易 - 交易Id[33NXX5hMAiwo9F3h5Cb1ukq2Z7PPYKZri8mdq4mF1A1LVeepFeEZkJ5nPUBy2aXFZgdCuBkJ6EqnFowADULWnGG8]"}
{"time":"2026-06-11T21:37:50.844588+08:00","level":"INFO","service":"base-api","caller":"app/base/api/internal/task/scan.go:402","msg":"pos业务 - market buy token - solana 处理扫描到的交易 - 交易Id[2ftvSsVA8WMKaox7DkME3g5cT5XJL6bojaZVjd2dQV27zRNP5fb9eNVxv5refmJgV3qiZFm189YaYkMu6Lr8ARgU]"}
{"time":"2026-06-11T21:37:50.844593+08:00","level":"INFO","service":"base-api","caller":"app/base/api/internal/task/scan.go:402","msg":"pos业务 - market buy token - solana 处理扫描到的交易 - 交易Id[4Cswj2ZDunqrLbiNYqgZHK4u7hmDrT6mcDgBJh64f36PmG5KdZY3hxNw52HSgM5zxesJCENRSCi1N9B2r2ESvoHw]"}
{"time":"2026-06-11T21:37:50.84461+08:00","level":"INFO","service":"base-api","caller":"app/base/api/internal/task/scan.go:402","msg":"pos业务 - market buy token - solana 处理扫描到的交易 - 交易Id[HDykE2MHnjsXRVgkYF8RmWf4pQAxwD48d8ApaQg8cPTpBZcB9x9Y4TLrD1cDweupSapJi1A28kyDJpX69zkaCVp]"}
{"time":"2026-06-11T21:37:50.844612+08:00","level":"INFO","service":"base-api","caller":"app/base/api/internal/task/scan.go:402","msg":"pos业务 - market buy token - solana 处理扫描到的交易 - 交易Id[4hGRHq45wsprXefvwDsHVa2jyJYSEo1NQKeHG8q4yfpXA6cbVNJKPMkwhMb1XFRhY4bf21EmkM9B3UruJLV6dsi9]"}
{"time":"2026-06-11T21:37:50.844623+08:00","level":"INFO","service":"base-api","caller":"app/base/api/internal/task/scan.go:402","msg":"pos业务 - market buy token - solana 处理扫描到的交易 - 交易Id[3PFghqaAL8RBhtLknhp9EmWkgoBGWhgwnWGzn2gv3oXA2giYLZT7mpq7b8axorcWJHtyMUb5Nn3stgAPRnqC9Cdc]"}
{"time":"2026-06-11T21:37:50.844627+08:00","level":"INFO","service":"base-api","caller":"app/base/api/internal/task/scan.go:402","msg":"pos业务 - market buy token - solana 处理扫描到的交易 - 交易Id[Sm49S3dyeNBtcw8RqD9enrrUj57GGzweaxGWBi6Stp97nLT8jAS3pP67QrCZmt29HsyET4QP2oNaeYGds8NcwHa]"}
{"time":"2026-06-11T21:37:50.84457+08:00","level":"INFO","service":"base-api","caller":"app/base/api/internal/task/scan.go:402","msg":"pos业务 - market buy token - solana 处理扫描到的交易 - 交易Id[2ywkdJmQL3wwPLFnfjimiQmFtnSXh1QvxjzRtwZmYLzDJa5MqjTW9wJCNUdK2ZNEkXmN1yVjmsz2N9QsJZ9eNhKv]"}
{"time":"2026-06-11T21:37:50.844644+08:00","level":"INFO","service":"base-api","caller":"app/base/api/internal/task/scan.go:402","msg":"pos业务 - market buy token - solana 处理扫描到的交易 - 交易Id[5Voz1HpyxLEswmJvP6Xe3TT9A1z6WsH77pXodLHuEZhEPkrFRMAoCbGrZZmnS2AGQjnoVb1z4ogxmXrs96LFJEVs]"}
{"time":"2026-06-11T21:37:50.844644+08:00","level":"INFO","service":"base-api","caller":"app/base/api/internal/task/scan.go:402","msg":"pos业务 - market buy token - solana 处理扫描到的交易 - 交易Id[4hhgFPLfjfxs7ZBKqGeR7gY2e5FwGbH4aMrPiGuqMy6L3S5AHmnWqwgXsYb4H95ZuSRD3BgRdtiofdb5C4zTBrEg]"}
{"time":"2026-06-11T21:37:50.844652+08:00","level":"INFO","service":"base-api","caller":"app/base/api/internal/task/scan.go:402","msg":"pos业务 - market buy token - solana 处理扫描到的交易 - 交易Id[4nR8mRmerkuYXaLPAFjD844St66MS6TLaj4qJ2qVJFwwCqs6DmBz1iiJfUma73JjvsprK8jwQ5dw9Tq8erffjFjV]"}
{"time":"2026-06-11T21:37:50.844663+08:00","level":"INFO","service":"base-api","caller":"app/base/api/internal/task/scan.go:402","msg":"pos业务 - market buy token - solana 处理扫描到的交易 - 交易Id[5hAVXx96u4xBkQ9ga1nfiidcMFXFQpgTaV8hrYKCTJDGMNug4sUSNX6uXpxx6dqB1eAKqnCeHULNJcToAQDsKrVc]"}
{"time":"2026-06-11T21:37:50.844678+08:00","level":"INFO","service":"base-api","caller":"app/base/api/internal/task/scan.go:402","msg":"pos业务 - market buy token - solana 处理扫描到的交易 - 交易Id[2ct7VovRbpPj5j3Y4mY5jN4rwGws7ttcfUqkercK1zG9YqnaEA2pJXuBg9S2UrKWybw6uUPnb96ctzmD6eVsh6b1]"}
{"time":"2026-06-11T21:37:50.84468+08:00","level":"INFO","service":"base-api","caller":"app/base/api/internal/task/scan.go:402","msg":"pos业务 - market buy token - solana 处理扫描到的交易 - 交易Id[4TuQQW1RsLuZFf8jkuyq9pyJoS8VBrbnNr2WryKpTpnHSRZRAntkcr2ZcNXP2ATG6vMNWepPbYeE6U96c59osXfB]"}
{"time":"2026-06-11T21:37:50.844695+08:00","level":"INFO","service":"base-api","caller":"app/base/api/internal/task/scan.go:402","msg":"pos业务 - market buy token - solana 处理扫描到的交易 - 交易Id[3hKyHFbxkuHRniKnxSZKnEsjdoHVhz323zoktajS862oNrxAydCiKuumb4qfFi4oHwv9t4d6Y3yZUXjWeDLyACAh]"}
{"time":"2026-06-11T21:37:50.844715+08:00","level":"INFO","service":"base-api","caller":"app/base/api/internal/task/scan.go:402","msg":"pos业务 - market buy token - solana 处理扫描到的交易 - 交易Id[3nN7ujL52uXN46c4GwNniT288kzGKohKUp1tyuGAqyvjVZLqeYqk2jQX6r21YB9nCn4Z3JhNw4LuCAc1YHCydrRo]"}
{"time":"2026-06-11T21:37:50.844716+08:00","level":"INFO","service":"base-api","caller":"app/base/api/internal/task/scan.go:402","msg":"pos业务 - market buy token - solana 处理扫描到的交易 - 交易Id[UqhkwuLMV3Fx9tsvtULZR6q3gYu6DM9ibtbqmXmZRDcNi83zRV41ySTRn9e1Q5epq5dNRAWpxtmBTTJXMMLHtp6]"}
{"time":"2026-06-11T21:37:50.844722+08:00","level":"INFO","service":"base-api","caller":"app/base/api/internal/task/scan.go:402","msg":"pos业务 - market buy token - solana 处理扫描到的交易 - 交易Id[zj1VRaLkGNSGFTueSh7BScDNtz3KYLNM3T3ZwTDLa4BFpqccuwGMhweart2gRojyAHdFNToi7HsJybUaydFqBAz]"}
{"time":"2026-06-11T21:37:50.844736+08:00","level":"INFO","service":"base-api","caller":"app/base/api/internal/task/scan.go:402","msg":"pos业务 - market buy token - solana 处理扫描到的交易 - 交易Id[2H54QMhDycG5njWHrJro7F7R1SCFrVhNDVoYPgtRb5rY6ZvdNjbVAJxiEB1cQBVAupDNDgsuNjXgcLgQ388R9oau]"}
{"time":"2026-06-11T21:37:50.84475+08:00","level":"INFO","service":"base-api","caller":"app/base/api/internal/task/scan.go:402","msg":"pos业务 - market buy token - solana 处理扫描到的交易 - 交易Id[S8kFkZBXCHnDkLbeyYaUR7JHwoiafnr3iJ5dSJyGJLBYE6nuggn24Gp9VmxHSkyNyMq8NF13MqHnegNrshvQscd]"}
{"time":"2026-06-11T21:37:50.844752+08:00","level":"INFO","service":"base-api","caller":"app/base/api/internal/task/scan.go:402","msg":"pos业务 - market buy token - solana 处理扫描到的交易 - 交易Id[3sSiJ1wnkcXghWPyMXQuReisY36uYRgEFZE88fghnqD3ubY7mvbks6NnBUxMGCr51wHi4NuxkLqwmgbT3DNz9L7P]"}
{"time":"2026-06-11T21:37:50.844759+08:00","level":"INFO","service":"base-api","caller":"app/base/api/internal/task/scan.go:402","msg":"pos业务 - market buy token - solana 处理扫描到的交易 - 交易Id[49GmTJNeHLZMpcvWNDTtZadzjGSAoDWwVNyqoR1oCCXQgiMmx5JzNfbCg3QoTgXAohxCfbJRsuJabhanDsnHh1Ey]"}
{"time":"2026-06-11T21:37:50.844763+08:00","level":"INFO","service":"base-api","caller":"app/base/api/internal/task/scan.go:402","msg":"pos业务 - market buy token - solana 处理扫描到的交易 - 交易Id[4M2fdVr6NNYgBXfjoZzHx7zNqNk4pijGSzzs2YyksSv5yX55HLxBHeU5G4RP9pVzL9zyFWXLwSevWQd3ic8cJHFe]"}
{"time":"2026-06-11T21:37:50.844767+08:00","level":"INFO","service":"base-api","caller":"app/base/api/internal/task/scan.go:402","msg":"pos业务 - market buy token - solana 处理扫描到的交易 - 交易Id[4E9L9fo8xPJ4yZz8qTivLxXEwPN9X9c8ThG9pNs2tDuZurMSonwpB1XtSNuDkmtn23bKWk2SRGF5hVai168WjAkC]"}
{"time":"2026-06-11T21:37:50.844777+08:00","level":"INFO","service":"base-api","caller":"app/base/api/internal/task/scan.go:402","msg":"pos业务 - market buy token - solana 处理扫描到的交易 - 交易Id[3S318epQvChrTR8Tte1kDHM9tUQnnbdmEHU8hQsBgDooG7JLUSvJAHrMT3m4xh9zs69Hg9EFcJ9q2VgiW1rdSpPn]"}
{"time":"2026-06-11T21:37:50.844768+08:00","level":"INFO","service":"base-api","caller":"app/base/api/internal/task/scan.go:402","msg":"pos业务 - market buy token - solana 处理扫描到的交易 - 交易Id[q8fqcdrDZ8T9MHGRdHrvtiCGq8tsty1bAj1GKsCZs9aAbAJE88Bp6Qwe5M7VLYdxrShMrskQ2fTdSofgZ3eMFXL]"}
{"time":"2026-06-11T21:37:50.844782+08:00","level":"INFO","service":"base-api","caller":"app/base/api/internal/task/scan.go:402","msg":"pos业务 - market buy token - solana 处理扫描到的交易 - 交易Id[65kGp8R8mFTS1TdqbbwDYdAymuHxouMSrBwnDrNSoV7Q5DGJp64MsvCBFYjQ2Jk6731BCuJ1zYab9C62fQ6tW12v]"}
{"time":"2026-06-11T21:37:50.844714+08:00","level":"INFO","service":"base-api","caller":"app/base/api/internal/task/scan.go:402","msg":"pos业务 - market buy token - solana 处理扫描到的交易 - 交易Id[5FQqrLzqNsxjT2YMbLPWaBJcbuqEKUnBMez356AL1phCAbvBMaY7cF81xbDswiAavqxdW3XJn9M7Ur47torx2qzf]"}
{"time":"2026-06-11T21:37:50.844795+08:00","level":"INFO","service":"base-api","caller":"app/base/api/internal/task/scan.go:402","msg":"pos业务 - market buy token - solana 处理扫描到的交易 - 交易Id[4KTHUGugWf3Rn4ouR526vBx97ZyVVrmNPf7yPz9KY2GUznqf2kRz34QAukF1VLnapBiizke8PLmTNzcSkxjtyQnm]"}
{"time":"2026-06-11T21:37:50.844815+08:00","level":"INFO","service":"base-api","caller":"app/base/api/internal/task/scan.go:402","msg":"pos业务 - market buy token - solana 处理扫描到的交易 - 交易Id[4f259Kn5w5HAwyg61kRa83iRjytMYDbjNzc7v6gJFKnX8HtwkVC3dgBeLtBAc63xu4jd4PgzzRhT2RCB4Nvtcq4E]"}
{"time":"2026-06-11T21:37:50.844792+08:00","level":"INFO","service":"base-api","caller":"app/base/api/internal/task/scan.go:402","msg":"pos业务 - market buy token - solana 处理扫描到的交易 - 交易Id[31DgipZcahFPoptwuPsEqPfFpG8dei55RzhZ6sCxSFUNbMYjWb5ZNrJ32h8Y1LFozaLjEMRcbxXQRVYne13BQeDe]"}
{"time":"2026-06-11T21:37:50.844831+08:00","level":"INFO","service":"base-api","caller":"app/base/api/internal/task/scan.go:402","msg":"pos业务 - market buy token - solana 处理扫描到的交易 - 交易Id[5rNgzCXsJfWJGHw8GxbYwkFbMvc48uBYbfP6jye9LTN2aaeCrwMWxReH9pP1ASjtCVx1W4o4eyN3fr3arovsiWUj]"}
{"time":"2026-06-11T21:37:50.844793+08:00","level":"INFO","service":"base-api","caller":"app/base/api/internal/task/scan.go:402","msg":"pos业务 - market buy token - solana 处理扫描到的交易 - 交易Id[4v2geB9yTKjuQJ2McXpA5JB3fWAitQo9dzgLYGVKdkgkgieWxG4MYiqG97vW5o9AnV77CmYR1T6htzVyNmXBtRHw]"}
{"time":"2026-06-11T21:37:50.844845+08:00","level":"INFO","service":"base-api","caller":"app/base/api/internal/task/scan.go:402","msg":"pos业务 - market buy token - solana 处理扫描到的交易 - 交易Id[3Nb3exDF4QhmJpxAtxSFgCkG8qL9q1FWjMqHQwNZzdkmdJamZEcEzSHp2uEwcJqn56SwC4ydW1KbLWmPgPRHoj9W]"}
{"time":"2026-06-11T21:37:50.844904+08:00","level":"INFO","service":"base-api","caller":"app/base/api/internal/task/scan.go:402","msg":"pos业务 - market buy token - solana 处理扫描到的交易 - 交易Id[AiSqcYhagB4NBqDRueyDmogPEuXe2LTniERqtm1tyCEFxXQsdPJJvTgiirub1PFVyZNcVDKuBTrAdRNBaT5wHCN]"}
{"time":"2026-06-11T21:37:50.844907+08:00","level":"INFO","service":"base-api","caller":"app/base/api/internal/task/scan.go:402","msg":"pos业务 - market buy token - solana 处理扫描到的交易 - 交易Id[4BxMmrFLMUFFGffH82QCUMcUCC2RX41o9d2YWKdGAQ5j4VzwcVGpdHVirkbjVLTDLPytMDXpgyZ4zRzc5j8Tf5EM]"}
{"time":"2026-06-11T21:37:50.844919+08:00","level":"INFO","service":"base-api","caller":"app/base/api/internal/task/scan.go:402","msg":"pos业务 - market buy token - solana 处理扫描到的交易 - 交易Id[4ATS8Xe36G98j7YhcG4H66FpBasvor3xR4Uin4Wmgg8GN6pm76PpgFPARhWvbN87fxq3XMzAQHqVz7uj87dBEBsi]"}
{"time":"2026-06-11T21:37:50.844947+08:00","level":"INFO","service":"base-api","caller":"app/base/api/internal/task/scan.go:402","msg":"pos业务 - market buy token - solana 处理扫描到的交易 - 交易Id[4aL6xAu9KaDkYrc79hsXubwiTQNKUmmNeL1gniquZ58EW31cKLHweTriKoacLj1z7jCxj6tvZomNJGy3WYWydaDh]"}
{"time":"2026-06-11T21:37:50.844958+08:00","level":"INFO","service":"base-api","caller":"app/base/api/internal/task/scan.go:402","msg":"pos业务 - market buy token - solana 处理扫描到的交易 - 交易Id[3wsoJ7XYm6rGzCJ6AmtR9Ardg6LQHoEyqYwi9yfNSnqF3bbSCTrApqF3DSyQ7NmSU8Rk25obqiNtyQccoxQck3We]"}
{"time":"2026-06-11T21:37:50.844966+08:00","level":"INFO","service":"base-api","caller":"app/base/api/internal/task/scan.go:402","msg":"pos业务 - market buy token - solana 处理扫描到的交易 - 交易Id[3JnvwLBbueSWhc8v5QjdwwZoUbymzo51iFpxG3V7ARBnoCnhsRzD85rdpUmV4uQWnHzpcrJ2o2Ze3bdBDPBiHXzL]"}
{"time":"2026-06-11T21:37:50.844982+08:00","level":"INFO","service":"base-api","caller":"app/base/api/internal/task/scan.go:402","msg":"pos业务 - market buy token - solana 处理扫描到的交易 - 交易Id[2kWa7VveMXC2dqx6QTXJ7vaXABzo6xaGXDqCMoK51kkkZZVbUKTRbNcBokg4nVy9HNuvzaRUnP6ExLeGL3G7mfY6]"}
{"time":"2026-06-11T21:37:50.844992+08:00","level":"INFO","service":"base-api","caller":"app/base/api/internal/task/scan.go:402","msg":"pos业务 - market buy token - solana 处理扫描到的交易 - 交易Id[5QJHhyNtnMfVGxoJGCPhW5ac4jNdGK1AU26qAGJbZbvPeEYxjSjMK6Wvm34tZxSmJP8CqD9nzCUGWjoy4CxuML2V]"}
{"time":"2026-06-11T21:37:50.844995+08:00","level":"INFO","service":"base-api","caller":"app/base/api/internal/task/scan.go:402","msg":"pos业务 - market buy token - solana 处理扫描到的交易 - 交易Id[5mc8B1cvtj2qmQoyVjLk6Rn6sTzzmi3QTrBTQwZPx6BiHkuyuboNNsA8tRrzxPAhpZk1E2b5x35ZMhznD7hYmKF5]"}
{"time":"2026-06-11T21:37:50.844975+08:00","level":"INFO","service":"base-api","caller":"app/base/api/internal/task/scan.go:402","msg":"pos业务 - market buy token - solana 处理扫描到的交易 - 交易Id[3s5xWiPLdjBtBkzSiCmM96wKy9Uvzx6ES4XXkSKkPHHLNBpuDoU2gWYJCMAnxedqPnUF725ajGcQ3iQjNjhcifPS]"}
{"time":"2026-06-11T21:37:50.845012+08:00","level":"INFO","service":"base-api","caller":"app/base/api/internal/task/scan.go:402","msg":"pos业务 - market buy token - solana 处理扫描到的交易 - 交易Id[3EpgJdaRvaBF6zc6FnNh2NbNABGBrYnWHErx6yAiLwSJfKPbUau6dpAWmcokwfXk6mts7e7uvu74v9FVfj1XBVYh]"}
{"time":"2026-06-11T21:37:50.845026+08:00","level":"INFO","service":"base-api","caller":"app/base/api/internal/task/scan.go:402","msg":"pos业务 - market buy token - solana 处理扫描到的交易 - 交易Id[2oicWQc5uhJLJgPncBDw5C8pjiDZzJTMDwzFEyu1rNNvSej1jNGZwiR7TjUkNdsn4FCBThokgeDnrQTWhH6hequY]"}
{"time":"2026-06-11T21:37:50.84504+08:00","level":"INFO","service":"base-api","caller":"app/base/api/internal/task/scan.go:402","msg":"pos业务 - market buy token - solana 处理扫描到的交易 - 交易Id[nhQMV4GkkpHKY6R6SSfskUzXvFHEkWRLBKoSpyNFDi5sRkMFoJJtvSFJU8Q9EBJ5YcX8UT4vZsVR98HLCeWvfdA]"}
{"time":"2026-06-11T21:37:50.845053+08:00","level":"INFO","service":"base-api","caller":"app/base/api/internal/task/scan.go:402","msg":"pos业务 - market buy token - solana 处理扫描到的交易 - 交易Id[67ANt9oiywimXmKtA4quPSyzRkLy24KVrTB4RPevWNWAFaRTpyzCYv4SrzQW7tidsz1Gxwq4xmPEw5e9ZHgJS7Sf]"}
{"time":"2026-06-11T21:37:50.845064+08:00","level":"INFO","service":"base-api","caller":"app/base/api/internal/task/scan.go:402","msg":"pos业务 - market buy token - solana 处理扫描到的交易 - 交易Id[443kCnKhUEctb4Ck8FpzAemYJ7s7LUNHaoAsa4KQXstqcq2vaLVdg5ph1Qi2bar2yGUQajmTsETq7NzjhPtdMAqa]"}
{"time":"2026-06-11T21:37:50.845084+08:00","level":"INFO","service":"base-api","caller":"app/base/api/internal/task/scan.go:402","msg":"pos业务 - market buy token - solana 处理扫描到的交易 - 交易Id[4aoTiZ3ULSKJkJc4WnHqhMgX8C6B6Wxe2Ry1SfupAemkJczctDYj3h85LPL5F1DKjEAmDheoAJFcxPZ6vXfz8am9]"}
{"time":"2026-06-11T21:37:50.845093+08:00","level":"INFO","service":"base-api","caller":"app/base/api/internal/task/scan.go:402","msg":"pos业务 - market buy token - solana 处理扫描到的交易 - 交易Id[DkotkAXsDAsGtzHpggXckbLSosrpzBREKqyAzpYiCmyGM3uJMp7LseTjcSmMggPvWKA56WfbSQ3zBSdvq2QdxEr]"}
{"time":"2026-06-11T21:37:50.845101+08:00","level":"INFO","service":"base-api","caller":"app/base/api/internal/task/scan.go:402","msg":"pos业务 - market buy token - solana 处理扫描到的交易 - 交易Id[28RXL2CYPu45z9S5BgJM3ZMXQd3abwv1QJjL9YYmBPzdPncSRA9HwFbwBjMTcLqDqzBtTHAphQnDzy2Ds488GiBJ]"}
{"time":"2026-06-11T21:37:50.845082+08:00","level":"INFO","service":"base-api","caller":"app/base/api/internal/task/scan.go:402","msg":"pos业务 - market buy token - solana 处理扫描到的交易 - 交易Id[LVsM9qhvX7gyHC5zg1otc2i3kWiMRXSdbf1mc3AZ6xd4f6wkng7wRZdr35mLLwtbnUAYnS1U2ph7YZvv165UDvz]"}
{"time":"2026-06-11T21:37:50.84511+08:00","level":"INFO","service":"base-api","caller":"app/base/api/internal/task/scan.go:402","msg":"pos业务 - market buy token - solana 处理扫描到的交易 - 交易Id[2KNngkHGch9FgieDtYFd8CsUgGroCQJca8rHdFik2eikKAxEV6FRTpAPo1DrzP6HM4uyqJrvMaqNeTxqSoH7eiAJ]"}
{"time":"2026-06-11T21:37:50.845117+08:00","level":"INFO","service":"base-api","caller":"app/base/api/internal/task/scan.go:402","msg":"pos业务 - market buy token - solana 处理扫描到的交易 - 交易Id[4ZWzoVxKnFvBSYTGEkeiY2h1H2sBiNTmxa22tQkW7T5zWeZdRJBD3jNvMHddV3ybf7hTdSVvcAhLzfJrUygoihFT]"}
{"time":"2026-06-11T21:37:50.845117+08:00","level":"INFO","service":"base-api","caller":"app/base/api/internal/task/scan.go:402","msg":"pos业务 - market buy token - solana 处理扫描到的交易 - 交易Id[2crS3phSpN9WqtCh2TyAC8ytPCjtbpiFYgFAXqkUj8FbKiqGe8ZRhhFKqLd1GsKndSUuisdfnCEMsWPSH2Zj8zgu]"}
{"time":"2026-06-11T21:37:50.845125+08:00","level":"INFO","service":"base-api","caller":"app/base/api/internal/task/scan.go:402","msg":"pos业务 - market buy token - solana 处理扫描到的交易 - 交易Id[48hJ8vaMNSQVnRonoGKvFhxAsYQhRp35y4Cby3wb2MmDH9JKBTHtEoegTbQnkSut4eaW46FeHPmArFjPu2kd373J]"}
{"time":"2026-06-11T21:37:50.845131+08:00","level":"INFO","service":"base-api","caller":"app/base/api/internal/task/scan.go:402","msg":"pos业务 - market buy token - solana 处理扫描到的交易 - 交易Id[3GbzGfega4RKDzVkB5BhXKEVWWcNH8v4raPJdRfJaFnFuwr8pyBHLKKA5JeRBhHrVP3RHAqcY4DhuK611h86qMzT]"}
{"time":"2026-06-11T21:37:50.844896+08:00","level":"INFO","service":"base-api","caller":"app/base/api/internal/task/scan.go:402","msg":"pos业务 - market buy token - solana 处理扫描到的交易 - 交易Id[3x9k1y1sVVFVKHTXKDTmEymy8EDhysGMofmhP86RWxUH5HHxHt9WpUEyuLQDUfxSo84q3HDyBGRD1rVqqAUQhWct]"}
{"time":"2026-06-11T21:37:50.845141+08:00","level":"INFO","service":"base-api","caller":"app/base/api/internal/task/scan.go:402","msg":"pos业务 - market buy token - solana 处理扫描到的交易 - 交易Id[33Fgww6AdJnMCXSXGre2rafEcH81STLRy7MGNdYGGG1jDPZsfVcxLpidbTRJZnTiYpczmFykecgdPaNPz93PzB3W]"}
{"time":"2026-06-11T21:37:50.845152+08:00","level":"INFO","service":"base-api","caller":"app/base/api/internal/task/scan.go:402","msg":"pos业务 - market buy token - solana 处理扫描到的交易 - 交易Id[5ewNALuYbVLwjDggoFuNRfVV4eAitapCE3UufH4RMEewEEXxfLXhEqx8qfkTXvCEPcb2AdVPA1umkHtXGrVYCqZZ]"}
{"time":"2026-06-11T21:37:50.845148+08:00","level":"INFO","service":"base-api","caller":"app/base/api/internal/task/scan.go:402","msg":"pos业务 - market buy token - solana 处理扫描到的交易 - 交易Id[63g39LhsGZKVhjd5v5fWt5V7YPokY3ikfNCP3aQyLbzAozLf2p7YPteetBkihReDm1Eugv8feTb65SBPiyneDB4h]"}
{"time":"2026-06-11T21:37:50.845172+08:00","level":"INFO","service":"base-api","caller":"app/base/api/internal/task/scan.go:402","msg":"pos业务 - market buy token - solana 处理扫描到的交易 - 交易Id[2QNZthhR8STWEk4LQEg6T3fccmKDH19dEvp9PhaYc7iaPfzX5w4tAcZfPRa2mRBXGByz7aeRezCZMLJcPgx7veqg]"}
{"time":"2026-06-11T21:37:50.845193+08:00","level":"INFO","service":"base-api","caller":"app/base/api/internal/task/scan.go:402","msg":"pos业务 - market buy token - solana 处理扫描到的交易 - 交易Id[2X1n7Zsa64v6VGhpLLxoKr7gpfKS8auMVLAcwPrHBkBBGXQrgASKiTpXvMgX4zHKESx115bndsqWohdjt2kixA5U]"}
{"time":"2026-06-11T21:37:50.845194+08:00","level":"INFO","service":"base-api","caller":"app/base/api/internal/task/scan.go:402","msg":"pos业务 - market buy token - solana 处理扫描到的交易 - 交易Id[AQmBA56ioL1tDD2ScvZoXuD8EofnEaDCPoLmKKTD7D548psU9LM1tR279cqPrmNUoTvmBZrDdAhg2HnDWAh7Wjf]"}
{"time":"2026-06-11T21:37:50.845174+08:00","level":"INFO","service":"base-api","caller":"app/base/api/internal/task/scan.go:402","msg":"pos业务 - market buy token - solana 处理扫描到的交易 - 交易Id[2DeqV3boj4Svdw6DgVjr1eiQDEub9FsbaBx2gGgThb6Wcqhx9DbHbeACHewYQRSsPvm6m3WoUeBujbFydiYBReyV]"}
{"time":"2026-06-11T21:37:50.845155+08:00","level":"INFO","service":"base-api","caller":"app/base/api/internal/task/scan.go:402","msg":"pos业务 - market buy token - solana 处理扫描到的交易 - 交易Id[YuLnJc9JCqk1xkARPE3nukFgT3qCD32EjgEFVj7VkVDLusSHXzViDJPZDiF2bHXsjS1YxWqwvLSGKpvidikj5zk]"}
{"time":"2026-06-11T21:37:50.845236+08:00","level":"INFO","service":"base-api","caller":"app/base/api/internal/task/scan.go:402","msg":"pos业务 - market buy token - solana 处理扫描到的交易 - 交易Id[fbbM7AvMyYku14FehjDGXUJGVrP3bhdZxKfxZod81mpsqURZhQAacPVQu76Qfb6x7fzShHwExDVhome6KF61qw3]"}
{"time":"2026-06-11T21:37:50.84521+08:00","level":"INFO","service":"base-api","caller":"app/base/api/internal/task/scan.go:402","msg":"pos业务 - market buy token - solana 处理扫描到的交易 - 交易Id[25BqzBxVp7NCftSeoB4EnpBowYDt1AgvcchWAzmag4BGqjM2HGwDJmbcgQ11VtvUSZTMTKVccaoAiixHyD9CzqpE]"}
{"time":"2026-06-11T21:37:50.845214+08:00","level":"INFO","service":"base-api","caller":"app/base/api/internal/task/scan.go:402","msg":"pos业务 - market buy token - solana 处理扫描到的交易 - 交易Id[5pxye1hSPmEqXozWBnyW4HWQtNsLhAoRUnQVkGgnz3H1GiPFSh3qVDT5nXvtNC8kmz7xtHdWBy2mGsYMTENDqxHG]"}
{"time":"2026-06-11T21:37:50.845256+08:00","level":"INFO","service":"base-api","caller":"app/base/api/internal/task/scan.go:402","msg":"pos业务 - market buy token - solana 处理扫描到的交易 - 交易Id[2y2XotfFUoN7v3dMYCWPRFhVsvPohwcUayx5gYkJby2ocyBrkYBxroytK3Ar3XZCaMcpsNj6nABJ3JohT6MEknnz]"}
{"time":"2026-06-11T21:37:50.845259+08:00","level":"INFO","service":"base-api","caller":"app/base/api/internal/task/scan.go:402","msg":"pos业务 - market buy token - solana 处理扫描到的交易 - 交易Id[d6o362aAuueprWD4RQkmW9aayd9htuFxhTcb4JYgMYsFxZEnRRsh7GBhTbfjNkB1K4M9CjLFvmGBeXAmGBNyM68]"}
{"time":"2026-06-11T21:37:50.845262+08:00","level":"INFO","service":"base-api","caller":"app/base/api/internal/task/scan.go:402","msg":"pos业务 - market buy token - solana 处理扫描到的交易 - 交易Id[3xmdp7s3GsDHuGaukmQAMCR1kBGKNvuJH47S6ngEhc5MoguoAANBpuv4S19ARNeA3qfdQ9fnmqh1dTVfeAs71HVA]"}
{"time":"2026-06-11T21:37:50.845273+08:00","level":"INFO","service":"base-api","caller":"app/base/api/internal/task/scan.go:402","msg":"pos业务 - market buy token - solana 处理扫描到的交易 - 交易Id[4Mzwzy6UvoiSvK4SqEdB1dJs7fL3SW6tBMFiVmk7sUgAYW5xi4qZg8FVrkFScKTebJ7xBzYqPHJP1UiG4aP1W3pD]"}
{"time":"2026-06-11T21:37:50.845279+08:00","level":"INFO","service":"base-api","caller":"app/base/api/internal/task/scan.go:402","msg":"pos业务 - market buy token - solana 处理扫描到的交易 - 交易Id[FC9EidNb8MjX9SoAdgtkmXjb39Wj6pbT8agaxyrn3fxAkgRV5QxYGZGRMUM5YuVCjctcxKrTiiFgJ6F1r14exTk]"}
{"time":"2026-06-11T21:37:50.845291+08:00","level":"INFO","service":"base-api","caller":"app/base/api/internal/task/scan.go:402","msg":"pos业务 - market buy token - solana 处理扫描到的交易 - 交易Id[4zcz1cfJHfEFqc6JSaBDdUCdmjWDmac8fw3AtU7LkUJQx4cu6Hw2FzeDodVkmZy5PUTz9SGT1duK8KgWPsrz8KD4]"}
{"time":"2026-06-11T21:37:50.845297+08:00","level":"INFO","service":"base-api","caller":"app/base/api/internal/task/scan.go:402","msg":"pos业务 - market buy token - solana 处理扫描到的交易 - 交易Id[43LygwXCd4tj41nhAtPXHLt7BnQuS69pvFsmHwCheek2SxZHeSgtWaP7eKAN7AgohmC55EXfedbwYfgHR5JB3Yqw]"}
{"time":"2026-06-11T21:37:50.845251+08:00","level":"INFO","service":"base-api","caller":"app/base/api/internal/task/scan.go:402","msg":"pos业务 - market buy token - solana 处理扫描到的交易 - 交易Id[3cntMyhGtqo4s5G6ruebyoZHVx5BvMs9dSoLM46fjPQdamFuAXtVFcV27ETKReaR3NYSt8vXnxKxcGsA3qXUW1zh]"}
{"time":"2026-06-11T21:37:50.845309+08:00","level":"INFO","service":"base-api","caller":"app/base/api/internal/task/scan.go:402","msg":"pos业务 - market buy token - solana 处理扫描到的交易 - 交易Id[47VxjDcWRfXu27eTTKti5NNbwKsWR19zSGx1pRXtnpmd37rxCyNz7nejwjEKYxFrf8WJcDxpARr6txQyvqp51kpp]"}
{"time":"2026-06-11T21:37:50.845309+08:00","level":"INFO","service":"base-api","caller":"app/base/api/internal/task/scan.go:402","msg":"pos业务 - market buy token - solana 处理扫描到的交易 - 交易Id[utGiohiXCjrC9N94zRqJVa3Wu9ooayub5FfoN8XYMHDE4xTJNGTR4nRqyRWrXErd3gUwTPc3pQkVk12w6S4bHwf]"}
{"time":"2026-06-11T21:37:50.845325+08:00","level":"INFO","service":"base-api","caller":"app/base/api/internal/task/scan.go:402","msg":"pos业务 - market buy token - solana 处理扫描到的交易 - 交易Id[2cb493xTHRqqhf9Kj4FKq2nW2Zh835fn9cQh2uWKPSjYYspEeDwrnKfirD8TEFkVNjv2pQx2PcTaRNHEYBM6NrJn]"}
{"time":"2026-06-11T21:37:50.845326+08:00","level":"INFO","service":"base-api","caller":"app/base/api/internal/task/scan.go:402","msg":"pos业务 - market buy token - solana 处理扫描到的交易 - 交易Id[4xhsVwEHCGZxdaWhEqhsFSxMS5EhGSxDbQehnK9w5wh54nzbJ1PiqxzYMsVdUKKPSk6sqXEVJcBhS6c6hSTUL5dZ]"}
{"time":"2026-06-11T21:37:50.84533+08:00","level":"INFO","service":"base-api","caller":"app/base/api/internal/task/scan.go:402","msg":"pos业务 - market buy token - solana 处理扫描到的交易 - 交易Id[4hnR6KFM9aTPJJiDEjbzAmdSxwvsko9G9DxXMeLACexK7vP9u4RPrgZDt4XR8RzSpJwY9nRWwmvn4L2zGu5SKFSD]"}
{"time":"2026-06-11T21:37:50.84533+08:00","level":"INFO","service":"base-api","caller":"app/base/api/internal/task/scan.go:402","msg":"pos业务 - market buy token - solana 处理扫描到的交易 - 交易Id[LmuuurzVZQrhxzkanNEjQqqdGBFwbUhjDHUJNnVNMYaA42T8yRcPe3mRQ16735SQbPwnPa8B3wsEFF2PfA6vrZq]"}
{"time":"2026-06-11T21:37:50.845186+08:00","level":"INFO","service":"base-api","caller":"app/base/api/internal/task/scan.go:402","msg":"pos业务 - market buy token - solana 处理扫描到的交易 - 交易Id[2LSVdqmwP9awR5FhfNKHkARFHgvvni7hEQAaucTpX5pYV7P4k9Nw68Aq6SGcDCaa5hXSpCgxX7FBXx1h5rYLvd4j]"}
{"time":"2026-06-11T21:37:50.845347+08:00","level":"INFO","service":"base-api","caller":"app/base/api/internal/task/scan.go:402","msg":"pos业务 - market buy token - solana 处理扫描到的交易 - 交易Id[3Fvwb6NR7N6Bfv7xTdoi2Vg8Hhmov3MXcYuCCrTYz94PTseE7jE9VaZaN7zphpJzhaSJieXZBnaNBSstcpx8avFx]"}
{"time":"2026-06-11T21:37:50.845347+08:00","level":"INFO","service":"base-api","caller":"app/base/api/internal/task/scan.go:402","msg":"pos业务 - market buy token - solana 处理扫描到的交易 - 交易Id[2fBBj5FTj179bwvWN2w2xtGMVxsQRPae1b4rKXQDegjoqgWpccSJLcKUMTdLTBh58dP15Ji7DSKhoC7xzsnN8YEk]"}
{"time":"2026-06-11T21:37:50.845362+08:00","level":"INFO","service":"base-api","caller":"app/base/api/internal/task/scan.go:402","msg":"pos业务 - market buy token - solana 处理扫描到的交易 - 交易Id[32fV4xPp4dj8dCBhPCoTbSYhe3E8vbsME8sMsKWS9ggxESpik2yKmeWKuXafQzEPwvNVqtin3CtdfnErnKuavCH4]"}
{"time":"2026-06-11T21:37:50.845297+08:00","level":"INFO","service":"base-api","caller":"app/base/api/internal/task/scan.go:402","msg":"pos业务 - market buy token - solana 处理扫描到的交易 - 交易Id[KZ3VivXLsvSbv5tkeBHLkBx7JQJjxPyQUGmTxTv5Ery4vyfYNe56AdHRcYihakceM1GnT2y1XqaSkSTNtgHrjuH]"}
{"time":"2026-06-11T21:37:50.845377+08:00","level":"INFO","service":"base-api","caller":"app/base/api/internal/task/scan.go:402","msg":"pos业务 - market buy token - solana 处理扫描到的交易 - 交易Id[42iDfB2w3pdKUqJx73aigXx9UYGevTa12ZdwNRmnWKuxm5FhYjafU5SgzqHrm2AufQ8BPWj77vyHqurSpdakfJDh]"}
{"time":"2026-06-11T21:37:50.845377+08:00","level":"INFO","service":"base-api","caller":"app/base/api/internal/task/scan.go:402","msg":"pos业务 - market buy token - solana 处理扫描到的交易 - 交易Id[5UBk4qvh5cqbu2vGf1y1B7jgW4WVDaMgqwzyC9J8jXKfnZibJtA8brRPZsiJW2YDyf3akDAsFALLVqxWTYvoLS8u]"}
{"time":"2026-06-11T21:37:50.845333+08:00","level":"INFO","service":"base-api","caller":"app/base/api/internal/task/scan.go:402","msg":"pos业务 - market buy token - solana 处理扫描到的交易 - 交易Id[5yfU1hSSx86yYTQuepLVdzNYTUbua2pRkmai4yhtdtDxMghhNtfp8EDJXPiT9Hh2ThK5DsoUrueCrpTAKqPzu9VU]"}
{"time":"2026-06-11T21:37:50.845384+08:00","level":"INFO","service":"base-api","caller":"app/base/api/internal/task/scan.go:402","msg":"pos业务 - market buy token - solana 处理扫描到的交易 - 交易Id[3bXQBCZGZ1vUSFW78e9Zun7BtUqGzXR6NMJ9DqvkY7qu3SWECrqjoDoN2QHyfghcgydRSm6KeS5nYNrQDo1jeJy7]"}
{"time":"2026-06-11T21:37:50.845068+08:00","level":"INFO","service":"base-api","caller":"app/base/api/internal/task/scan.go:402","msg":"pos业务 - market buy token - solana 处理扫描到的交易 - 交易Id[7yi6NyFRwYWnr9dau3dnmPD5Hjz4UGaQHBPkPWoqZWzCCBBc9LCnGnPirJUHBPLVTUdH3MUDPdyhu17RwXoShQm]"}
{"time":"2026-06-11T21:37:50.845394+08:00","level":"INFO","service":"base-api","caller":"app/base/api/internal/task/scan.go:402","msg":"pos业务 - market buy token - solana 处理扫描到的交易 - 交易Id[XhgrBXpnDQdzuhYAdHhsw4LEMxvtQXHSh9DPMLY6TpyzgNrk1VrFPw212EhpwJcSjFDtmBvwHhdP96J6aRkpfkm]"}
{"time":"2026-06-11T21:37:50.844832+08:00","level":"INFO","service":"base-api","caller":"app/base/api/internal/task/scan.go:402","msg":"pos业务 - market buy token - solana 处理扫描到的交易 - 交易Id[3hXumR7evTxqSA32A89mC6xrcgz5MwwsbTWUzAnenxeAHRSdNQbw9uuYRY5DQ5WhFuGzRvCAztQgc7rgXmN6MH1s]"}
{"time":"2026-06-11T21:37:51.180787+08:00","level":"INFO","service":"base-api","caller":"app/base/api/internal/task/scan.go:641","msg":"pos业务 - market buy token - solana 处理扫描到的交易 - 处理交易所购买token交易，交易Id[5pomX2vvTdcd4o97CWA6iSboc8rZaJ59hrXxWzXzW2pzPt7g9Tr6N7iwqWfzMjZ1v8VskTZuzLbwAwoBjQg4erza] "}
{"time":"2026-06-11T21:37:51.196084+08:00","level":"INFO","service":"base-api","caller":"app/base/api/internal/task/scan.go:641","msg":"pos业务 - market buy token - solana 处理扫描到的交易 - 处理交易所购买token交易，交易Id[2w5nwRESFkkpVXYDbVC9EhT5R6RdqZr8AyVg7GSiidJXSYth7hVy6ayAVsr6pA6uzGuoGh9WHnkNcZ4bv1KkFE86] "}
{"time":"2026-06-11T21:37:51.525969+08:00","level":"ERROR","service":"base-api","caller":"app/base/api/internal/task/scan.go:475","msg":"gs-relay业务 - payout - solana 处理扫描到的交易 - 交易Id[5P1LPfZGhwNkHKuD8yKKPVHFMHdaZbM4Qxy4zmaHhhyvbqLjp1VMTqZKUS7iRob5ajYKXFqst5DXBbbzvjAV8KzT],查询数据库错误: record not found"}
{"time":"2026-06-11T21:37:51.526008+08:00","level":"ERROR","service":"base-api","caller":"app/base/api/internal/task/scan.go:475","msg":"gs-relay业务 - payout - solana 处理扫描到的交易 - 交易Id[5xJDwFhzR1d9h2BLncVKUUCKdwwYdY38HNKRMiXFPPYRMMkq83Y4AMZJQvCqRnDXJkQSSanb7wEzNWritHCNLvkh],查询数据库错误: record not found"}
{"time":"2026-06-11T21:37:51.527209+08:00","level":"ERROR","service":"base-api","caller":"app/base/api/internal/task/scan.go:475","msg":"gs-relay业务 - payout - solana 处理扫描到的交易 - 交易Id[239twf9yaEtfkqxXfSU6jXTAxtspBwMfYmC7McWo4ShsCVsmFjzqD4hzadbqGKHLTLv5fo9hdv8kY5ywUt7GGNyX],查询数据库错误: record not found"}
{"time":"2026-06-11T21:37:51.538528+08:00","level":"ERROR","service":"base-api","caller":"app/base/api/internal/task/scan.go:475","msg":"gs-relay业务 - payout - solana 处理扫描到的交易 - 交易Id[39mcFdPTcUoRXbfV1n9xpEoHN5cQBcbySe3GwRgouRj7FJTZk7UyG761oANtcs5HAiE22WA9YLZb6n2Q4yUBeRkc],查询数据库错误: record not found"}
{"time":"2026-06-11T21:37:51.63698+08:00","level":"INFO","service":"base-api","caller":"app/base/api/internal/task/scan.go:641","msg":"pos业务 - market buy token - solana 处理扫描到的交易 - 处理交易所购买token交易，交易Id[25mraeoiPP2AePmgbqpxkCMRqHe82qLFxANyrqADJyxfEPFQoNvEFZQvKQSmXceycrLi67m2De53pNWyDmPRGucr] "}
{"time":"2026-06-11T21:37:51.637+08:00","level":"INFO","service":"base-api","caller":"app/base/api/internal/task/scan.go:641","msg":"pos业务 - market buy token - solana 处理扫描到的交易 - 处理交易所购买token交易，交易Id[3nN7ujL52uXN46c4GwNniT288kzGKohKUp1tyuGAqyvjVZLqeYqk2jQX6r21YB9nCn4Z3JhNw4LuCAc1YHCydrRo] "}
{"time":"2026-06-11T21:37:51.637013+08:00","level":"INFO","service":"base-api","caller":"app/base/api/internal/task/scan.go:641","msg":"pos业务 - market buy token - solana 处理扫描到的交易 - 处理交易所购买token交易，交易Id[584jE3FfUJx2qp1gFjFEEXMnCiuQLrCuGtnUHAzNKPTwowHbEDC3AQULL7byU3iK6t6xTSGR1C6cy3XSQQJs3bTD] "}
{"time":"2026-06-11T21:37:51.637196+08:00","level":"INFO","service":"base-api","caller":"app/base/api/internal/task/scan.go:641","msg":"pos业务 - market buy token - solana 处理扫描到的交易 - 处理交易所购买token交易，交易Id[duR5obqHqfwnNtweK9uAZbiD1MZmnS6dxCT48sSLu5aEnfCVDnHd9NtFEYm6yNG5xKbKEtbYM7gE3dAJZbsiYVG] "}
{"time":"2026-06-11T21:37:51.637328+08:00","level":"INFO","service":"base-api","caller":"app/base/api/internal/task/scan.go:641","msg":"pos业务 - market buy token - solana 处理扫描到的交易 - 处理交易所购买token交易，交易Id[2K1VP1z8Fdry43KR8BoQSSYznyidT4mGqFakXJGkpsLwy1FBVA9GY2ST37NetRPG7TBSswSR7gcJ4EeCexBJ5dST] "}
{"time":"2026-06-11T21:37:51.637325+08:00","level":"INFO","service":"base-api","caller":"app/base/api/internal/task/scan.go:641","msg":"pos业务 - market buy token - solana 处理扫描到的交易 - 处理交易所购买token交易，交易Id[39JLvQsstPJhQ49KUu9L3behdNia4qtVtAM8yjG4J842n4iDToPuuvyGysnfgGPKfruiY1WBrM7kGg1YAAzTTjJp] "}
{"time":"2026-06-11T21:37:51.706029+08:00","level":"INFO","service":"base-api","caller":"app/base/api/internal/task/scan.go:641","msg":"pos业务 - market buy token - solana 处理扫描到的交易 - 处理交易所购买token交易，交易Id[3pzb7SCgJqzyx4g9EFtJNe2rZmvADju5LyEE11z4Lm2WqQbjfjaRyj3Z335u6kudGiXETvaGagmEm997uenrZXBX] "}
{"time":"2026-06-11T21:37:51.706425+08:00","level":"INFO","service":"base-api","caller":"app/base/api/internal/task/scan.go:641","msg":"pos业务 - market buy token - solana 处理扫描到的交易 - 处理交易所购买token交易，交易Id[3JnvwLBbueSWhc8v5QjdwwZoUbymzo51iFpxG3V7ARBnoCnhsRzD85rdpUmV4uQWnHzpcrJ2o2Ze3bdBDPBiHXzL] "}
{"time":"2026-06-11T21:37:51.713295+08:00","level":"INFO","service":"base-api","caller":"app/base/api/internal/task/scan.go:641","msg":"pos业务 - market buy token - solana 处理扫描到的交易 - 处理交易所购买token交易，交易Id[5juEa8ymfZ4KZxFGJfPLpwF1ZeKzzxqZYNvBJ5cKsPQfiKyGJbQV7XPQN5wiJJRfQdfGKTzXmqFAoXaa5Jh5PyAv] "}
{"time":"2026-06-11T21:37:51.755893+08:00","level":"ERROR","service":"base-api","caller":"app/base/api/internal/task/scan.go:475","msg":"gs-relay业务 - payout - solana 处理扫描到的交易 - 交易Id[3cfoLKxQmExhgJqiWng4o2bpRoScAHbQtqcXt2KKsFQfY7ajA4tufPy3ny6qfS7FfPEcNzTACaeNaWXHm7a57Lzd],查询数据库错误: record not found"}
{"time":"2026-06-11T21:37:51.757523+08:00","level":"ERROR","service":"base-api","caller":"app/base/api/internal/task/scan.go:475","msg":"gs-relay业务 - payout - solana 处理扫描到的交易 - 交易Id[59rVJnZw9t2maG8nLYg65PBYEzUbcTF7ccVTuHFbQs7vtjAj64Q3uRfUimHRY3tg74cVbYfyzaBTk69fWgEowAvG],查询数据库错误: record not found"}
{"time":"2026-06-11T21:37:51.758239+08:00","level":"INFO","service":"base-api","caller":"app/base/api/internal/task/scan.go:641","msg":"pos业务 - market buy token - solana 处理扫描到的交易 - 处理交易所购买token交易，交易Id[5Ducvx9t5B49tzd9WYoN3VpjUiJZypYqVByLQA2uDSs64FpzNVhaXRjrQAgV7iy2KJm3u6LnfWndLfMhYa2PrHdr] "}
{"time":"2026-06-11T21:37:51.758358+08:00","level":"INFO","service":"base-api","caller":"app/base/api/internal/task/scan.go:641","msg":"pos业务 - market buy token - solana 处理扫描到的交易 - 处理交易所购买token交易，交易Id[2pqjQen4dsvPVSPffvKBT97Aanbg7P4uSGT4DvSgkGTBNCGuqTYpH9h9DHD7kf7ySsmp219Pq7PLPesdbuHDBRV3] "}
{"time":"2026-06-11T21:37:51.758541+08:00","level":"INFO","service":"base-api","caller":"app/base/api/internal/task/scan.go:641","msg":"pos业务 - market buy token - solana 处理扫描到的交易 - 处理交易所购买token交易，交易Id[utGiohiXCjrC9N94zRqJVa3Wu9ooayub5FfoN8XYMHDE4xTJNGTR4nRqyRWrXErd3gUwTPc3pQkVk12w6S4bHwf] "}
{"time":"2026-06-11T21:37:51.760052+08:00","level":"INFO","service":"base-api","caller":"app/base/api/internal/task/scan.go:641","msg":"pos业务 - market buy token - solana 处理扫描到的交易 - 处理交易所购买token交易，交易Id[2kWa7VveMXC2dqx6QTXJ7vaXABzo6xaGXDqCMoK51kkkZZVbUKTRbNcBokg4nVy9HNuvzaRUnP6ExLeGL3G7mfY6] "}
{"time":"2026-06-11T21:37:51.769319+08:00","level":"ERROR","service":"base-api","caller":"app/base/api/internal/task/scan.go:475","msg":"gs-relay业务 - payout - solana 处理扫描到的交易 - 交易Id[63tFtesgM9j1K9xs3J5BajEpz6ywR14UhaZTEDiExGt81cxaKb4sqiihY8h21kKYsm7QvhmscgXd3HxYYK2uPXj1],查询数据库错误: record not found"}
{"time":"2026-06-11T21:37:51.769757+08:00","level":"ERROR","service":"base-api","caller":"app/base/api/internal/task/scan.go:475","msg":"gs-relay业务 - payout - solana 处理扫描到的交易 - 交易Id[3J4cgy9RhYys5RndE3cbCe69Q2SmMbkE2G6R2Umm7tXuvVwo7eyPkQWgGaxe8U22jikn2AnLsXRFRWUwmyEwTMMV],查询数据库错误: record not found"}
{"time":"2026-06-11T21:37:51.776098+08:00","level":"ERROR","service":"base-api","caller":"app/base/api/internal/task/scan.go:475","msg":"gs-relay业务 - payout - solana 处理扫描到的交易 - 交易Id[48KPc1RWF5gTkdA83SGfSxo12jsM2sCE1DLyn1FwsFrSqcS32QKTRnhHSUrnhHcWb1zaVRTZRSfi4rC2jAZ1Y9u3],查询数据库错误: record not found"}
{"time":"2026-06-11T21:37:51.776429+08:00","level":"INFO","service":"base-api","caller":"app/base/api/internal/task/scan.go:641","msg":"pos业务 - market buy token - solana 处理扫描到的交易 - 处理交易所购买token交易，交易Id[5yfU1hSSx86yYTQuepLVdzNYTUbua2pRkmai4yhtdtDxMghhNtfp8EDJXPiT9Hh2ThK5DsoUrueCrpTAKqPzu9VU] "}
{"time":"2026-06-11T21:37:51.788966+08:00","level":"INFO","service":"base-api","caller":"app/base/api/internal/task/scan.go:641","msg":"pos业务 - market buy token - solana 处理扫描到的交易 - 处理交易所购买token交易，交易Id[3bUzYmukRw5u74SeVNygY4C3ymc1aVRNXJCNq9zec7NS7bozsr4EMnB1QfrtipD1ZRJAXveP9v9Ao4RYsAUens3S] "}
{"time":"2026-06-11T21:37:51.807097+08:00","level":"INFO","service":"base-api","caller":"app/base/api/internal/task/scan.go:641","msg":"pos业务 - market buy token - solana 处理扫描到的交易 - 处理交易所购买token交易，交易Id[3KMqXNJQGXHX8dVGcM2PszKUUbbLC4Wixw3dJb3W4FeacrfjCP27q7kbTjiDazh9Bqw784P4LtwBH44TFp1USniE] "}
{"time":"2026-06-11T21:37:51.825276+08:00","level":"INFO","service":"base-api","caller":"app/base/api/internal/task/scan.go:641","msg":"pos业务 - market buy token - solana 处理扫描到的交易 - 处理交易所购买token交易，交易Id[33aRny2HbWrphu49aL7LRvT418fQpz7XGyckDFz3PQnjVDrjsZjzc5VwkD1YGbfwZJD9SoLUUKqZc7DNwnBxjdRC] "}
{"time":"2026-06-11T21:37:51.906081+08:00","level":"INFO","service":"base-api","caller":"app/base/api/internal/task/scan.go:641","msg":"pos业务 - market buy token - solana 处理扫描到的交易 - 处理交易所购买token交易，交易Id[5z4mFwvqhmwFnLoax7tB77w3hy1cXUjT9oNDkDWLZVgfEc8AXKz6DCV3VPqfzuYJa6N7JhUjVVgkvPgWimDFgsm9] "}
{"time":"2026-06-11T21:37:51.906115+08:00","level":"INFO","service":"base-api","caller":"app/base/api/internal/task/scan.go:641","msg":"pos业务 - market buy token - solana 处理扫描到的交易 - 处理交易所购买token交易，交易Id[3MXneXET4A3rGrSLdsc9RrZDGHFWwm2mAp4ktfeVkSQEEhwTkysR5tdJHDFBZZMuWtF4xQFTdt4Muo25AV8HhdHr] "}
{"time":"2026-06-11T21:37:51.906081+08:00","level":"INFO","service":"base-api","caller":"app/base/api/internal/task/scan.go:641","msg":"pos业务 - market buy token - solana 处理扫描到的交易 - 处理交易所购买token交易，交易Id[4BvjmBzyxkPorfFWwxeZA8CmDikQzXoZhYpUXU2kKGKprCCaJ7xzySFAAAi4HwQeyebsbz3hM2B92BjMFCqE9kPh] "}
{"time":"2026-06-11T21:37:51.935833+08:00","level":"INFO","service":"base-api","caller":"app/base/api/internal/task/scan.go:641","msg":"pos业务 - market buy token - solana 处理扫描到的交易 - 处理交易所购买token交易，交易Id[3s5xWiPLdjBtBkzSiCmM96wKy9Uvzx6ES4XXkSKkPHHLNBpuDoU2gWYJCMAnxedqPnUF725ajGcQ3iQjNjhcifPS] "}
{"time":"2026-06-11T21:37:51.935833+08:00","level":"INFO","service":"base-api","caller":"app/base/api/internal/task/scan.go:641","msg":"pos业务 - market buy token - solana 处理扫描到的交易 - 处理交易所购买token交易，交易Id[UqhkwuLMV3Fx9tsvtULZR6q3gYu6DM9ibtbqmXmZRDcNi83zRV41ySTRn9e1Q5epq5dNRAWpxtmBTTJXMMLHtp6] "}
{"time":"2026-06-11T21:37:51.935903+08:00","level":"INFO","service":"base-api","caller":"app/base/api/internal/task/scan.go:641","msg":"pos业务 - market buy token - solana 处理扫描到的交易 - 处理交易所购买token交易，交易Id[2RC8cWXsSKQ71ZCbEzvR6e1BuMcsxH6iRdSJRXHcHPmmEPVzoK5jikh2WzrbjSJ7aVapwjqjwZjnCVLayJDie3xw] "}
{"time":"2026-06-11T21:37:51.936078+08:00","level":"INFO","service":"base-api","caller":"app/base/api/internal/task/scan.go:641","msg":"pos业务 - market buy token - solana 处理扫描到的交易 - 处理交易所购买token交易，交易Id[nhQMV4GkkpHKY6R6SSfskUzXvFHEkWRLBKoSpyNFDi5sRkMFoJJtvSFJU8Q9EBJ5YcX8UT4vZsVR98HLCeWvfdA] "}
{"time":"2026-06-11T21:37:51.936185+08:00","level":"INFO","service":"base-api","caller":"app/base/api/internal/task/scan.go:641","msg":"pos业务 - market buy token - solana 处理扫描到的交易 - 处理交易所购买token交易，交易Id[4oeGQ1LqiRKV3iupEjgTQDeY7BMhEr8jfuS9y9ZCAhLgy9w49noousKz3r1DTP5CSdMujh7yJjXoNc7KbWypjVBE] "}
{"time":"2026-06-11T21:37:51.93622+08:00","level":"INFO","service":"base-api","caller":"app/base/api/internal/task/scan.go:641","msg":"pos业务 - market buy token - solana 处理扫描到的交易 - 处理交易所购买token交易，交易Id[2oicWQc5uhJLJgPncBDw5C8pjiDZzJTMDwzFEyu1rNNvSej1jNGZwiR7TjUkNdsn4FCBThokgeDnrQTWhH6hequY] "}
{"time":"2026-06-11T21:37:51.936264+08:00","level":"INFO","service":"base-api","caller":"app/base/api/internal/task/scan.go:641","msg":"pos业务 - market buy token - solana 处理扫描到的交易 - 处理交易所购买token交易，交易Id[S8kFkZBXCHnDkLbeyYaUR7JHwoiafnr3iJ5dSJyGJLBYE6nuggn24Gp9VmxHSkyNyMq8NF13MqHnegNrshvQscd] "}
{"time":"2026-06-11T21:37:51.936282+08:00","level":"INFO","service":"base-api","caller":"app/base/api/internal/task/scan.go:641","msg":"pos业务 - market buy token - solana 处理扫描到的交易 - 处理交易所购买token交易，交易Id[26VMQhPE1aP7W2MCWUX7nBfcP5SB9LjUV52tLNF4NTto1AEQPFVGnd53se4MYKuLH6dqgcuBb6JP4r5jdku8tMCD] "}
{"time":"2026-06-11T21:37:51.936382+08:00","level":"INFO","service":"base-api","caller":"app/base/api/internal/task/scan.go:641","msg":"pos业务 - market buy token - solana 处理扫描到的交易 - 处理交易所购买token交易，交易Id[YuLnJc9JCqk1xkARPE3nukFgT3qCD32EjgEFVj7VkVDLusSHXzViDJPZDiF2bHXsjS1YxWqwvLSGKpvidikj5zk] "}
{"time":"2026-06-11T21:37:51.936396+08:00","level":"INFO","service":"base-api","caller":"app/base/api/internal/task/scan.go:641","msg":"pos业务 - market buy token - solana 处理扫描到的交易 - 处理交易所购买token交易，交易Id[3s34yirDfa6AmtoyUrnBHVBaHUVPQqCYomnkNqaS3qYm5jXj6smLVdhVyE6zGhsfvwDYMfNsr3MYhPmMVHfQVW2n] "}
{"time":"2026-06-11T21:37:51.936392+08:00","level":"INFO","service":"base-api","caller":"app/base/api/internal/task/scan.go:641","msg":"pos业务 - market buy token - solana 处理扫描到的交易 - 处理交易所购买token交易，交易Id[58ZdE9nJhPhrufvoVinerQgp5YeTs37w1YKeTw71tff1iQTaZjvmKCB8Excy8w4BgNJnStq3YbnctXpvXFmBXf7C] "}
{"time":"2026-06-11T21:37:51.936476+08:00","level":"INFO","service":"base-api","caller":"app/base/api/internal/task/scan.go:641","msg":"pos业务 - market buy token - solana 处理扫描到的交易 - 处理交易所购买token交易，交易Id[4Xo57FaKQyEFNubHDfsZXm9NmEAKLicm1HFEyBAsz4UjTGjcpBEy2iZPppwNh1gFroxhpXBnGoahAQf7Xn8QJmAF] "}
{"time":"2026-06-11T21:37:51.936507+08:00","level":"INFO","service":"base-api","caller":"app/base/api/internal/task/scan.go:641","msg":"pos业务 - market buy token - solana 处理扫描到的交易 - 处理交易所购买token交易，交易Id[4BxMmrFLMUFFGffH82QCUMcUCC2RX41o9d2YWKdGAQ5j4VzwcVGpdHVirkbjVLTDLPytMDXpgyZ4zRzc5j8Tf5EM] "}
{"time":"2026-06-11T21:37:51.936756+08:00","level":"INFO","service":"base-api","caller":"app/base/api/internal/task/scan.go:641","msg":"pos业务 - market buy token - solana 处理扫描到的交易 - 处理交易所购买token交易，交易Id[2izqsuvF4Ggv2gW9qFBK8hKmnNQYNz3p4gHBPkYqYkqXWgoVfVxV9tgwqEG96p1DkBrDrVaF9qRhPwXakXdagnv9] "}
{"time":"2026-06-11T21:37:51.950391+08:00","level":"INFO","service":"base-api","caller":"app/base/api/internal/task/scan.go:641","msg":"pos业务 - market buy token - solana 处理扫描到的交易 - 处理交易所购买token交易，交易Id[48hJ8vaMNSQVnRonoGKvFhxAsYQhRp35y4Cby3wb2MmDH9JKBTHtEoegTbQnkSut4eaW46FeHPmArFjPu2kd373J] "}
{"time":"2026-06-11T21:37:51.950578+08:00","level":"INFO","service":"base-api","caller":"app/base/api/internal/task/scan.go:641","msg":"pos业务 - market buy token - solana 处理扫描到的交易 - 处理交易所购买token交易，交易Id[4EYp6rskos1KP9VHBRqrcD6MH98hT6ebo4zDxwHKourebUDibwvvvfQa9NcDxMJcvWGT5RdKAbi3fMBpVEZrTFfD] "}
{"time":"2026-06-11T21:37:51.950621+08:00","level":"INFO","service":"base-api","caller":"app/base/api/internal/task/scan.go:644","msg":"pos业务 - market buy token - solana 处理扫描到的交易 - 交易Id[4EYp6rskos1KP9VHBRqrcD6MH98hT6ebo4zDxwHKourebUDibwvvvfQa9NcDxMJcvWGT5RdKAbi3fMBpVEZrTFfD] 交易失败，跳过"}
{"time":"2026-06-11T21:37:51.950592+08:00","level":"INFO","service":"base-api","caller":"app/base/api/internal/task/scan.go:641","msg":"pos业务 - market buy token - solana 处理扫描到的交易 - 处理交易所购买token交易，交易Id[4ATeoNmmeEfgBALFJeqheuuP3WM2CnBbEqCsQPQwyunqoFW9cbf3je7aW8y27iEct91nBr9LJJT1S6TJxGe6iUmn] "}
{"time":"2026-06-11T21:37:52.064756+08:00","level":"INFO","service":"base-api","caller":"app/base/api/internal/task/scan.go:641","msg":"pos业务 - market buy token - solana 处理扫描到的交易 - 处理交易所购买token交易，交易Id[43Do71dBb8XsyAeWA9Hw1s1rgsbJJv3KNMDMiBUTz2JC7ktXEFKJS3b7yBxapTh1td15iRtEYWEcUYw2J4ZndAPT] "}
{"time":"2026-06-11T21:37:52.064755+08:00","level":"INFO","service":"base-api","caller":"app/base/api/internal/task/scan.go:641","msg":"pos业务 - market buy token - solana 处理扫描到的交易 - 处理交易所购买token交易，交易Id[2DeqV3boj4Svdw6DgVjr1eiQDEub9FsbaBx2gGgThb6Wcqhx9DbHbeACHewYQRSsPvm6m3WoUeBujbFydiYBReyV] "}
{"time":"2026-06-11T21:37:52.102762+08:00","level":"INFO","service":"base-api","caller":"app/base/api/internal/task/scan.go:641","msg":"pos业务 - market buy token - solana 处理扫描到的交易 - 处理交易所购买token交易，交易Id[5pxye1hSPmEqXozWBnyW4HWQtNsLhAoRUnQVkGgnz3H1GiPFSh3qVDT5nXvtNC8kmz7xtHdWBy2mGsYMTENDqxHG] "}
{"time":"2026-06-11T21:37:52.160311+08:00","level":"INFO","service":"base-api","caller":"app/base/api/internal/task/scan.go:641","msg":"pos业务 - market buy token - solana 处理扫描到的交易 - 处理交易所购买token交易，交易Id[3xXRJFkp3ZBiM3z498eaxpjbJZvJhJB9EpgzcyoMA9HsXUpZdNhXyCaKCjEUcyKaxxnJppCNxYJNffwDcb6MDfwu] "}
{"time":"2026-06-11T21:37:52.17392+08:00","level":"INFO","service":"base-api","caller":"app/base/api/internal/task/scan.go:641","msg":"pos业务 - market buy token - solana 处理扫描到的交易 - 处理交易所购买token交易，交易Id[5ewNALuYbVLwjDggoFuNRfVV4eAitapCE3UufH4RMEewEEXxfLXhEqx8qfkTXvCEPcb2AdVPA1umkHtXGrVYCqZZ] "}
{"time":"2026-06-11T21:37:52.17392+08:00","level":"INFO","service":"base-api","caller":"app/base/api/internal/task/scan.go:641","msg":"pos业务 - market buy token - solana 处理扫描到的交易 - 处理交易所购买token交易，交易Id[5aJiMwofPxaGvetne6zJK91FwE7KcFAk4J3kTQ84E3ayqG4pfq4s5hYcQ4R2tVB7zgk78XWmphauWZLAyUVnBSNc] "}
{"time":"2026-06-11T21:37:52.174457+08:00","level":"INFO","service":"base-api","caller":"app/base/api/internal/task/scan.go:641","msg":"pos业务 - market buy token - solana 处理扫描到的交易 - 处理交易所购买token交易，交易Id[25HLFsxFkuNr2ppr3e6htk13djjkWwc62Dotnnzr3mzB23UhXWiJsxCHCcENp9M7vYoziaNkBWP9yCGa8upFsLN7] "}
{"time":"2026-06-11T21:37:52.200817+08:00","level":"INFO","service":"base-api","caller":"app/base/api/internal/task/scan.go:641","msg":"pos业务 - market buy token - solana 处理扫描到的交易 - 处理交易所购买token交易，交易Id[4ZWzoVxKnFvBSYTGEkeiY2h1H2sBiNTmxa22tQkW7T5zWeZdRJBD3jNvMHddV3ybf7hTdSVvcAhLzfJrUygoihFT] "}
{"time":"2026-06-11T21:37:52.201724+08:00","level":"INFO","service":"base-api","caller":"app/base/api/internal/task/scan.go:641","msg":"pos业务 - market buy token - solana 处理扫描到的交易 - 处理交易所购买token交易，交易Id[34zfBsTmUqa12BtvJ4h8ei5vbV9EKiSMpyata1h7vZRLVnoWjHN6kZ4AGniwC2FBDspiusbfpGf45kzaqVRsjL44] "}
{"time":"2026-06-11T21:37:52.361869+08:00","level":"INFO","service":"base-api","caller":"app/base/api/internal/task/scan.go:641","msg":"pos业务 - market buy token - solana 处理扫描到的交易 - 处理交易所购买token交易，交易Id[2guPbHvTey8SStNPNoZKrkyRUspvmcASAccjcoKk6i9LQb6ngC2n8aMVJDKRvWfmmtxSwDaHDdzFhGpCNQaaNAj1] "}
{"time":"2026-06-11T21:37:52.362053+08:00","level":"INFO","service":"base-api","caller":"app/base/api/internal/task/scan.go:641","msg":"pos业务 - market buy token - solana 处理扫描到的交易 - 处理交易所购买token交易，交易Id[3cntMyhGtqo4s5G6ruebyoZHVx5BvMs9dSoLM46fjPQdamFuAXtVFcV27ETKReaR3NYSt8vXnxKxcGsA3qXUW1zh] "}
{"time":"2026-06-11T21:37:52.362404+08:00","level":"INFO","service":"base-api","caller":"app/base/api/internal/task/scan.go:641","msg":"pos业务 - market buy token - solana 处理扫描到的交易 - 处理交易所购买token交易，交易Id[2C7Fb1fCHhhP5Tprr8BZJbySgjoZk6Mz9LoFk663v9Ab5C6oVwWCEryjTd6bHWLKpjM2mvXg12NfWwGdbkv5wBES] "}
{"time":"2026-06-11T21:37:52.3625+08:00","level":"INFO","service":"base-api","caller":"app/base/api/internal/task/scan.go:641","msg":"pos业务 - market buy token - solana 处理扫描到的交易 - 处理交易所购买token交易，交易Id[HDykE2MHnjsXRVgkYF8RmWf4pQAxwD48d8ApaQg8cPTpBZcB9x9Y4TLrD1cDweupSapJi1A28kyDJpX69zkaCVp] "}
{"time":"2026-06-11T21:37:52.362766+08:00","level":"INFO","service":"base-api","caller":"app/base/api/internal/task/scan.go:641","msg":"pos业务 - market buy token - solana 处理扫描到的交易 - 处理交易所购买token交易，交易Id[2ywkdJmQL3wwPLFnfjimiQmFtnSXh1QvxjzRtwZmYLzDJa5MqjTW9wJCNUdK2ZNEkXmN1yVjmsz2N9QsJZ9eNhKv] "}
{"time":"2026-06-11T21:37:52.362799+08:00","level":"INFO","service":"base-api","caller":"app/base/api/internal/task/scan.go:641","msg":"pos业务 - market buy token - solana 处理扫描到的交易 - 处理交易所购买token交易，交易Id[qMK7ghkpoUqNQYZ3eLqAT5jwZMS86LRdDKhM4Leo93GgFubhDYr57jBUTx1AxZzfgTK3RZdEBZnRLkr7Rhx878H] "}
{"time":"2026-06-11T21:37:52.362838+08:00","level":"INFO","service":"base-api","caller":"app/base/api/internal/task/scan.go:641","msg":"pos业务 - market buy token - solana 处理扫描到的交易 - 处理交易所购买token交易，交易Id[2YbbG8fM6csW3wqw3S8tKANA75tQoKP5Lctuofy3GshLkk95AwgFNr8CkqXR48tHHTJa8e6gL1a3rArMJhqckzjW] "}
{"time":"2026-06-11T21:37:52.362845+08:00","level":"INFO","service":"base-api","caller":"app/base/api/internal/task/scan.go:641","msg":"pos业务 - market buy token - solana 处理扫描到的交易 - 处理交易所购买token交易，交易Id[4Cswj2ZDunqrLbiNYqgZHK4u7hmDrT6mcDgBJh64f36PmG5KdZY3hxNw52HSgM5zxesJCENRSCi1N9B2r2ESvoHw] "}
{"time":"2026-06-11T21:37:52.362827+08:00","level":"INFO","service":"base-api","caller":"app/base/api/internal/task/scan.go:641","msg":"pos业务 - market buy token - solana 处理扫描到的交易 - 处理交易所购买token交易，交易Id[AQmBA56ioL1tDD2ScvZoXuD8EofnEaDCPoLmKKTD7D548psU9LM1tR279cqPrmNUoTvmBZrDdAhg2HnDWAh7Wjf] "}
{"time":"2026-06-11T21:37:52.362818+08:00","level":"INFO","service":"base-api","caller":"app/base/api/internal/task/scan.go:641","msg":"pos业务 - market buy token - solana 处理扫描到的交易 - 处理交易所购买token交易，交易Id[3257qiKYhiCsYqpZ2bRE29KovxVNSkSBSiHeGKPU4awEqLkn87m3nAWCgRa1PDr9HGtSaG54e2xEHD2h1nuaDiaV] "}
{"time":"2026-06-11T21:37:52.363017+08:00","level":"INFO","service":"base-api","caller":"app/base/api/internal/task/scan.go:641","msg":"pos业务 - market buy token - solana 处理扫描到的交易 - 处理交易所购买token交易，交易Id[47VxjDcWRfXu27eTTKti5NNbwKsWR19zSGx1pRXtnpmd37rxCyNz7nejwjEKYxFrf8WJcDxpARr6txQyvqp51kpp] "}
{"time":"2026-06-11T21:37:52.36316+08:00","level":"INFO","service":"base-api","caller":"app/base/api/internal/task/scan.go:641","msg":"pos业务 - market buy token - solana 处理扫描到的交易 - 处理交易所购买token交易，交易Id[3UoooAGFsTEMrpfXCZepoCppWkB6xyzYy71m1eJGmp4XxwJAkbjP79qgNiE8Ub87LJw2P5YFgnFRbhP9KSgDbYuz] "}
{"time":"2026-06-11T21:37:52.363418+08:00","level":"INFO","service":"base-api","caller":"app/base/api/internal/task/scan.go:641","msg":"pos业务 - market buy token - solana 处理扫描到的交易 - 处理交易所购买token交易，交易Id[7yi6NyFRwYWnr9dau3dnmPD5Hjz4UGaQHBPkPWoqZWzCCBBc9LCnGnPirJUHBPLVTUdH3MUDPdyhu17RwXoShQm] "}
{"time":"2026-06-11T21:37:52.399719+08:00","level":"INFO","service":"base-api","caller":"app/base/api/internal/task/scan.go:641","msg":"pos业务 - market buy token - solana 处理扫描到的交易 - 处理交易所购买token交易，交易Id[5ty8PU5f2nNqW69XdjLw8cBUcT3vVcfK3kw3q7xNxox1y2fkqoqjJckLptkgdYzsAtNKPf6jigGrTCXuAmxWoGgz] "}
{"time":"2026-06-11T21:37:52.405023+08:00","level":"INFO","service":"base-api","caller":"app/base/api/internal/task/scan.go:641","msg":"pos业务 - market buy token - solana 处理扫描到的交易 - 处理交易所购买token交易，交易Id[3a5Aw1N7eYUkAF2XVxKFwMaS6JqaMeSLLk1PXiQjBMDCwtFnNqYqGXRvRyzubsa4RPACbrjLaCSC8EY9Wdn4YsFf] "}
{"time":"2026-06-11T21:37:52.415607+08:00","level":"INFO","service":"base-api","caller":"app/base/api/internal/task/scan.go:641","msg":"pos业务 - market buy token - solana 处理扫描到的交易 - 处理交易所购买token交易，交易Id[esBsZNLq3QbHHMRWndY9HgFZkQ5iYotJL6wn4ZDNDn7y3rXTMGheBjNJuPRxkPxZ96vh9PN4YCYxvvNNpoyNeTd] "}
{"time":"2026-06-11T21:37:52.42109+08:00","level":"INFO","service":"base-api","caller":"app/base/api/internal/task/scan.go:641","msg":"pos业务 - market buy token - solana 处理扫描到的交易 - 处理交易所购买token交易，交易Id[2crS3phSpN9WqtCh2TyAC8ytPCjtbpiFYgFAXqkUj8FbKiqGe8ZRhhFKqLd1GsKndSUuisdfnCEMsWPSH2Zj8zgu] "}
{"time":"2026-06-11T21:37:52.429578+08:00","level":"INFO","service":"base-api","caller":"app/base/api/internal/task/scan.go:641","msg":"pos业务 - market buy token - solana 处理扫描到的交易 - 处理交易所购买token交易，交易Id[53zBwCCfm7BdjaaLfo7iM1U987uAjeLCNK8RgvW1kxLpEeZvUKwnvAgjhhDLh4nAMC58KaFqutxFRPXbau2iHZ2Z] "}
{"time":"2026-06-11T21:37:52.438565+08:00","level":"INFO","service":"base-api","caller":"app/base/api/internal/task/scan.go:641","msg":"pos业务 - market buy token - solana 处理扫描到的交易 - 处理交易所购买token交易，交易Id[66iB7A4smkr2yMxBsjpMU1b5UcPwDVrwcWvugiZRE75MgeZL45qnvBWZgXncFu85vtH2zFy3ssSzz5QCgBFfWSDV] "}
{"time":"2026-06-11T21:37:52.45675+08:00","level":"INFO","service":"base-api","caller":"app/base/api/internal/task/scan.go:641","msg":"pos业务 - market buy token - solana 处理扫描到的交易 - 处理交易所购买token交易，交易Id[2Zg322ycemJUk8tCZBcGvvQYAkfYBnzHNwKkTJsiDTNYmNmMKPEmi4yf9NbVi2xMQWA7rGJ3J4zrpUVP3apM7zFE] "}
{"time":"2026-06-11T21:37:52.464812+08:00","level":"INFO","service":"base-api","caller":"app/base/api/internal/task/scan.go:641","msg":"pos业务 - market buy token - solana 处理扫描到的交易 - 处理交易所购买token交易，交易Id[LqKkzv1at7QTabhZ9pNsnFP5isAkrBS5TY1P8PLyWE4sSPsMyopLEFqUGchpPh5cCa99REw9o4MS7isT5MzCHEK] "}
{"time":"2026-06-11T21:37:52.46484+08:00","level":"INFO","service":"base-api","caller":"app/base/api/internal/task/scan.go:644","msg":"pos业务 - market buy token - solana 处理扫描到的交易 - 交易Id[LqKkzv1at7QTabhZ9pNsnFP5isAkrBS5TY1P8PLyWE4sSPsMyopLEFqUGchpPh5cCa99REw9o4MS7isT5MzCHEK] 交易失败，跳过"}
{"time":"2026-06-11T21:37:52.496357+08:00","level":"INFO","service":"base-api","caller":"app/base/api/internal/task/scan.go:641","msg":"pos业务 - market buy token - solana 处理扫描到的交易 - 处理交易所购买token交易，交易Id[4E9L9fo8xPJ4yZz8qTivLxXEwPN9X9c8ThG9pNs2tDuZurMSonwpB1XtSNuDkmtn23bKWk2SRGF5hVai168WjAkC] "}
{"time":"2026-06-11T21:37:52.496449+08:00","level":"INFO","service":"base-api","caller":"app/base/api/internal/task/scan.go:641","msg":"pos业务 - market buy token - solana 处理扫描到的交易 - 处理交易所购买token交易，交易Id[yzESgseg61BJK2zTsru7ifmucFsmoxqAStGPspzd99xNQrXjSuQKTiYkStzGEp1gPV6URchhSunBHmRf8bfpt69] "}
{"time":"2026-06-11T21:37:52.49647+08:00","level":"INFO","service":"base-api","caller":"app/base/api/internal/task/scan.go:641","msg":"pos业务 - market buy token - solana 处理扫描到的交易 - 处理交易所购买token交易，交易Id[2UA5Ans6RApNN2X9NG7dbCoZrx2moMxXqWUZrZBmdCoJMYTJK38iXMsKYA8w2ShWtQyTUL4CRzo6SS8m4Mt4e5YL] "}
{"time":"2026-06-11T21:37:52.496492+08:00","level":"INFO","service":"base-api","caller":"app/base/api/internal/task/scan.go:644","msg":"pos业务 - market buy token - solana 处理扫描到的交易 - 交易Id[yzESgseg61BJK2zTsru7ifmucFsmoxqAStGPspzd99xNQrXjSuQKTiYkStzGEp1gPV6URchhSunBHmRf8bfpt69] 交易失败，跳过"}
{"time":"2026-06-11T21:37:52.496594+08:00","level":"INFO","service":"base-api","caller":"app/base/api/internal/task/scan.go:641","msg":"pos业务 - market buy token - solana 处理扫描到的交易 - 处理交易所购买token交易，交易Id[SomwsAQAnegqG6fDwaZUZFyc9PXyiZruFeeNRDA4gEzPjyZeWFApaxXrazMCkxMRGsEKdwhWJJKiWshrgZnNKrL] "}
{"time":"2026-06-11T21:37:52.496605+08:00","level":"INFO","service":"base-api","caller":"app/base/api/internal/task/scan.go:641","msg":"pos业务 - market buy token - solana 处理扫描到的交易 - 处理交易所购买token交易，交易Id[2KNngkHGch9FgieDtYFd8CsUgGroCQJca8rHdFik2eikKAxEV6FRTpAPo1DrzP6HM4uyqJrvMaqNeTxqSoH7eiAJ] "}
{"time":"2026-06-11T21:37:52.497146+08:00","level":"INFO","service":"base-api","caller":"app/base/api/internal/task/scan.go:641","msg":"pos业务 - market buy token - solana 处理扫描到的交易 - 处理交易所购买token交易，交易Id[3wzX6AjavD2catXNmK1p491mxwR7h6QZkdah6dDZdnSDC82J4JEu6ubUG7qtgVdH25MNzdARVVyX78fknkHY3tiR] "}
{"time":"2026-06-11T21:37:52.497213+08:00","level":"INFO","service":"base-api","caller":"app/base/api/internal/task/scan.go:641","msg":"pos业务 - market buy token - solana 处理扫描到的交易 - 处理交易所购买token交易，交易Id[3wsoJ7XYm6rGzCJ6AmtR9Ardg6LQHoEyqYwi9yfNSnqF3bbSCTrApqF3DSyQ7NmSU8Rk25obqiNtyQccoxQck3We] "}
{"time":"2026-06-11T21:37:52.49715+08:00","level":"INFO","service":"base-api","caller":"app/base/api/internal/task/scan.go:641","msg":"pos业务 - market buy token - solana 处理扫描到的交易 - 处理交易所购买token交易，交易Id[4v2geB9yTKjuQJ2McXpA5JB3fWAitQo9dzgLYGVKdkgkgieWxG4MYiqG97vW5o9AnV77CmYR1T6htzVyNmXBtRHw] "}
{"time":"2026-06-11T21:37:52.501005+08:00","level":"INFO","service":"base-api","caller":"app/base/api/internal/task/scan.go:641","msg":"pos业务 - market buy token - solana 处理扫描到的交易 - 处理交易所购买token交易，交易Id[67ANt9oiywimXmKtA4quPSyzRkLy24KVrTB4RPevWNWAFaRTpyzCYv4SrzQW7tidsz1Gxwq4xmPEw5e9ZHgJS7Sf] "}
{"time":"2026-06-11T21:37:52.501057+08:00","level":"INFO","service":"base-api","caller":"app/base/api/internal/task/scan.go:641","msg":"pos业务 - market buy token - solana 处理扫描到的交易 - 处理交易所购买token交易，交易Id[3EpgJdaRvaBF6zc6FnNh2NbNABGBrYnWHErx6yAiLwSJfKPbUau6dpAWmcokwfXk6mts7e7uvu74v9FVfj1XBVYh] "}
{"time":"2026-06-11T21:37:52.501167+08:00","level":"INFO","service":"base-api","caller":"app/base/api/internal/task/scan.go:641","msg":"pos业务 - market buy token - solana 处理扫描到的交易 - 处理交易所购买token交易，交易Id[5QJHhyNtnMfVGxoJGCPhW5ac4jNdGK1AU26qAGJbZbvPeEYxjSjMK6Wvm34tZxSmJP8CqD9nzCUGWjoy4CxuML2V] "}
{"time":"2026-06-11T21:37:52.501225+08:00","level":"INFO","service":"base-api","caller":"app/base/api/internal/task/scan.go:641","msg":"pos业务 - market buy token - solana 处理扫描到的交易 - 处理交易所购买token交易，交易Id[49GmTJNeHLZMpcvWNDTtZadzjGSAoDWwVNyqoR1oCCXQgiMmx5JzNfbCg3QoTgXAohxCfbJRsuJabhanDsnHh1Ey] "}
{"time":"2026-06-11T21:37:52.501291+08:00","level":"INFO","service":"base-api","caller":"app/base/api/internal/task/scan.go:641","msg":"pos业务 - market buy token - solana 处理扫描到的交易 - 处理交易所购买token交易，交易Id[4TuQQW1RsLuZFf8jkuyq9pyJoS8VBrbnNr2WryKpTpnHSRZRAntkcr2ZcNXP2ATG6vMNWepPbYeE6U96c59osXfB] "}
{"time":"2026-06-11T21:37:52.5013+08:00","level":"INFO","service":"base-api","caller":"app/base/api/internal/task/scan.go:641","msg":"pos业务 - market buy token - solana 处理扫描到的交易 - 处理交易所购买token交易，交易Id[2QNZthhR8STWEk4LQEg6T3fccmKDH19dEvp9PhaYc7iaPfzX5w4tAcZfPRa2mRBXGByz7aeRezCZMLJcPgx7veqg] "}
{"time":"2026-06-11T21:37:52.501341+08:00","level":"INFO","service":"base-api","caller":"app/base/api/internal/task/scan.go:641","msg":"pos业务 - market buy token - solana 处理扫描到的交易 - 处理交易所购买token交易，交易Id[531xpaRURkum7XgPGGQqMTjq646VqZ6AsMJcL9JUevphUmLmWpP7UwoVAz2EStKJQEVEDpD9nCnsmypHV5VQ8KeQ] "}
{"time":"2026-06-11T21:37:52.501381+08:00","level":"INFO","service":"base-api","caller":"app/base/api/internal/task/scan.go:641","msg":"pos业务 - market buy token - solana 处理扫描到的交易 - 处理交易所购买token交易，交易Id[5Y3R9KH2EhHyvKvV1A2PtAF7vYVmu3nzqA714pMJaqcx7a6xf6D2CX777Ud7nfsQFhzu79DjGpxssfroW5xYWKU4] "}
{"time":"2026-06-11T21:37:52.501461+08:00","level":"INFO","service":"base-api","caller":"app/base/api/internal/task/scan.go:641","msg":"pos业务 - market buy token - solana 处理扫描到的交易 - 处理交易所购买token交易，交易Id[4M2fdVr6NNYgBXfjoZzHx7zNqNk4pijGSzzs2YyksSv5yX55HLxBHeU5G4RP9pVzL9zyFWXLwSevWQd3ic8cJHFe] "}
{"time":"2026-06-11T21:37:52.575388+08:00","level":"ERROR","service":"base-api","caller":"app/base/api/internal/task/scan.go:475","msg":"gs-relay业务 - payout - solana 处理扫描到的交易 - 交易Id[4JvqJuZJ26jDmiNhhZYGSX5xWuyuBQjNTtzEXodBtHWzLEJqtBZHLjS26kWbq5Trn5HAeDxyGxxwYrRxxNCzeJCr],查询数据库错误: record not found"}
{"time":"2026-06-11T21:37:52.583521+08:00","level":"INFO","service":"base-api","caller":"app/base/api/internal/task/scan.go:641","msg":"pos业务 - market buy token - solana 处理扫描到的交易 - 处理交易所购买token交易，交易Id[2H54QMhDycG5njWHrJro7F7R1SCFrVhNDVoYPgtRb5rY6ZvdNjbVAJxiEB1cQBVAupDNDgsuNjXgcLgQ388R9oau] "}
{"time":"2026-06-11T21:37:52.583796+08:00","level":"INFO","service":"base-api","caller":"app/base/api/internal/task/scan.go:641","msg":"pos业务 - market buy token - solana 处理扫描到的交易 - 处理交易所购买token交易，交易Id[3gnpxZ4NLJxoxXM6w6FfQGj5ZYLnMHCnYYhDxPdMDpFyn1BVYYSLKrYC9gVh7C4U7xFL8KsRJTs1YhcJM3mUrRBA] "}
{"time":"2026-06-11T21:37:52.583521+08:00","level":"INFO","service":"base-api","caller":"app/base/api/internal/task/scan.go:641","msg":"pos业务 - market buy token - solana 处理扫描到的交易 - 处理交易所购买token交易，交易Id[36ocLrWKUwUWGP9yNMJ4btkbnfVVgKZU4kVdH1Jco5hYdWMXi64KxDLUijpGMerBG1H3QGRPPzKXiXnDQm5oVsN2] "}
{"time":"2026-06-11T21:37:52.58398+08:00","level":"INFO","service":"base-api","caller":"app/base/api/internal/task/scan.go:641","msg":"pos业务 - market buy token - solana 处理扫描到的交易 - 处理交易所购买token交易，交易Id[2rNkwpM9LLoQCerqfxSoDiSYhEBBxaP35ttQZttehM2JciyxUatzRkpydz2GKueaVDYYWW2hFM8p1vBnDdU7dkr4] "}
{"time":"2026-06-11T21:37:52.583525+08:00","level":"INFO","service":"base-api","caller":"app/base/api/internal/task/scan.go:641","msg":"pos业务 - market buy token - solana 处理扫描到的交易 - 处理交易所购买token交易，交易Id[4aoTiZ3ULSKJkJc4WnHqhMgX8C6B6Wxe2Ry1SfupAemkJczctDYj3h85LPL5F1DKjEAmDheoAJFcxPZ6vXfz8am9] "}
{"time":"2026-06-11T21:37:52.583584+08:00","level":"INFO","service":"base-api","caller":"app/base/api/internal/task/scan.go:641","msg":"pos业务 - market buy token - solana 处理扫描到的交易 - 处理交易所购买token交易，交易Id[2UPDmqpKhNcvJSTvnXESNPVTjZcYG1E2oq5kmvyRYzmF1nfZPhGUvVY57eUu2BS547o2Zr8rDyjwL7ce3BEeemhC] "}
{"time":"2026-06-11T21:37:52.583927+08:00","level":"INFO","service":"base-api","caller":"app/base/api/internal/task/scan.go:641","msg":"pos业务 - market buy token - solana 处理扫描到的交易 - 处理交易所购买token交易，交易Id[2x4qEUnieqHvtG69JwDKxNZdyakFeqhYNmckxNZe6C32g7sKzety7Ko4XUcaRdEZJcHyMz6hkcC1EpKyZ4TektkR] "}
{"time":"2026-06-11T21:37:52.588935+08:00","level":"INFO","service":"base-api","caller":"app/base/api/internal/task/scan.go:641","msg":"pos业务 - market buy token - solana 处理扫描到的交易 - 处理交易所购买token交易，交易Id[2cyEyxhiHtQz4aH34woSpqJ7tYbcRLdbB9oHmsepzNoPJjHqAtstWC4ujef2KsoEBwf1vVZTzoo8YPVqoyd229rW] "}
{"time":"2026-06-11T21:37:52.589098+08:00","level":"INFO","service":"base-api","caller":"app/base/api/internal/task/scan.go:641","msg":"pos业务 - market buy token - solana 处理扫描到的交易 - 处理交易所购买token交易，交易Id[3HMyjLKYA1CVTG5SAQ2rQWrHXjTqHHTdiK5i2qMZe9NEaenWopqZvWw2S4r9AmYVj59B8dSZ9yLp26wA8joM9AxA] "}
{"time":"2026-06-11T21:37:52.589164+08:00","level":"INFO","service":"base-api","caller":"app/base/api/internal/task/scan.go:644","msg":"pos业务 - market buy token - solana 处理扫描到的交易 - 交易Id[3HMyjLKYA1CVTG5SAQ2rQWrHXjTqHHTdiK5i2qMZe9NEaenWopqZvWw2S4r9AmYVj59B8dSZ9yLp26wA8joM9AxA] 交易失败，跳过"}
{"time":"2026-06-11T21:37:52.589573+08:00","level":"INFO","service":"base-api","caller":"app/base/api/internal/task/scan.go:641","msg":"pos业务 - market buy token - solana 处理扫描到的交易 - 处理交易所购买token交易，交易Id[4f259Kn5w5HAwyg61kRa83iRjytMYDbjNzc7v6gJFKnX8HtwkVC3dgBeLtBAc63xu4jd4PgzzRhT2RCB4Nvtcq4E] "}
{"time":"2026-06-11T21:37:52.590196+08:00","level":"INFO","service":"base-api","caller":"app/base/api/internal/task/scan.go:641","msg":"pos业务 - market buy token - solana 处理扫描到的交易 - 处理交易所购买token交易，交易Id[4X6o2w3q7Epfy9XE9Ndhyv4CEsrnPysPh1oQm1X7jZCrdEqYukUMegzKTQJA9NxpeV9N9uagJJWJgsbMT5XYRvEq] "}
{"time":"2026-06-11T21:37:52.590197+08:00","level":"INFO","service":"base-api","caller":"app/base/api/internal/task/scan.go:641","msg":"pos业务 - market buy token - solana 处理扫描到的交易 - 处理交易所购买token交易，交易Id[5qVAoH8kHny4C8MYNmXn2XkSzw8weTFaaqT8WtRxFenMA14VE2iWKFPo5sJY6SQzgNsNCKTfCiiE2F44vKJKaVvv] "}
{"time":"2026-06-11T21:37:52.590424+08:00","level":"INFO","service":"base-api","caller":"app/base/api/internal/task/scan.go:644","msg":"pos业务 - market buy token - solana 处理扫描到的交易 - 交易Id[5qVAoH8kHny4C8MYNmXn2XkSzw8weTFaaqT8WtRxFenMA14VE2iWKFPo5sJY6SQzgNsNCKTfCiiE2F44vKJKaVvv] 交易失败，跳过"}
{"time":"2026-06-11T21:37:52.591488+08:00","level":"INFO","service":"base-api","caller":"app/base/api/internal/task/scan.go:641","msg":"pos业务 - market buy token - solana 处理扫描到的交易 - 处理交易所购买token交易，交易Id[2KTGeD85WUrUu6qLNuUG7Y127HNyXfXJt1bcA8o7pGZL8oVfuN683mPHKm51qgGcMJaPVuLeGGyvH29hLs5uUpie] "}
{"time":"2026-06-11T21:37:52.591819+08:00","level":"INFO","service":"base-api","caller":"app/base/api/internal/task/scan.go:641","msg":"pos业务 - market buy token - solana 处理扫描到的交易 - 处理交易所购买token交易，交易Id[2KQzZYcQNG9V9e8EukTDH4Vn1KCYx19uxmYKj43cdEfq4mNzMoLL9jtrsbKs7QreZVsdpRdcjiPpEabnoVmLcEqk] "}
{"time":"2026-06-11T21:37:52.592804+08:00","level":"INFO","service":"base-api","caller":"app/base/api/internal/task/scan.go:641","msg":"pos业务 - market buy token - solana 处理扫描到的交易 - 处理交易所购买token交易，交易Id[4aL6xAu9KaDkYrc79hsXubwiTQNKUmmNeL1gniquZ58EW31cKLHweTriKoacLj1z7jCxj6tvZomNJGy3WYWydaDh] "}
{"time":"2026-06-11T21:37:52.69293+08:00","level":"INFO","service":"base-api","caller":"app/base/api/internal/task/scan.go:641","msg":"pos业务 - market buy token - solana 处理扫描到的交易 - 处理交易所购买token交易，交易Id[4eeAwkMTz9qntj7QmKWWxMu1sSkox9i1zXmGEBAtf8UZ6CNCN9cGF3dyqvL9KP8LDkPoVrSuuVidCo5VAi4y6t9d] "}
{"time":"2026-06-11T21:37:52.698728+08:00","level":"INFO","service":"base-api","caller":"app/base/api/internal/task/scan.go:641","msg":"pos业务 - market buy token - solana 处理扫描到的交易 - 处理交易所购买token交易，交易Id[3Pp4aHEjexRCp7bxbp8ATuA5mMB2Z34KjqD1kupJXhxEXZKCBz4ViGFYp5yz8L6ipJ61j1pTSXM7vpiTLKiZDJYd] "}
{"time":"2026-06-11T21:37:52.700196+08:00","level":"INFO","service":"base-api","caller":"app/base/api/internal/task/scan.go:641","msg":"pos业务 - market buy token - solana 处理扫描到的交易 - 处理交易所购买token交易，交易Id[2sgWRymobZsWHzjzimVfbxoQftr7RtPAqJm1NJbGamcgvEfr3fDsDh5AfzZz2BUxBLsWPJjM1ZSh6h2UF4Dmstqg] "}
{"time":"2026-06-11T21:37:52.700243+08:00","level":"INFO","service":"base-api","caller":"app/base/api/internal/task/scan.go:641","msg":"pos业务 - market buy token - solana 处理扫描到的交易 - 处理交易所购买token交易，交易Id[KZ3VivXLsvSbv5tkeBHLkBx7JQJjxPyQUGmTxTv5Ery4vyfYNe56AdHRcYihakceM1GnT2y1XqaSkSTNtgHrjuH] "}
{"time":"2026-06-11T21:37:52.700515+08:00","level":"INFO","service":"base-api","caller":"app/base/api/internal/task/scan.go:641","msg":"pos业务 - market buy token - solana 处理扫描到的交易 - 处理交易所购买token交易，交易Id[5Voz1HpyxLEswmJvP6Xe3TT9A1z6WsH77pXodLHuEZhEPkrFRMAoCbGrZZmnS2AGQjnoVb1z4ogxmXrs96LFJEVs] "}
{"time":"2026-06-11T21:37:52.700914+08:00","level":"INFO","service":"base-api","caller":"app/base/api/internal/task/scan.go:641","msg":"pos业务 - market buy token - solana 处理扫描到的交易 - 处理交易所购买token交易，交易Id[2fBBj5FTj179bwvWN2w2xtGMVxsQRPae1b4rKXQDegjoqgWpccSJLcKUMTdLTBh58dP15Ji7DSKhoC7xzsnN8YEk] "}
{"time":"2026-06-11T21:37:52.74897+08:00","level":"INFO","service":"base-api","caller":"app/base/api/internal/task/scan.go:641","msg":"pos业务 - market buy token - solana 处理扫描到的交易 - 处理交易所购买token交易，交易Id[4nR8mRmerkuYXaLPAFjD844St66MS6TLaj4qJ2qVJFwwCqs6DmBz1iiJfUma73JjvsprK8jwQ5dw9Tq8erffjFjV] "}
{"time":"2026-06-11T21:37:52.760805+08:00","level":"INFO","service":"base-api","caller":"app/base/api/internal/task/scan.go:641","msg":"pos业务 - market buy token - solana 处理扫描到的交易 - 处理交易所购买token交易，交易Id[2UsqcXhXL2EQqtNeM5StJ2h4KLUp5zL3TNYxo81YoefmztiT6NQHUs7UBxAgXM1zzGZ3fQawoFtSZJaLV9DR2jNu] "}
{"time":"2026-06-11T21:37:52.760987+08:00","level":"INFO","service":"base-api","caller":"app/base/api/internal/task/scan.go:641","msg":"pos业务 - market buy token - solana 处理扫描到的交易 - 处理交易所购买token交易，交易Id[2WkY83hCkqJCk81uwhwAtQhYp6hQqAjBjfi1jXvhtgQaJtLmz5yqAtKR3a5yDBFckhHJeueq7Cz74k7v5DfTFZTM] "}
{"time":"2026-06-11T21:37:52.761821+08:00","level":"INFO","service":"base-api","caller":"app/base/api/internal/task/scan.go:641","msg":"pos业务 - market buy token - solana 处理扫描到的交易 - 处理交易所购买token交易，交易Id[33Fgww6AdJnMCXSXGre2rafEcH81STLRy7MGNdYGGG1jDPZsfVcxLpidbTRJZnTiYpczmFykecgdPaNPz93PzB3W] "}
{"time":"2026-06-11T21:37:52.761899+08:00","level":"INFO","service":"base-api","caller":"app/base/api/internal/task/scan.go:641","msg":"pos业务 - market buy token - solana 处理扫描到的交易 - 处理交易所购买token交易，交易Id[44yKgtytKVLK6UxBgwFrEZbspEivzAqbixyEJFokEhovH21KCXWin6cjPoxmPVDGqbKWrXcMjNGissoBYbXBG4T1] "}
{"time":"2026-06-11T21:37:52.76236+08:00","level":"INFO","service":"base-api","caller":"app/base/api/internal/task/scan.go:641","msg":"pos业务 - market buy token - solana 处理扫描到的交易 - 处理交易所购买token交易，交易Id[2DenXTwETtmrUune5c9LuTsX7H5rk1WRZay8Hopa6dHW3KgFANVuNieX9VMtLswvmkxeJyfLe9ZHpxtTEx1svsQg] "}
{"time":"2026-06-11T21:37:52.76238+08:00","level":"INFO","service":"base-api","caller":"app/base/api/internal/task/scan.go:641","msg":"pos业务 - market buy token - solana 处理扫描到的交易 - 处理交易所购买token交易，交易Id[6tkHJXBWHe8Yxh99frFTtYF3cbXnCXLYVxQbvBgAyxMpDYgkwueVqVMDapRGjuAN8VpYiEkar8A86mNjPa6Qbn2] "}
{"time":"2026-06-11T21:37:52.763551+08:00","level":"INFO","service":"base-api","caller":"app/base/api/internal/task/scan.go:641","msg":"pos业务 - market buy token - solana 处理扫描到的交易 - 处理交易所购买token交易，交易Id[4Mzwzy6UvoiSvK4SqEdB1dJs7fL3SW6tBMFiVmk7sUgAYW5xi4qZg8FVrkFScKTebJ7xBzYqPHJP1UiG4aP1W3pD] "}
{"time":"2026-06-11T21:37:52.934307+08:00","level":"INFO","service":"base-api","caller":"app/base/api/internal/task/scan.go:641","msg":"pos业务 - market buy token - solana 处理扫描到的交易 - 处理交易所购买token交易，交易Id[3sSiJ1wnkcXghWPyMXQuReisY36uYRgEFZE88fghnqD3ubY7mvbks6NnBUxMGCr51wHi4NuxkLqwmgbT3DNz9L7P] "}
{"time":"2026-06-11T21:37:53.026972+08:00","level":"INFO","service":"base-api","caller":"app/base/api/internal/task/scan.go:641","msg":"pos业务 - market buy token - solana 处理扫描到的交易 - 处理交易所购买token交易，交易Id[LmuuurzVZQrhxzkanNEjQqqdGBFwbUhjDHUJNnVNMYaA42T8yRcPe3mRQ16735SQbPwnPa8B3wsEFF2PfA6vrZq] "}
{"time":"2026-06-11T21:37:53.027022+08:00","level":"INFO","service":"base-api","caller":"app/base/api/internal/task/scan.go:641","msg":"pos业务 - market buy token - solana 处理扫描到的交易 - 处理交易所购买token交易，交易Id[4igTG4pHYYFuDWEQPeDMfVhjCRLhfiNqtLbsgUUno8w7H9fijTnW2rw9DTiWFWCeHZRwntDFTLTzqjLMjaCydEzD] "}
{"time":"2026-06-11T21:37:53.02711+08:00","level":"INFO","service":"base-api","caller":"app/base/api/internal/task/scan.go:641","msg":"pos业务 - market buy token - solana 处理扫描到的交易 - 处理交易所购买token交易，交易Id[4QRQfbggjtdoeL2nJjaYBDqVBzaRpoBi2Nid56uFBb7NJzmSju8Mym8gh4fKqkrgH38GYEn3QSUMdY3kSQfu5V1r] "}
{"time":"2026-06-11T21:37:53.02723+08:00","level":"INFO","service":"base-api","caller":"app/base/api/internal/task/scan.go:641","msg":"pos业务 - market buy token - solana 处理扫描到的交易 - 处理交易所购买token交易，交易Id[25BqzBxVp7NCftSeoB4EnpBowYDt1AgvcchWAzmag4BGqjM2HGwDJmbcgQ11VtvUSZTMTKVccaoAiixHyD9CzqpE] "}
{"time":"2026-06-11T21:37:53.027263+08:00","level":"INFO","service":"base-api","caller":"app/base/api/internal/task/scan.go:641","msg":"pos业务 - market buy token - solana 处理扫描到的交易 - 处理交易所购买token交易，交易Id[3oXVet8issW6NST5doWJCZ8Dsh1Wnz1uYjCJ8dWyHmBXgqYfKSWFmd7Dm5TcUieCDP1GtnqYRaqivuuSAc86frhq] "}
{"time":"2026-06-11T21:37:53.027276+08:00","level":"INFO","service":"base-api","caller":"app/base/api/internal/task/scan.go:641","msg":"pos业务 - market buy token - solana 处理扫描到的交易 - 处理交易所购买token交易，交易Id[nwuWK9twiTjbMre3rnopf31EcXzQSDsWnTwNfWsA5iPveL8fnZNpResbmi1uvUPCj1xTcyrzuTssuT1Gzm4hJJL] "}
{"time":"2026-06-11T21:37:53.027237+08:00","level":"INFO","service":"base-api","caller":"app/base/api/internal/task/scan.go:641","msg":"pos业务 - market buy token - solana 处理扫描到的交易 - 处理交易所购买token交易，交易Id[3ET9aDDxVfRAGro9iFVcFm7FndLYB4vvS5RoDLpTzwUaAMo4vQxEFvQxhW5S3iSYxHJTHruJcnudMJvbNRiMkPbj] "}
{"time":"2026-06-11T21:37:53.027247+08:00","level":"INFO","service":"base-api","caller":"app/base/api/internal/task/scan.go:641","msg":"pos业务 - market buy token - solana 处理扫描到的交易 - 处理交易所购买token交易，交易Id[fbbM7AvMyYku14FehjDGXUJGVrP3bhdZxKfxZod81mpsqURZhQAacPVQu76Qfb6x7fzShHwExDVhome6KF61qw3] "}
{"time":"2026-06-11T21:37:53.027337+08:00","level":"INFO","service":"base-api","caller":"app/base/api/internal/task/scan.go:641","msg":"pos业务 - market buy token - solana 处理扫描到的交易 - 处理交易所购买token交易，交易Id[3PFghqaAL8RBhtLknhp9EmWkgoBGWhgwnWGzn2gv3oXA2giYLZT7mpq7b8axorcWJHtyMUb5Nn3stgAPRnqC9Cdc] "}
{"time":"2026-06-11T21:37:53.02733+08:00","level":"INFO","service":"base-api","caller":"app/base/api/internal/task/scan.go:641","msg":"pos业务 - market buy token - solana 处理扫描到的交易 - 处理交易所购买token交易，交易Id[XhgrBXpnDQdzuhYAdHhsw4LEMxvtQXHSh9DPMLY6TpyzgNrk1VrFPw212EhpwJcSjFDtmBvwHhdP96J6aRkpfkm] "}
{"time":"2026-06-11T21:37:53.027366+08:00","level":"INFO","service":"base-api","caller":"app/base/api/internal/task/scan.go:641","msg":"pos业务 - market buy token - solana 处理扫描到的交易 - 处理交易所购买token交易，交易Id[5tY8nsACS3jUcSVsdyvRrt5kKHsvGeszBW6dcqrLnUHJXrj7DnLwaCpodUtYRT6E4hjax5LAhej7gxTVkry4X5uJ] "}
{"time":"2026-06-11T21:37:53.027396+08:00","level":"INFO","service":"base-api","caller":"app/base/api/internal/task/scan.go:641","msg":"pos业务 - market buy token - solana 处理扫描到的交易 - 处理交易所购买token交易，交易Id[2cj2XVCtTN2RPN1UXhFhkRftZhXZFuyXPRK1RsMbJPEaCQ4nqTb6JpyAUoxGNPpwYUE9HByXRrTuu1mD3N5Ceu3D] "}
{"time":"2026-06-11T21:37:53.027449+08:00","level":"INFO","service":"base-api","caller":"app/base/api/internal/task/scan.go:641","msg":"pos业务 - market buy token - solana 处理扫描到的交易 - 处理交易所购买token交易，交易Id[42iDfB2w3pdKUqJx73aigXx9UYGevTa12ZdwNRmnWKuxm5FhYjafU5SgzqHrm2AufQ8BPWj77vyHqurSpdakfJDh] "}
{"time":"2026-06-11T21:37:53.027576+08:00","level":"INFO","service":"base-api","caller":"app/base/api/internal/task/scan.go:641","msg":"pos业务 - market buy token - solana 处理扫描到的交易 - 处理交易所购买token交易，交易Id[5PXpkNxKepJ5e961p59hZCXbMaqi2VZV4w3VPjFApgA9s2Ny9kiYtTa6dvQQfdT7mbtsxPyfWUCtxzp6W4BFHWqz] "}
{"time":"2026-06-11T21:37:53.027693+08:00","level":"INFO","service":"base-api","caller":"app/base/api/internal/task/scan.go:641","msg":"pos业务 - market buy token - solana 处理扫描到的交易 - 处理交易所购买token交易，交易Id[5EEACTDPLjMxUQ8WdVHiXGh5yBjjKz94U4RUZu5zVkAkdp61mPHVYuurqjsKWdSBDtxSFbEqkU6xQm4V4JgpQsQd] "}
{"time":"2026-06-11T21:37:53.027706+08:00","level":"INFO","service":"base-api","caller":"app/base/api/internal/task/scan.go:641","msg":"pos业务 - market buy token - solana 处理扫描到的交易 - 处理交易所购买token交易，交易Id[5UBk4qvh5cqbu2vGf1y1B7jgW4WVDaMgqwzyC9J8jXKfnZibJtA8brRPZsiJW2YDyf3akDAsFALLVqxWTYvoLS8u] "}
{"time":"2026-06-11T21:37:53.027737+08:00","level":"INFO","service":"base-api","caller":"app/base/api/internal/task/scan.go:641","msg":"pos业务 - market buy token - solana 处理扫描到的交易 - 处理交易所购买token交易，交易Id[Sm49S3dyeNBtcw8RqD9enrrUj57GGzweaxGWBi6Stp97nLT8jAS3pP67QrCZmt29HsyET4QP2oNaeYGds8NcwHa] "}
{"time":"2026-06-11T21:37:53.02771+08:00","level":"INFO","service":"base-api","caller":"app/base/api/internal/task/scan.go:641","msg":"pos业务 - market buy token - solana 处理扫描到的交易 - 处理交易所购买token交易，交易Id[3HPKN3pxjEc6NDmiEVQQif9Rq37KkTvxz8iBLC1RQEeLFPMdbjDSvomJYrMCckULR9UCSagF28fA9JAbmUYRY7Mx] "}
{"time":"2026-06-11T21:37:53.027899+08:00","level":"INFO","service":"base-api","caller":"app/base/api/internal/task/scan.go:641","msg":"pos业务 - market buy token - solana 处理扫描到的交易 - 处理交易所购买token交易，交易Id[HPKQfqDSh89CChyokkXC6grVXgdy2PCp5UNDuMQbMXJQABpDLx5kENvqTC9Z28PRWuykfLBDFuM7bgfofjebpmT] "}
{"time":"2026-06-11T21:37:53.02796+08:00","level":"INFO","service":"base-api","caller":"app/base/api/internal/task/scan.go:641","msg":"pos业务 - market buy token - solana 处理扫描到的交易 - 处理交易所购买token交易，交易Id[4pDjccjT9bvCo97L3qYL5JEw86nbKjjXgSWLC1RoFPoASeXwAeZgUEC77iQqmkqraczYdkTQ2Www3V2Ner18B3gj] "}
{"time":"2026-06-11T21:37:53.027993+08:00","level":"INFO","service":"base-api","caller":"app/base/api/internal/task/scan.go:641","msg":"pos业务 - market buy token - solana 处理扫描到的交易 - 处理交易所购买token交易，交易Id[3B7U6EgGHZAtYc76xwpSTgmCmGeG8JWzu6Sxv4gduGb2cBz332rVXBdo4yVfwMx9kjjWFecv2RZUTDVpa34osbMd] "}
{"time":"2026-06-11T21:37:53.028019+08:00","level":"INFO","service":"base-api","caller":"app/base/api/internal/task/scan.go:641","msg":"pos业务 - market buy token - solana 处理扫描到的交易 - 处理交易所购买token交易，交易Id[piASQoH2ZCHo3LsCXjZ9yU9bnojnWFLRhcBxsYskgUYERsoQYVMepLsUS8jg7hQ7wm5W2wUmZCXh9kALsqQvdUT] "}
{"time":"2026-06-11T21:37:53.027995+08:00","level":"INFO","service":"base-api","caller":"app/base/api/internal/task/scan.go:641","msg":"pos业务 - market buy token - solana 处理扫描到的交易 - 处理交易所购买token交易，交易Id[3xmdp7s3GsDHuGaukmQAMCR1kBGKNvuJH47S6ngEhc5MoguoAANBpuv4S19ARNeA3qfdQ9fnmqh1dTVfeAs71HVA] "}
{"time":"2026-06-11T21:37:53.028055+08:00","level":"INFO","service":"base-api","caller":"app/base/api/internal/task/scan.go:641","msg":"pos业务 - market buy token - solana 处理扫描到的交易 - 处理交易所购买token交易，交易Id[58NUMHM1id1iJcgnngqbhQqoAGWkgjHUfBR2MC3EKfFVhJFbvxyKy3XtrRicoPxG2H9RftAMHysYeBhtJZyEnShV] "}
{"time":"2026-06-11T21:37:53.028013+08:00","level":"INFO","service":"base-api","caller":"app/base/api/internal/task/scan.go:641","msg":"pos业务 - market buy token - solana 处理扫描到的交易 - 处理交易所购买token交易，交易Id[2LSVdqmwP9awR5FhfNKHkARFHgvvni7hEQAaucTpX5pYV7P4k9Nw68Aq6SGcDCaa5hXSpCgxX7FBXx1h5rYLvd4j] "}
{"time":"2026-06-11T21:37:53.028106+08:00","level":"INFO","service":"base-api","caller":"app/base/api/internal/task/scan.go:641","msg":"pos业务 - market buy token - solana 处理扫描到的交易 - 处理交易所购买token交易，交易Id[65FFTNeKT6MEEe7koxwEU7D8exSSspahKa7nWyUd6cSBLMiu1whtiMwvUPzgBJM2TMh7HM6gnUFZiqEuSL8yCTM5] "}
{"time":"2026-06-11T21:37:53.028029+08:00","level":"INFO","service":"base-api","caller":"app/base/api/internal/task/scan.go:641","msg":"pos业务 - market buy token - solana 处理扫描到的交易 - 处理交易所购买token交易，交易Id[2cb493xTHRqqhf9Kj4FKq2nW2Zh835fn9cQh2uWKPSjYYspEeDwrnKfirD8TEFkVNjv2pQx2PcTaRNHEYBM6NrJn] "}
{"time":"2026-06-11T21:37:53.028133+08:00","level":"INFO","service":"base-api","caller":"app/base/api/internal/task/scan.go:641","msg":"pos业务 - market buy token - solana 处理扫描到的交易 - 处理交易所购买token交易，交易Id[3bXQBCZGZ1vUSFW78e9Zun7BtUqGzXR6NMJ9DqvkY7qu3SWECrqjoDoN2QHyfghcgydRSm6KeS5nYNrQDo1jeJy7] "}
{"time":"2026-06-11T21:37:53.028156+08:00","level":"INFO","service":"base-api","caller":"app/base/api/internal/task/scan.go:644","msg":"pos业务 - market buy token - solana 处理扫描到的交易 - 交易Id[3bXQBCZGZ1vUSFW78e9Zun7BtUqGzXR6NMJ9DqvkY7qu3SWECrqjoDoN2QHyfghcgydRSm6KeS5nYNrQDo1jeJy7] 交易失败，跳过"}
{"time":"2026-06-11T21:37:53.028533+08:00","level":"INFO","service":"base-api","caller":"app/base/api/internal/task/scan.go:641","msg":"pos业务 - market buy token - solana 处理扫描到的交易 - 处理交易所购买token交易，交易Id[3x9k1y1sVVFVKHTXKDTmEymy8EDhysGMofmhP86RWxUH5HHxHt9WpUEyuLQDUfxSo84q3HDyBGRD1rVqqAUQhWct] "}
{"time":"2026-06-11T21:37:53.028631+08:00","level":"INFO","service":"base-api","caller":"app/base/api/internal/task/scan.go:641","msg":"pos业务 - market buy token - solana 处理扫描到的交易 - 处理交易所购买token交易，交易Id[DkotkAXsDAsGtzHpggXckbLSosrpzBREKqyAzpYiCmyGM3uJMp7LseTjcSmMggPvWKA56WfbSQ3zBSdvq2QdxEr] "}
{"time":"2026-06-11T21:37:53.02868+08:00","level":"INFO","service":"base-api","caller":"app/base/api/internal/task/scan.go:641","msg":"pos业务 - market buy token - solana 处理扫描到的交易 - 处理交易所购买token交易，交易Id[4xhsVwEHCGZxdaWhEqhsFSxMS5EhGSxDbQehnK9w5wh54nzbJ1PiqxzYMsVdUKKPSk6sqXEVJcBhS6c6hSTUL5dZ] "}
{"time":"2026-06-11T21:37:53.028702+08:00","level":"INFO","service":"base-api","caller":"app/base/api/internal/task/scan.go:644","msg":"pos业务 - market buy token - solana 处理扫描到的交易 - 交易Id[4xhsVwEHCGZxdaWhEqhsFSxMS5EhGSxDbQehnK9w5wh54nzbJ1PiqxzYMsVdUKKPSk6sqXEVJcBhS6c6hSTUL5dZ] 交易失败，跳过"}
{"time":"2026-06-11T21:37:53.028726+08:00","level":"INFO","service":"base-api","caller":"app/base/api/internal/task/scan.go:641","msg":"pos业务 - market buy token - solana 处理扫描到的交易 - 处理交易所购买token交易，交易Id[5Krj58SgANYVzzKTJF44uupRPJF3yhEXrBJGZidiuD4vBvVgRYrE1Dv4anQvN7QxGVMC1V2u2yEjZTvwAvorZCJR] "}
{"time":"2026-06-11T21:37:53.028908+08:00","level":"INFO","service":"base-api","caller":"app/base/api/internal/task/scan.go:641","msg":"pos业务 - market buy token - solana 处理扫描到的交易 - 处理交易所购买token交易，交易Id[FC9EidNb8MjX9SoAdgtkmXjb39Wj6pbT8agaxyrn3fxAkgRV5QxYGZGRMUM5YuVCjctcxKrTiiFgJ6F1r14exTk] "}
{"time":"2026-06-11T21:37:53.029155+08:00","level":"INFO","service":"base-api","caller":"app/base/api/internal/task/scan.go:641","msg":"pos业务 - market buy token - solana 处理扫描到的交易 - 处理交易所购买token交易，交易Id[5UrA7oSa7Yeg55N5eAyMihpmW1dJbHTjsD1ok9Caoi2msDjg9RBSS7R3fHmwk6HrWTkAmzLjXiHBwwd1opTcWxaV] "}
{"time":"2026-06-11T21:37:53.02955+08:00","level":"INFO","service":"base-api","caller":"app/base/api/internal/task/scan.go:641","msg":"pos业务 - market buy token - solana 处理扫描到的交易 - 处理交易所购买token交易，交易Id[4zcz1cfJHfEFqc6JSaBDdUCdmjWDmac8fw3AtU7LkUJQx4cu6Hw2FzeDodVkmZy5PUTz9SGT1duK8KgWPsrz8KD4] "}
{"time":"2026-06-11T21:37:53.029574+08:00","level":"INFO","service":"base-api","caller":"app/base/api/internal/task/scan.go:641","msg":"pos业务 - market buy token - solana 处理扫描到的交易 - 处理交易所购买token交易，交易Id[4WyP2bo5MqatmSjAp7BV6Cg3dZs4tVXHbt4vXWnrvQSx1CFgKbRRGY76TMHPbRsAABGRf16rJQxS4izogr45aGNh] "}
{"time":"2026-06-11T21:37:53.029593+08:00","level":"INFO","service":"base-api","caller":"app/base/api/internal/task/scan.go:641","msg":"pos业务 - market buy token - solana 处理扫描到的交易 - 处理交易所购买token交易，交易Id[43LygwXCd4tj41nhAtPXHLt7BnQuS69pvFsmHwCheek2SxZHeSgtWaP7eKAN7AgohmC55EXfedbwYfgHR5JB3Yqw] "}
{"time":"2026-06-11T21:37:53.029835+08:00","level":"INFO","service":"base-api","caller":"app/base/api/internal/task/scan.go:641","msg":"pos业务 - market buy token - solana 处理扫描到的交易 - 处理交易所购买token交易，交易Id[3GbzGfega4RKDzVkB5BhXKEVWWcNH8v4raPJdRfJaFnFuwr8pyBHLKKA5JeRBhHrVP3RHAqcY4DhuK611h86qMzT] "}
{"time":"2026-06-11T21:37:53.030044+08:00","level":"INFO","service":"base-api","caller":"app/base/api/internal/task/scan.go:641","msg":"pos业务 - market buy token - solana 处理扫描到的交易 - 处理交易所购买token交易，交易Id[4hGRHq45wsprXefvwDsHVa2jyJYSEo1NQKeHG8q4yfpXA6cbVNJKPMkwhMb1XFRhY4bf21EmkM9B3UruJLV6dsi9] "}
{"time":"2026-06-11T21:37:53.030185+08:00","level":"INFO","service":"base-api","caller":"app/base/api/internal/task/scan.go:641","msg":"pos业务 - market buy token - solana 处理扫描到的交易 - 处理交易所购买token交易，交易Id[4rSTB685T2c8YUiWkRQpxp3z95ZCeJRMLWQA4k4ktMpYdU41kPtPFsQFRcUugPBHvT33LfKRjGsf15djonZqNb4G] "}
{"time":"2026-06-11T21:37:53.030553+08:00","level":"INFO","service":"base-api","caller":"app/base/api/internal/task/scan.go:641","msg":"pos业务 - market buy token - solana 处理扫描到的交易 - 处理交易所购买token交易，交易Id[2W9LeQEGS5hmKwLMnPHHJtSKEcqd4EwQtQRnNAfDSeW8nLVkaRBsGfgfL9USYmj52jnARR2XHuJFc7hVxy3HSoJF] "}
{"time":"2026-06-11T21:37:53.189424+08:00","level":"INFO","service":"base-api","caller":"app/base/api/internal/task/scan.go:641","msg":"pos业务 - market buy token - solana 处理扫描到的交易 - 处理交易所购买token交易，交易Id[5FQqrLzqNsxjT2YMbLPWaBJcbuqEKUnBMez356AL1phCAbvBMaY7cF81xbDswiAavqxdW3XJn9M7Ur47torx2qzf] "}
{"time":"2026-06-11T21:37:53.189553+08:00","level":"INFO","service":"base-api","caller":"app/base/api/internal/task/scan.go:641","msg":"pos业务 - market buy token - solana 处理扫描到的交易 - 处理交易所购买token交易，交易Id[5H6DprLtkqDaGAjDpD52sMbP4v941wiuBHZQiMy8EUQnqx1yYxkYbBb8vN4NHFPRaEUcLKtt6CMeXyhULqGT9M2x] "}
{"time":"2026-06-11T21:37:53.189676+08:00","level":"INFO","service":"base-api","caller":"app/base/api/internal/task/scan.go:641","msg":"pos业务 - market buy token - solana 处理扫描到的交易 - 处理交易所购买token交易，交易Id[4KTHUGugWf3Rn4ouR526vBx97ZyVVrmNPf7yPz9KY2GUznqf2kRz34QAukF1VLnapBiizke8PLmTNzcSkxjtyQnm] "}
{"time":"2026-06-11T21:37:53.189723+08:00","level":"INFO","service":"base-api","caller":"app/base/api/internal/task/scan.go:641","msg":"pos业务 - market buy token - solana 处理扫描到的交易 - 处理交易所购买token交易，交易Id[41f7M8YdWrfMz2gM6G9wzvxcWxZruKdQXbHkETTaoFZRi4wTaxtSRicaGvCYGaAEcmeVvWwJA4sRMmrY5gi2uPBV] "}
{"time":"2026-06-11T21:37:53.190195+08:00","level":"INFO","service":"base-api","caller":"app/base/api/internal/task/scan.go:641","msg":"pos业务 - market buy token - solana 处理扫描到的交易 - 处理交易所购买token交易，交易Id[3ByCwBCvYcae5FNWTG1QR2evsoaVs2aBXH8UmXw2U66ZGyPj8keNTB5youVDayHzbyLTi1HZBx34GQy6hnJbuZLW] "}
{"time":"2026-06-11T21:37:53.190432+08:00","level":"INFO","service":"base-api","caller":"app/base/api/internal/task/scan.go:641","msg":"pos业务 - market buy token - solana 处理扫描到的交易 - 处理交易所购买token交易，交易Id[3S318epQvChrTR8Tte1kDHM9tUQnnbdmEHU8hQsBgDooG7JLUSvJAHrMT3m4xh9zs69Hg9EFcJ9q2VgiW1rdSpPn] "}
{"time":"2026-06-11T21:37:53.190452+08:00","level":"INFO","service":"base-api","caller":"app/base/api/internal/task/scan.go:641","msg":"pos业务 - market buy token - solana 处理扫描到的交易 - 处理交易所购买token交易，交易Id[2ct7VovRbpPj5j3Y4mY5jN4rwGws7ttcfUqkercK1zG9YqnaEA2pJXuBg9S2UrKWybw6uUPnb96ctzmD6eVsh6b1] "}
{"time":"2026-06-11T21:37:53.190604+08:00","level":"INFO","service":"base-api","caller":"app/base/api/internal/task/scan.go:641","msg":"pos业务 - market buy token - solana 处理扫描到的交易 - 处理交易所购买token交易，交易Id[3hKyHFbxkuHRniKnxSZKnEsjdoHVhz323zoktajS862oNrxAydCiKuumb4qfFi4oHwv9t4d6Y3yZUXjWeDLyACAh] "}
{"time":"2026-06-11T21:37:53.189451+08:00","level":"INFO","service":"base-api","caller":"app/base/api/internal/task/scan.go:641","msg":"pos业务 - market buy token - solana 处理扫描到的交易 - 处理交易所购买token交易，交易Id[4VoY9GjqmtYRZg5z5pak4oeHGY42TxnSBG1WoTxyEH74AK3xssncALCbkdZHHScqNGvP3TN4djhWpSxqsai68QGT] "}
{"time":"2026-06-11T21:37:53.190953+08:00","level":"INFO","service":"base-api","caller":"app/base/api/internal/task/scan.go:641","msg":"pos业务 - market buy token - solana 处理扫描到的交易 - 处理交易所购买token交易，交易Id[4DX7tf5m1kG6aQqZ1bNCMusLfrAL62FWgg4VB3oJhFinUFHi64KfZ2nDBX1cB7yQurqrvthcYeKLitkoBFEfYwab] "}
{"time":"2026-06-11T21:37:53.191059+08:00","level":"INFO","service":"base-api","caller":"app/base/api/internal/task/scan.go:641","msg":"pos业务 - market buy token - solana 处理扫描到的交易 - 处理交易所购买token交易，交易Id[5TEkzMkToJ4fg9ks2Dztn8bPDfsNhVP6bfq9Jv3WxR9pAPLx4nsD35WtSpcV6FQ2Yb4wXZC3EMcVq8CLb46BfjCv] "}
{"time":"2026-06-11T21:37:53.191089+08:00","level":"INFO","service":"base-api","caller":"app/base/api/internal/task/scan.go:644","msg":"pos业务 - market buy token - solana 处理扫描到的交易 - 交易Id[5TEkzMkToJ4fg9ks2Dztn8bPDfsNhVP6bfq9Jv3WxR9pAPLx4nsD35WtSpcV6FQ2Yb4wXZC3EMcVq8CLb46BfjCv] 交易失败，跳过"}
{"time":"2026-06-11T21:37:53.196809+08:00","level":"INFO","service":"base-api","caller":"app/base/api/internal/task/scan.go:641","msg":"pos业务 - market buy token - solana 处理扫描到的交易 - 处理交易所购买token交易，交易Id[2ftvSsVA8WMKaox7DkME3g5cT5XJL6bojaZVjd2dQV27zRNP5fb9eNVxv5refmJgV3qiZFm189YaYkMu6Lr8ARgU] "}
{"time":"2026-06-11T21:37:53.198286+08:00","level":"INFO","service":"base-api","caller":"app/base/api/internal/task/scan.go:641","msg":"pos业务 - market buy token - solana 处理扫描到的交易 - 处理交易所购买token交易，交易Id[4xBGScocz7YvcSpR5EDb4p1DgAsy65FDDHxKbFUSMdK6hXVRkyiFxkhXiihzF7yEhpsdQEEhUiZZpca2xsqZibM] "}
{"time":"2026-06-11T21:37:53.20188+08:00","level":"INFO","service":"base-api","caller":"app/base/api/internal/task/scan.go:641","msg":"pos业务 - market buy token - solana 处理扫描到的交易 - 处理交易所购买token交易，交易Id[4hnR6KFM9aTPJJiDEjbzAmdSxwvsko9G9DxXMeLACexK7vP9u4RPrgZDt4XR8RzSpJwY9nRWwmvn4L2zGu5SKFSD] "}
{"time":"2026-06-11T21:37:53.205551+08:00","level":"INFO","service":"base-api","caller":"app/base/api/internal/task/scan.go:641","msg":"pos业务 - market buy token - solana 处理扫描到的交易 - 处理交易所购买token交易，交易Id[3Fvwb6NR7N6Bfv7xTdoi2Vg8Hhmov3MXcYuCCrTYz94PTseE7jE9VaZaN7zphpJzhaSJieXZBnaNBSstcpx8avFx] "}
{"time":"2026-06-11T21:37:53.210759+08:00","level":"INFO","service":"base-api","caller":"app/base/api/internal/task/scan.go:641","msg":"pos业务 - market buy token - solana 处理扫描到的交易 - 处理交易所购买token交易，交易Id[2WFU9skvaFf8oMLvorajuo568Sqxx6WciXn9qEGgrbexpCmdQJUnx7c8weNVT9UioRqiypxHr3jQ5nVQyCMwLH6N] "}
{"time":"2026-06-11T21:37:53.213785+08:00","level":"INFO","service":"base-api","caller":"app/base/api/internal/task/scan.go:641","msg":"pos业务 - market buy token - solana 处理扫描到的交易 - 处理交易所购买token交易，交易Id[5rvUatKhWbkR35wMjCVRfFjehqBCnrdWKpKPqScufyJXPz65WzxEWWHiuiP6bZxTe7TzSkk75QF9E258DTHCaJP] "}
{"time":"2026-06-11T21:37:53.215152+08:00","level":"INFO","service":"base-api","caller":"app/base/api/internal/task/scan.go:641","msg":"pos业务 - market buy token - solana 处理扫描到的交易 - 处理交易所购买token交易，交易Id[5hAVXx96u4xBkQ9ga1nfiidcMFXFQpgTaV8hrYKCTJDGMNug4sUSNX6uXpxx6dqB1eAKqnCeHULNJcToAQDsKrVc] "}
{"time":"2026-06-11T21:37:53.21898+08:00","level":"INFO","service":"base-api","caller":"app/base/api/internal/task/scan.go:641","msg":"pos业务 - market buy token - solana 处理扫描到的交易 - 处理交易所购买token交易，交易Id[28RXL2CYPu45z9S5BgJM3ZMXQd3abwv1QJjL9YYmBPzdPncSRA9HwFbwBjMTcLqDqzBtTHAphQnDzy2Ds488GiBJ] "}
{"time":"2026-06-11T21:37:53.220203+08:00","level":"INFO","service":"base-api","caller":"app/base/api/internal/task/scan.go:641","msg":"pos业务 - market buy token - solana 处理扫描到的交易 - 处理交易所购买token交易，交易Id[nUXMyJV6JUH1Ac6gbRSNPfEUaGmTqxhWBWqEk2vobF8TnmK3U9rhm8gnNJ32nQqUh5KAkwXfMvCKsjEbUpG3ktH] "}
{"time":"2026-06-11T21:37:53.222087+08:00","level":"INFO","service":"base-api","caller":"app/base/api/internal/task/scan.go:641","msg":"pos业务 - market buy token - solana 处理扫描到的交易 - 处理交易所购买token交易，交易Id[PLFHHeAZ5fszuTCy1CxWEnxh7CvQJoc6YaoeX2QHTwb18XsZyRkyEAbWcBKarcXdWz1WbAgcBHAPJ38KTs2B51R] "}
{"time":"2026-06-11T21:37:53.229499+08:00","level":"INFO","service":"base-api","caller":"app/base/api/internal/task/scan.go:641","msg":"pos业务 - market buy token - solana 处理扫描到的交易 - 处理交易所购买token交易，交易Id[443kCnKhUEctb4Ck8FpzAemYJ7s7LUNHaoAsa4KQXstqcq2vaLVdg5ph1Qi2bar2yGUQajmTsETq7NzjhPtdMAqa] "}
{"time":"2026-06-11T21:37:53.229887+08:00","level":"INFO","service":"base-api","caller":"app/base/api/internal/task/scan.go:641","msg":"pos业务 - market buy token - solana 处理扫描到的交易 - 处理交易所购买token交易，交易Id[3hXumR7evTxqSA32A89mC6xrcgz5MwwsbTWUzAnenxeAHRSdNQbw9uuYRY5DQ5WhFuGzRvCAztQgc7rgXmN6MH1s] "}
{"time":"2026-06-11T21:37:53.229891+08:00","level":"INFO","service":"base-api","caller":"app/base/api/internal/task/scan.go:641","msg":"pos业务 - market buy token - solana 处理扫描到的交易 - 处理交易所购买token交易，交易Id[32fV4xPp4dj8dCBhPCoTbSYhe3E8vbsME8sMsKWS9ggxESpik2yKmeWKuXafQzEPwvNVqtin3CtdfnErnKuavCH4] "}
{"time":"2026-06-11T21:37:53.327385+08:00","level":"INFO","service":"base-api","caller":"app/base/api/internal/task/scan.go:641","msg":"pos业务 - market buy token - solana 处理扫描到的交易 - 处理交易所购买token交易，交易Id[35rA42opLahVkRmqmAU5MrnxJeD8uiemJVkrYvShaB9E92fa1AxRY3ci6EhDWkyJe4LGSDfVNrYX5YZE56EQYay7] "}
{"time":"2026-06-11T21:37:53.327456+08:00","level":"INFO","service":"base-api","caller":"app/base/api/internal/task/scan.go:641","msg":"pos业务 - market buy token - solana 处理扫描到的交易 - 处理交易所购买token交易，交易Id[33NXX5hMAiwo9F3h5Cb1ukq2Z7PPYKZri8mdq4mF1A1LVeepFeEZkJ5nPUBy2aXFZgdCuBkJ6EqnFowADULWnGG8] "}
{"time":"2026-06-11T21:37:53.327499+08:00","level":"INFO","service":"base-api","caller":"app/base/api/internal/task/scan.go:641","msg":"pos业务 - market buy token - solana 处理扫描到的交易 - 处理交易所购买token交易，交易Id[4C8TMKJK5wNvMFdDwXfyBBoTQLvDysscSAjyD4T6qKJge2hkqpLLMmZckQDVA3dFVBwiJhrmvkJZJLr2mVCLh9t3] "}
{"time":"2026-06-11T21:37:53.327695+08:00","level":"INFO","service":"base-api","caller":"app/base/api/internal/task/scan.go:641","msg":"pos业务 - market buy token - solana 处理扫描到的交易 - 处理交易所购买token交易，交易Id[3p1Px5uB6ZkQqMNRrSyXSPrWMxSHcNvGUgYX34V2xib3rV8KJbYxYxoGF5hiWdDmpLHU7R9yS7LdBFM2UdnNboQR] "}
{"time":"2026-06-11T21:37:53.327818+08:00","level":"INFO","service":"base-api","caller":"app/base/api/internal/task/scan.go:641","msg":"pos业务 - market buy token - solana 处理扫描到的交易 - 处理交易所购买token交易，交易Id[31ogtiFq4aoEe8hKmKhrSxKDvJmjf4wL6Y3wVuTUJQz29xSpJJhpsC682MRhphUcWq1ngVNjftkJb5qGj7K79P3X] "}
{"time":"2026-06-11T21:37:53.327819+08:00","level":"INFO","service":"base-api","caller":"app/base/api/internal/task/scan.go:641","msg":"pos业务 - market buy token - solana 处理扫描到的交易 - 处理交易所购买token交易，交易Id[4QJEgkcrNxAhD2Nc9cnjz3nrxFWmFnUYRW2cVvxeVEmnqUpPvxLXK8qCzYqFWUS6o6faCUtXz1SSLEUoyCjvS6r3] "}
{"time":"2026-06-11T21:37:53.327385+08:00","level":"INFO","service":"base-api","caller":"app/base/api/internal/task/scan.go:641","msg":"pos业务 - market buy token - solana 处理扫描到的交易 - 处理交易所购买token交易，交易Id[2y2XotfFUoN7v3dMYCWPRFhVsvPohwcUayx5gYkJby2ocyBrkYBxroytK3Ar3XZCaMcpsNj6nABJ3JohT6MEknnz] "}
{"time":"2026-06-11T21:37:53.327944+08:00","level":"INFO","service":"base-api","caller":"app/base/api/internal/task/scan.go:641","msg":"pos业务 - market buy token - solana 处理扫描到的交易 - 处理交易所购买token交易，交易Id[d6o362aAuueprWD4RQkmW9aayd9htuFxhTcb4JYgMYsFxZEnRRsh7GBhTbfjNkB1K4M9CjLFvmGBeXAmGBNyM68] "}
{"time":"2026-06-11T21:37:53.653854+08:00","level":"INFO","service":"base-api","caller":"app/base/api/internal/task/scan.go:641","msg":"pos业务 - market buy token - solana 处理扫描到的交易 - 处理交易所购买token交易，交易Id[3Kg4VDtaPXPPveC7EhBHXXtCXG5JVA3CBQqgz9Lkcdo9TzAWMN6qkwbhkDd3yQmmBvxGeeac2Nt3TfQrkdNCVdFY] "}
{"time":"2026-06-11T21:37:53.653924+08:00","level":"INFO","service":"base-api","caller":"app/base/api/internal/task/scan.go:641","msg":"pos业务 - market buy token - solana 处理扫描到的交易 - 处理交易所购买token交易，交易Id[65kGp8R8mFTS1TdqbbwDYdAymuHxouMSrBwnDrNSoV7Q5DGJp64MsvCBFYjQ2Jk6731BCuJ1zYab9C62fQ6tW12v] "}
{"time":"2026-06-11T21:37:53.654111+08:00","level":"INFO","service":"base-api","caller":"app/base/api/internal/task/scan.go:641","msg":"pos业务 - market buy token - solana 处理扫描到的交易 - 处理交易所购买token交易，交易Id[2X1n7Zsa64v6VGhpLLxoKr7gpfKS8auMVLAcwPrHBkBBGXQrgASKiTpXvMgX4zHKESx115bndsqWohdjt2kixA5U] "}
{"time":"2026-06-11T21:37:53.654187+08:00","level":"INFO","service":"base-api","caller":"app/base/api/internal/task/scan.go:641","msg":"pos业务 - market buy token - solana 处理扫描到的交易 - 处理交易所购买token交易，交易Id[5igdiHSBVEFJiALQvZ9SyrbqiDdYnUPHbHqJf91pyqqga56VxJe8svmf7Zz6SXc8bvydrhGH7CgvutiTVdZRRP8Y] "}
{"time":"2026-06-11T21:37:53.654245+08:00","level":"INFO","service":"base-api","caller":"app/base/api/internal/task/scan.go:641","msg":"pos业务 - market buy token - solana 处理扫描到的交易 - 处理交易所购买token交易，交易Id[5rNgzCXsJfWJGHw8GxbYwkFbMvc48uBYbfP6jye9LTN2aaeCrwMWxReH9pP1ASjtCVx1W4o4eyN3fr3arovsiWUj] "}
{"time":"2026-06-11T21:37:53.654563+08:00","level":"INFO","service":"base-api","caller":"app/base/api/internal/task/scan.go:641","msg":"pos业务 - market buy token - solana 处理扫描到的交易 - 处理交易所购买token交易，交易Id[WGiLjCBMvhHwLLJPrNK6ureTQUQ2nm9Ekihz7jM9kXqWDEq8vPy5ZBusYGhZQMGdf2DtbxtHc5c3bgXUA7Ama7J] "}
{"time":"2026-06-11T21:37:53.654583+08:00","level":"INFO","service":"base-api","caller":"app/base/api/internal/task/scan.go:641","msg":"pos业务 - market buy token - solana 处理扫描到的交易 - 处理交易所购买token交易，交易Id[63g39LhsGZKVhjd5v5fWt5V7YPokY3ikfNCP3aQyLbzAozLf2p7YPteetBkihReDm1Eugv8feTb65SBPiyneDB4h] "}
{"time":"2026-06-11T21:37:53.654685+08:00","level":"INFO","service":"base-api","caller":"app/base/api/internal/task/scan.go:641","msg":"pos业务 - market buy token - solana 处理扫描到的交易 - 处理交易所购买token交易，交易Id[2N2Rk4yf5DiUPu3R1Y11KvRgX8H3Bm1puumtk1HG49zXjLCGgt5G8hyE2SnfqPsqKh28hE6pMyqs1YZgkAcHoZMv] "}
{"time":"2026-06-11T21:37:53.65479+08:00","level":"INFO","service":"base-api","caller":"app/base/api/internal/task/scan.go:644","msg":"pos业务 - market buy token - solana 处理扫描到的交易 - 交易Id[2N2Rk4yf5DiUPu3R1Y11KvRgX8H3Bm1puumtk1HG49zXjLCGgt5G8hyE2SnfqPsqKh28hE6pMyqs1YZgkAcHoZMv] 交易失败，跳过"}
{"time":"2026-06-11T21:37:53.654721+08:00","level":"INFO","service":"base-api","caller":"app/base/api/internal/task/scan.go:641","msg":"pos业务 - market buy token - solana 处理扫描到的交易 - 处理交易所购买token交易，交易Id[2qwawR11SR7iEaWY7RtnENbjzQGpFSB584J2hP8cb6J7AocsVzJNfXCVgL78ErEU1vFZkGaSUNTKPwVuKuGHsos8] "}
{"time":"2026-06-11T21:37:53.654918+08:00","level":"INFO","service":"base-api","caller":"app/base/api/internal/task/scan.go:641","msg":"pos业务 - market buy token - solana 处理扫描到的交易 - 处理交易所购买token交易，交易Id[4FnRkNSVt3GVtfqf3jKFb92kz3RqvSLNsgBhRTn5PSS92rznSpVKzhVLsQ1e15pyYbZfJXjJDPcnXbhm8BgWEKZ1] "}
{"time":"2026-06-11T21:37:53.655231+08:00","level":"INFO","service":"base-api","caller":"app/base/api/internal/task/scan.go:641","msg":"pos业务 - market buy token - solana 处理扫描到的交易 - 处理交易所购买token交易，交易Id[zj1VRaLkGNSGFTueSh7BScDNtz3KYLNM3T3ZwTDLa4BFpqccuwGMhweart2gRojyAHdFNToi7HsJybUaydFqBAz] "}
{"time":"2026-06-11T21:37:53.785192+08:00","level":"INFO","service":"base-api","caller":"app/base/api/internal/task/scan.go:641","msg":"pos业务 - market buy token - solana 处理扫描到的交易 - 处理交易所购买token交易，交易Id[49BmdKH6K8XM2Gjfm64z7g4dipWqcTwcQVHTqKAT5LJCPer47CDyjwui584cyxkPxhbdShgcaVgnNMxJectfuaWm] "}
{"time":"2026-06-11T21:37:53.785192+08:00","level":"INFO","service":"base-api","caller":"app/base/api/internal/task/scan.go:641","msg":"pos业务 - market buy token - solana 处理扫描到的交易 - 处理交易所购买token交易，交易Id[q8fqcdrDZ8T9MHGRdHrvtiCGq8tsty1bAj1GKsCZs9aAbAJE88Bp6Qwe5M7VLYdxrShMrskQ2fTdSofgZ3eMFXL] "}
{"time":"2026-06-11T21:37:53.785645+08:00","level":"INFO","service":"base-api","caller":"app/base/api/internal/task/scan.go:641","msg":"pos业务 - market buy token - solana 处理扫描到的交易 - 处理交易所购买token交易，交易Id[4nArjd28suDd76zPhmWb1HskXfh53kn97NLLqX8i4moXdxM19HgFb2byFjfUTqpkQoUpHsDBuSwSxdMBbhBiH3VW] "}
{"time":"2026-06-11T21:37:53.785305+08:00","level":"INFO","service":"base-api","caller":"app/base/api/internal/task/scan.go:641","msg":"pos业务 - market buy token - solana 处理扫描到的交易 - 处理交易所购买token交易，交易Id[5mc8B1cvtj2qmQoyVjLk6Rn6sTzzmi3QTrBTQwZPx6BiHkuyuboNNsA8tRrzxPAhpZk1E2b5x35ZMhznD7hYmKF5] "}
{"time":"2026-06-11T21:37:53.786112+08:00","level":"INFO","service":"base-api","caller":"app/base/api/internal/task/scan.go:641","msg":"pos业务 - market buy token - solana 处理扫描到的交易 - 处理交易所购买token交易，交易Id[4vDsHLAcx6BRD8EEeeHiFnXKyZcXimUDjWxE8jGcgBiKS6b8BMNebrCbaC7BRCCpwXH9VCpnwYNQDDPsvKpMrTvJ] "}
{"time":"2026-06-11T21:37:53.786449+08:00","level":"INFO","service":"base-api","caller":"app/base/api/internal/task/scan.go:641","msg":"pos业务 - market buy token - solana 处理扫描到的交易 - 处理交易所购买token交易，交易Id[cjdDVrQnKUSS2w7oKq3p3Cd5giHkBu7krtbdcoNv36WLoBbdyH9y7bQvRMtuPneaNaBS8yD7vY7kbiBuKmvqJba] "}
{"time":"2026-06-11T21:37:53.786521+08:00","level":"INFO","service":"base-api","caller":"app/base/api/internal/task/scan.go:641","msg":"pos业务 - market buy token - solana 处理扫描到的交易 - 处理交易所购买token交易，交易Id[AiSqcYhagB4NBqDRueyDmogPEuXe2LTniERqtm1tyCEFxXQsdPJJvTgiirub1PFVyZNcVDKuBTrAdRNBaT5wHCN] "}
{"time":"2026-06-11T21:37:53.786564+08:00","level":"INFO","service":"base-api","caller":"app/base/api/internal/task/scan.go:641","msg":"pos业务 - market buy token - solana 处理扫描到的交易 - 处理交易所购买token交易，交易Id[2KrEFtFPip1SGRtjheHnkgzQXfUAtEvt7crbT8E1z7a93y4VCNHegeYXS17hbg4sUgeyGsEViAtZUny3z7sS3vLj] "}
{"time":"2026-06-11T21:37:53.786632+08:00","level":"INFO","service":"base-api","caller":"app/base/api/internal/task/scan.go:644","msg":"pos业务 - market buy token - solana 处理扫描到的交易 - 交易Id[2KrEFtFPip1SGRtjheHnkgzQXfUAtEvt7crbT8E1z7a93y4VCNHegeYXS17hbg4sUgeyGsEViAtZUny3z7sS3vLj] 交易失败，跳过"}
{"time":"2026-06-11T21:37:53.78664+08:00","level":"INFO","service":"base-api","caller":"app/base/api/internal/task/scan.go:641","msg":"pos业务 - market buy token - solana 处理扫描到的交易 - 处理交易所购买token交易，交易Id[5Yb926tvd5o9UGzBBGzu7ZFRqbg4sPg5dvLiMyW4byZf8ppwE9Wt7cN2YYVHx1gX8JZTH4pJUqSybNzJqqmEUWiU] "}
{"time":"2026-06-11T21:37:53.794124+08:00","level":"INFO","service":"base-api","caller":"app/base/api/internal/task/scan.go:641","msg":"pos业务 - market buy token - solana 处理扫描到的交易 - 处理交易所购买token交易，交易Id[3Nb3exDF4QhmJpxAtxSFgCkG8qL9q1FWjMqHQwNZzdkmdJamZEcEzSHp2uEwcJqn56SwC4ydW1KbLWmPgPRHoj9W] "}
{"time":"2026-06-11T21:37:54.017807+08:00","level":"INFO","service":"base-api","caller":"app/base/api/internal/task/scan.go:641","msg":"pos业务 - market buy token - solana 处理扫描到的交易 - 处理交易所购买token交易，交易Id[LVsM9qhvX7gyHC5zg1otc2i3kWiMRXSdbf1mc3AZ6xd4f6wkng7wRZdr35mLLwtbnUAYnS1U2ph7YZvv165UDvz] "}
{"time":"2026-06-11T21:37:54.01787+08:00","level":"INFO","service":"base-api","caller":"app/base/api/internal/task/scan.go:641","msg":"pos业务 - market buy token - solana 处理扫描到的交易 - 处理交易所购买token交易，交易Id[4ATS8Xe36G98j7YhcG4H66FpBasvor3xR4Uin4Wmgg8GN6pm76PpgFPARhWvbN87fxq3XMzAQHqVz7uj87dBEBsi] "}
{"time":"2026-06-11T21:37:54.017927+08:00","level":"INFO","service":"base-api","caller":"app/base/api/internal/task/scan.go:641","msg":"pos业务 - market buy token - solana 处理扫描到的交易 - 处理交易所购买token交易，交易Id[37FEE1ZvqrPBYpkkkdL49569Sv2X2if9QDDyKf961q9jSc8voQSuJGeD3ZiiHMMKCbat3GX8nu3tWceRriVMczca] "}
{"time":"2026-06-11T21:37:54.017965+08:00","level":"INFO","service":"base-api","caller":"app/base/api/internal/task/scan.go:641","msg":"pos业务 - market buy token - solana 处理扫描到的交易 - 处理交易所购买token交易，交易Id[5XoLsGDHnZdF4xHtDUy5k2wF5vE7fHfiP4LcTToeQ8JdiMUXfUB5uYHDkmvjQQVA5JrntSNz3guqFKVc1ViGDQ6x] "}
{"time":"2026-06-11T21:37:54.017991+08:00","level":"INFO","service":"base-api","caller":"app/base/api/internal/task/scan.go:644","msg":"pos业务 - market buy token - solana 处理扫描到的交易 - 交易Id[5XoLsGDHnZdF4xHtDUy5k2wF5vE7fHfiP4LcTToeQ8JdiMUXfUB5uYHDkmvjQQVA5JrntSNz3guqFKVc1ViGDQ6x] 交易失败，跳过"}
{"time":"2026-06-11T21:37:54.017964+08:00","level":"INFO","service":"base-api","caller":"app/base/api/internal/task/scan.go:641","msg":"pos业务 - market buy token - solana 处理扫描到的交易 - 处理交易所购买token交易，交易Id[DhpujYqfo2GoNhPnT3auydPBtntWrgJ5RWWGEW9nW78xFdw3u8sk3jzzehPv45Pyi4h6hWNgVCcoNTVK8EZ93Gu] "}
{"time":"2026-06-11T21:37:54.018007+08:00","level":"INFO","service":"base-api","caller":"app/base/api/internal/task/scan.go:641","msg":"pos业务 - market buy token - solana 处理扫描到的交易 - 处理交易所购买token交易，交易Id[2Lumg8hqwGkjVfFv8ppMm784pjKz286PZp6DHmqxQZb3grZvZDq5LAz5W5pHtcGmSudBvMKV4h3aZip1XjF7wDZ2] "}
{"time":"2026-06-11T21:37:54.018007+08:00","level":"INFO","service":"base-api","caller":"app/base/api/internal/task/scan.go:641","msg":"pos业务 - market buy token - solana 处理扫描到的交易 - 处理交易所购买token交易，交易Id[5fWqwbprJrTECQW7Y7KNBrWfUudmBR8md6wG9B3oEvuya1KsDijpRJZU1jQS35xLnFeexcbX1of52ht4hzavTq9w] "}
{"time":"2026-06-11T21:37:54.018076+08:00","level":"INFO","service":"base-api","caller":"app/base/api/internal/task/scan.go:644","msg":"pos业务 - market buy token - solana 处理扫描到的交易 - 交易Id[5fWqwbprJrTECQW7Y7KNBrWfUudmBR8md6wG9B3oEvuya1KsDijpRJZU1jQS35xLnFeexcbX1of52ht4hzavTq9w] 交易失败，跳过"}
{"time":"2026-06-11T21:37:54.018587+08:00","level":"INFO","service":"base-api","caller":"app/base/api/internal/task/scan.go:641","msg":"pos业务 - market buy token - solana 处理扫描到的交易 - 处理交易所购买token交易，交易Id[5Lbz6sax3gA5dFRXpmgKk8gzuTurNeRZPAWNkuZUjFVnrkKRjihcunV3j8h1MBywKAdEx8fCvxDEMoEBDusQkBYt] "}
{"time":"2026-06-11T21:37:54.018913+08:00","level":"INFO","service":"base-api","caller":"app/base/api/internal/task/scan.go:641","msg":"pos业务 - market buy token - solana 处理扫描到的交易 - 处理交易所购买token交易，交易Id[4uyyJHhVxyZ3pM7NvN8YgTyYWk7LsCCAHQYWeiRDo5o7mrph3kDA9RhEaqpfbHAZYf7sTAQd51HRmgDPnkXeo6DM] "}
{"time":"2026-06-11T21:37:54.270101+08:00","level":"INFO","service":"base-api","caller":"app/base/api/internal/task/scan.go:641","msg":"pos业务 - market buy token - solana 处理扫描到的交易 - 处理交易所购买token交易，交易Id[4GxyTfrXpwHCYwLoCgxMbU25FwAPffgExL3KsA3CbmGMY11SKF19Nkxwjjf5NwNjqmWZRUvopacPqko3E42RoGiP] "}
{"time":"2026-06-11T21:37:54.270155+08:00","level":"INFO","service":"base-api","caller":"app/base/api/internal/task/scan.go:641","msg":"pos业务 - market buy token - solana 处理扫描到的交易 - 处理交易所购买token交易，交易Id[4ze7ZR7gAJ4GJGh854jDvs1rHrau9FM2rdgZPpf7woqE6npuruPVgVUk3GKYVsCBRbGqvXrjSNXpYW9qVRdVCbdT] "}
{"time":"2026-06-11T21:37:54.270101+08:00","level":"INFO","service":"base-api","caller":"app/base/api/internal/task/scan.go:641","msg":"pos业务 - market buy token - solana 处理扫描到的交易 - 处理交易所购买token交易，交易Id[31DgipZcahFPoptwuPsEqPfFpG8dei55RzhZ6sCxSFUNbMYjWb5ZNrJ32h8Y1LFozaLjEMRcbxXQRVYne13BQeDe] "}
{"time":"2026-06-11T21:37:54.270346+08:00","level":"INFO","service":"base-api","caller":"app/base/api/internal/task/scan.go:641","msg":"pos业务 - market buy token - solana 处理扫描到的交易 - 处理交易所购买token交易，交易Id[4hhgFPLfjfxs7ZBKqGeR7gY2e5FwGbH4aMrPiGuqMy6L3S5AHmnWqwgXsYb4H95ZuSRD3BgRdtiofdb5C4zTBrEg] "}
{"time":"2026-06-11T21:37:57.640798+08:00","level":"INFO","service":"base-api","caller":"app/base/api/internal/task/holders.go:69","msg":"token 持有者数量更新: 6436"}
{"time":"2026-06-11T21:37:58.629111+08:00","level":"ERROR","service":"base-api","caller":"app/base/api/internal/task/kline.go:88","msg":"获取Bird Eye Data错误，创建浏览器上下文错误: context canceled"}
{"time":"2026-06-11T21:37:58.630956+08:00","level":"ERROR","service":"base-api","caller":"app/base/api/internal/task/kline.go:88","msg":"获取Bird Eye Data错误，创建浏览器上下文错误: context canceled"}
{"time":"2026-06-11T21:37:58.631434+08:00","level":"ERROR","service":"base-api","caller":"app/base/api/internal/task/kline.go:88","msg":"获取Bird Eye Data错误，创建浏览器上下文错误: context canceled"}
load config decrypt key: load AWS config: failed to get shared config profile, oshit-testnet
{"time":"2026-06-11T21:42:42.970929+08:00","level":"INFO","service":"base-api","caller":"app/base/api/internal/task/scan.go:169","msg":"启动扫描任务 [reward:take token:EHEu46gQMTFw1ieiok5XVYLV9MrKUFyk6sRLDjUpEQAd]"}
{"time":"2026-06-11T21:42:42.983303+08:00","level":"INFO","service":"base-api","caller":"app/base/api/internal/task/scan.go:169","msg":"启动扫描任务 [reward:give token:6zimN4MMo5CJW7VwhD3nAdXt6EpVoc5V7SCnZiS1kLPd]"}
{"time":"2026-06-11T21:42:42.985434+08:00","level":"INFO","service":"base-api","caller":"app/base/api/internal/task/scan.go:169","msg":"启动扫描任务 [reward:lottery:EHEu46gQMTFw1ieiok5XVYLV9MrKUFyk6sRLDjUpEQAd]"}
{"time":"2026-06-11T21:42:42.986097+08:00","level":"INFO","service":"base-api","caller":"app/base/api/internal/task/scan.go:169","msg":"启动扫描任务 [reward:reward code:7AqjQqMB6WGUd6Tc84b81GDRVz65pcCiEePcZZtMBjSm]"}
{"time":"2026-06-11T21:42:42.987897+08:00","level":"INFO","service":"base-api","caller":"app/base/api/internal/task/scan.go:169","msg":"启动扫描任务 [reward:campaign quote:2NVji8RvQAFhg4YJKuxqhdMjWMLJmWbKm5MBvSJmTUHL]"}
{"time":"2026-06-11T21:42:42.9884+08:00","level":"INFO","service":"base-api","caller":"app/base/api/internal/task/scan.go:169","msg":"启动扫描任务 [pos:pos reward:2q66HpBbncGSy3iTMoJhhFZFeSsc6JofwV8xoRdGxtdK]"}
{"time":"2026-06-11T21:42:42.988866+08:00","level":"INFO","service":"base-api","caller":"app/base/api/internal/task/scan.go:169","msg":"启动扫描任务 [pos:stake token:CyLTEgvmqVF9dPJkT6bMgccfXL7G26EXRAM9FEuP5ki6]"}
{"time":"2026-06-11T21:42:42.989673+08:00","level":"INFO","service":"base-api","caller":"app/base/api/internal/task/scan.go:169","msg":"启动扫描任务 [pos:stake reward:ERYPoieDaHoh9jz1Gbmi9whHLd1QyWPKANvtZTnECufw]"}
{"time":"2026-06-11T21:42:42.990573+08:00","level":"INFO","service":"base-api","caller":"app/base/api/internal/task/scan.go:169","msg":"启动扫描任务 [pos:stake leader reward:HqAp7uFZAckGA9jKFCZXg7rq1GX9CB2kwpGBKoq5geg6]"}
{"time":"2026-06-11T21:42:43.001768+08:00","level":"INFO","service":"base-api","caller":"app/base/api/internal/task/scan.go:169","msg":"启动扫描任务 [gs-relay:payout:7BV3LUAhoq4JpsLYejzx5dCdPpesB2ubAevxMNEoSbWE]"}
{"time":"2026-06-11T21:42:43.00968+08:00","level":"INFO","service":"base-api","caller":"app/base/api/internal/task/scan.go:169","msg":"启动扫描任务 [gs-relay:refund:7BV3LUAhoq4JpsLYejzx5dCdPpesB2ubAevxMNEoSbWE]"}
{"time":"2026-06-11T21:42:43.010881+08:00","level":"INFO","service":"base-api","caller":"app/base/api/internal/task/scan.go:169","msg":"启动扫描任务 [gs-relay:contribution:7BV3LUAhoq4JpsLYejzx5dCdPpesB2ubAevxMNEoSbWE]"}
{"time":"2026-06-11T21:42:43.011444+08:00","level":"INFO","service":"base-api","caller":"app/base/api/internal/task/scan.go:169","msg":"启动扫描任务 [pos:market buy token:HtNfUbDaBamCBPWCFiESkXpewvwVLkwrSWRjjV8FNT7i]"}
Base API starting on :1100
{"time":"2026-06-11T21:42:43.028049+08:00","level":"INFO","service":"base-api","caller":"app/base/api/internal/server/dubbo.go:66","msg":"dubbo: BaseService listening on :20880 (nacos=127.0.0.1:8848)"}
{"time":"2026-06-11T21:42:43.66608+08:00","level":"INFO","service":"base-api","caller":"app/base/api/internal/task/scan.go:402","msg":"pos业务 - market buy token - solana 处理扫描到的交易 - 交易Id[3GNEwmYj9hnzMZ28Y7GgRBWPB3dzyob5a9LTE7Ej3BKXGnwib2cFSpkDbhbDiQ5xQAnidDMfyAdtY8F8voJ17bHQ]"}
{"time":"2026-06-11T21:42:43.666098+08:00","level":"INFO","service":"base-api","caller":"app/base/api/internal/task/scan.go:402","msg":"pos业务 - market buy token - solana 处理扫描到的交易 - 交易Id[4Dtm8gyN2ZFBBenQVLpL7qcZ9XLpAqs9L2kWEFcfhv2omXbmYuieHVTqf1vsFLPxnePSaRfWtFp47CLj3QFqkQME]"}
{"time":"2026-06-11T21:42:43.666106+08:00","level":"INFO","service":"base-api","caller":"app/base/api/internal/task/scan.go:402","msg":"pos业务 - market buy token - solana 处理扫描到的交易 - 交易Id[5goRhrfGNgipevegm86479UdcmPXhwUqKfbFict5pNZEZhATAknU43fNs6RrHUZVqMxZvB7vVwDNQkJdzJzu5gdb]"}
{"time":"2026-06-11T21:42:43.946322+08:00","level":"INFO","service":"base-api","caller":"app/base/api/internal/task/scan.go:641","msg":"pos业务 - market buy token - solana 处理扫描到的交易 - 处理交易所购买token交易，交易Id[4Dtm8gyN2ZFBBenQVLpL7qcZ9XLpAqs9L2kWEFcfhv2omXbmYuieHVTqf1vsFLPxnePSaRfWtFp47CLj3QFqkQME] "}
{"time":"2026-06-11T21:42:44.165796+08:00","level":"INFO","service":"base-api","caller":"app/base/api/internal/task/price.go:144","msg":"价格更新成功: SHIT=$0.000071, SOL=$65.31, token/SOL=1091 lamports, token/USDT=71, USDT/SOL=0.015311185"}
{"time":"2026-06-11T21:42:44.174517+08:00","level":"INFO","service":"base-api","caller":"app/base/api/internal/task/scan.go:641","msg":"pos业务 - market buy token - solana 处理扫描到的交易 - 处理交易所购买token交易，交易Id[3GNEwmYj9hnzMZ28Y7GgRBWPB3dzyob5a9LTE7Ej3BKXGnwib2cFSpkDbhbDiQ5xQAnidDMfyAdtY8F8voJ17bHQ] "}
{"time":"2026-06-11T21:42:44.174531+08:00","level":"INFO","service":"base-api","caller":"app/base/api/internal/task/scan.go:641","msg":"pos业务 - market buy token - solana 处理扫描到的交易 - 处理交易所购买token交易，交易Id[5goRhrfGNgipevegm86479UdcmPXhwUqKfbFict5pNZEZhATAknU43fNs6RrHUZVqMxZvB7vVwDNQkJdzJzu5gdb] "}
{"time":"2026-06-11T21:42:47.39758+08:00","level":"ERROR","service":"base-api","caller":"app/base/api/internal/task/kline.go:88","msg":"获取Bird Eye Data错误，创建浏览器上下文错误: context canceled"}
{"time":"2026-06-11T21:42:47.397821+08:00","level":"ERROR","service":"base-api","caller":"app/base/api/internal/task/kline.go:88","msg":"获取Bird Eye Data错误，创建浏览器上下文错误: context canceled"}
{"time":"2026-06-11T21:42:47.397929+08:00","level":"ERROR","service":"base-api","caller":"app/base/api/internal/task/kline.go:88","msg":"获取Bird Eye Data错误，创建浏览器上下文错误: context canceled"}
{"time":"2026-06-11T21:42:49.226188+08:00","level":"INFO","service":"base-api","caller":"app/base/api/internal/task/holders.go:69","msg":"token 持有者数量更新: 6436"}
{"time":"2026-06-11T21:44:29.630839+08:00","level":"INFO","service":"base-api","caller":"app/base/api/internal/task/scan.go:169","msg":"启动扫描任务 [reward:take token:EHEu46gQMTFw1ieiok5XVYLV9MrKUFyk6sRLDjUpEQAd]"}
{"time":"2026-06-11T21:44:29.646072+08:00","level":"INFO","service":"base-api","caller":"app/base/api/internal/task/scan.go:169","msg":"启动扫描任务 [reward:give token:6zimN4MMo5CJW7VwhD3nAdXt6EpVoc5V7SCnZiS1kLPd]"}
{"time":"2026-06-11T21:44:29.646602+08:00","level":"INFO","service":"base-api","caller":"app/base/api/internal/task/scan.go:169","msg":"启动扫描任务 [reward:lottery:EHEu46gQMTFw1ieiok5XVYLV9MrKUFyk6sRLDjUpEQAd]"}
{"time":"2026-06-11T21:44:29.647714+08:00","level":"INFO","service":"base-api","caller":"app/base/api/internal/task/scan.go:169","msg":"启动扫描任务 [reward:reward code:7AqjQqMB6WGUd6Tc84b81GDRVz65pcCiEePcZZtMBjSm]"}
{"time":"2026-06-11T21:44:29.648388+08:00","level":"INFO","service":"base-api","caller":"app/base/api/internal/task/scan.go:169","msg":"启动扫描任务 [reward:campaign quote:2NVji8RvQAFhg4YJKuxqhdMjWMLJmWbKm5MBvSJmTUHL]"}
{"time":"2026-06-11T21:44:29.658316+08:00","level":"INFO","service":"base-api","caller":"app/base/api/internal/task/scan.go:169","msg":"启动扫描任务 [pos:pos reward:2q66HpBbncGSy3iTMoJhhFZFeSsc6JofwV8xoRdGxtdK]"}
{"time":"2026-06-11T21:44:29.665932+08:00","level":"INFO","service":"base-api","caller":"app/base/api/internal/task/scan.go:169","msg":"启动扫描任务 [pos:stake token:CyLTEgvmqVF9dPJkT6bMgccfXL7G26EXRAM9FEuP5ki6]"}
{"time":"2026-06-11T21:44:29.666916+08:00","level":"INFO","service":"base-api","caller":"app/base/api/internal/task/scan.go:169","msg":"启动扫描任务 [pos:stake reward:ERYPoieDaHoh9jz1Gbmi9whHLd1QyWPKANvtZTnECufw]"}
{"time":"2026-06-11T21:44:29.675159+08:00","level":"INFO","service":"base-api","caller":"app/base/api/internal/task/scan.go:169","msg":"启动扫描任务 [pos:stake leader reward:HqAp7uFZAckGA9jKFCZXg7rq1GX9CB2kwpGBKoq5geg6]"}
{"time":"2026-06-11T21:44:29.676756+08:00","level":"INFO","service":"base-api","caller":"app/base/api/internal/task/scan.go:169","msg":"启动扫描任务 [gs-relay:payout:7BV3LUAhoq4JpsLYejzx5dCdPpesB2ubAevxMNEoSbWE]"}
{"time":"2026-06-11T21:44:29.678166+08:00","level":"INFO","service":"base-api","caller":"app/base/api/internal/task/scan.go:169","msg":"启动扫描任务 [gs-relay:refund:7BV3LUAhoq4JpsLYejzx5dCdPpesB2ubAevxMNEoSbWE]"}
{"time":"2026-06-11T21:44:29.685962+08:00","level":"INFO","service":"base-api","caller":"app/base/api/internal/task/scan.go:169","msg":"启动扫描任务 [gs-relay:contribution:7BV3LUAhoq4JpsLYejzx5dCdPpesB2ubAevxMNEoSbWE]"}
{"time":"2026-06-11T21:44:29.686913+08:00","level":"INFO","service":"base-api","caller":"app/base/api/internal/task/scan.go:169","msg":"启动扫描任务 [pos:market buy token:HtNfUbDaBamCBPWCFiESkXpewvwVLkwrSWRjjV8FNT7i]"}
Base API starting on :1100
{"time":"2026-06-11T21:44:29.698998+08:00","level":"INFO","service":"base-api","caller":"app/base/api/internal/server/dubbo.go:66","msg":"dubbo: BaseService listening on :20880 (nacos=127.0.0.1:8848)"}
{"time":"2026-06-11T21:44:32.676893+08:00","level":"INFO","service":"base-api","caller":"app/base/api/internal/task/price.go:144","msg":"价格更新成功: SHIT=$0.000071, SOL=$65.31, token/SOL=1091 lamports, token/USDT=71, USDT/SOL=0.015311185"}
{"time":"2026-06-11T21:44:39.864366+08:00","level":"ERROR","service":"base-api","caller":"app/base/api/internal/task/kline.go:88","msg":"获取Bird Eye Data错误，创建浏览器上下文错误: context canceled"}
{"time":"2026-06-11T21:44:39.86449+08:00","level":"ERROR","service":"base-api","caller":"app/base/api/internal/task/kline.go:88","msg":"获取Bird Eye Data错误，创建浏览器上下文错误: context canceled"}
{"time":"2026-06-11T21:45:28.439109+08:00","level":"INFO","service":"base-api","caller":"app/base/api/internal/task/scan.go:169","msg":"启动扫描任务 [reward:take token:EHEu46gQMTFw1ieiok5XVYLV9MrKUFyk6sRLDjUpEQAd]"}
{"time":"2026-06-11T21:45:28.449277+08:00","level":"INFO","service":"base-api","caller":"app/base/api/internal/task/scan.go:169","msg":"启动扫描任务 [reward:give token:6zimN4MMo5CJW7VwhD3nAdXt6EpVoc5V7SCnZiS1kLPd]"}
{"time":"2026-06-11T21:45:28.452095+08:00","level":"INFO","service":"base-api","caller":"app/base/api/internal/task/scan.go:169","msg":"启动扫描任务 [reward:lottery:EHEu46gQMTFw1ieiok5XVYLV9MrKUFyk6sRLDjUpEQAd]"}
{"time":"2026-06-11T21:45:28.454596+08:00","level":"INFO","service":"base-api","caller":"app/base/api/internal/task/scan.go:169","msg":"启动扫描任务 [reward:reward code:7AqjQqMB6WGUd6Tc84b81GDRVz65pcCiEePcZZtMBjSm]"}
{"time":"2026-06-11T21:45:28.455572+08:00","level":"INFO","service":"base-api","caller":"app/base/api/internal/task/scan.go:169","msg":"启动扫描任务 [reward:campaign quote:2NVji8RvQAFhg4YJKuxqhdMjWMLJmWbKm5MBvSJmTUHL]"}
{"time":"2026-06-11T21:45:28.456958+08:00","level":"INFO","service":"base-api","caller":"app/base/api/internal/task/scan.go:169","msg":"启动扫描任务 [pos:pos reward:2q66HpBbncGSy3iTMoJhhFZFeSsc6JofwV8xoRdGxtdK]"}
{"time":"2026-06-11T21:45:28.458478+08:00","level":"INFO","service":"base-api","caller":"app/base/api/internal/task/scan.go:169","msg":"启动扫描任务 [pos:stake token:CyLTEgvmqVF9dPJkT6bMgccfXL7G26EXRAM9FEuP5ki6]"}
{"time":"2026-06-11T21:45:28.45974+08:00","level":"INFO","service":"base-api","caller":"app/base/api/internal/task/scan.go:169","msg":"启动扫描任务 [pos:stake reward:ERYPoieDaHoh9jz1Gbmi9whHLd1QyWPKANvtZTnECufw]"}
{"time":"2026-06-11T21:45:28.461216+08:00","level":"INFO","service":"base-api","caller":"app/base/api/internal/task/scan.go:169","msg":"启动扫描任务 [pos:stake leader reward:HqAp7uFZAckGA9jKFCZXg7rq1GX9CB2kwpGBKoq5geg6]"}
{"time":"2026-06-11T21:45:28.463749+08:00","level":"INFO","service":"base-api","caller":"app/base/api/internal/task/scan.go:169","msg":"启动扫描任务 [gs-relay:payout:7BV3LUAhoq4JpsLYejzx5dCdPpesB2ubAevxMNEoSbWE]"}
{"time":"2026-06-11T21:45:28.465512+08:00","level":"INFO","service":"base-api","caller":"app/base/api/internal/task/scan.go:169","msg":"启动扫描任务 [gs-relay:refund:7BV3LUAhoq4JpsLYejzx5dCdPpesB2ubAevxMNEoSbWE]"}
{"time":"2026-06-11T21:45:28.469023+08:00","level":"INFO","service":"base-api","caller":"app/base/api/internal/task/scan.go:169","msg":"启动扫描任务 [gs-relay:contribution:7BV3LUAhoq4JpsLYejzx5dCdPpesB2ubAevxMNEoSbWE]"}
{"time":"2026-06-11T21:45:28.469894+08:00","level":"INFO","service":"base-api","caller":"app/base/api/internal/task/scan.go:169","msg":"启动扫描任务 [pos:market buy token:HtNfUbDaBamCBPWCFiESkXpewvwVLkwrSWRjjV8FNT7i]"}
Base API starting on :1100
{"time":"2026-06-11T21:45:28.483097+08:00","level":"INFO","service":"base-api","caller":"app/base/api/internal/server/dubbo.go:66","msg":"dubbo: BaseService listening on :20880 (nacos=127.0.0.1:8848)"}
{"time":"2026-06-11T21:45:29.427507+08:00","level":"INFO","service":"base-api","caller":"app/base/api/internal/task/price.go:144","msg":"价格更新成功: SHIT=$0.000071, SOL=$65.31, token/SOL=1091 lamports, token/USDT=71, USDT/SOL=0.015311185"}
{"time":"2026-06-11T21:45:29.785304+08:00","level":"INFO","service":"base-api","caller":"app/base/api/internal/task/scan.go:402","msg":"pos业务 - market buy token - solana 处理扫描到的交易 - 交易Id[3ooKnjUkJaKBbKjvUsSrkQmDE6uyK97b7fsKRknKWgp2ZjX3NgS6atvs9rD1sx6vJrTKaV53zArBhosoSqmNGGYy]"}
{"time":"2026-06-11T21:45:30.076014+08:00","level":"INFO","service":"base-api","caller":"app/base/api/internal/task/scan.go:641","msg":"pos业务 - market buy token - solana 处理扫描到的交易 - 处理交易所购买token交易，交易Id[3ooKnjUkJaKBbKjvUsSrkQmDE6uyK97b7fsKRknKWgp2ZjX3NgS6atvs9rD1sx6vJrTKaV53zArBhosoSqmNGGYy] "}
{"time":"2026-06-11T21:45:45.270726+08:00","level":"INFO","service":"base-api","caller":"app/base/api/internal/task/price.go:144","msg":"价格更新成功: SHIT=$0.000071, SOL=$65.31, token/SOL=1091 lamports, token/USDT=71, USDT/SOL=0.015311185"}
{"time":"2026-06-11T21:46:00.246928+08:00","level":"INFO","service":"base-api","caller":"app/base/api/internal/task/price.go:144","msg":"价格更新成功: SHIT=$0.000071, SOL=$65.31, token/SOL=1091 lamports, token/USDT=71, USDT/SOL=0.015311185"}
{"time":"2026-06-11T21:46:14.987914+08:00","level":"INFO","service":"base-api","caller":"app/base/api/internal/task/price.go:144","msg":"价格更新成功: SHIT=$0.000071, SOL=$65.31, token/SOL=1091 lamports, token/USDT=71, USDT/SOL=0.015311185"}
{"time":"2026-06-11T21:46:28.438658+08:00","level":"ERROR","service":"base-api","caller":"app/base/api/internal/task/kline.go:88","msg":"获取Bird Eye Data错误，创建浏览器上下文错误: context deadline exceeded"}
{"time":"2026-06-11T21:46:28.43868+08:00","level":"ERROR","service":"base-api","caller":"app/base/api/internal/task/kline.go:88","msg":"获取Bird Eye Data错误，创建浏览器上下文错误: context deadline exceeded"}
{"time":"2026-06-11T21:46:28.438685+08:00","level":"ERROR","service":"base-api","caller":"app/base/api/internal/task/kline.go:88","msg":"获取Bird Eye Data错误，创建浏览器上下文错误: context deadline exceeded"}
{"time":"2026-06-11T21:46:29.988222+08:00","level":"INFO","service":"base-api","caller":"app/base/api/internal/task/price.go:144","msg":"价格更新成功: SHIT=$0.000071, SOL=$65.31, token/SOL=1091 lamports, token/USDT=71, USDT/SOL=0.015311185"}
{"time":"2026-06-11T21:46:45.176367+08:00","level":"INFO","service":"base-api","caller":"app/base/api/internal/task/price.go:144","msg":"价格更新成功: SHIT=$0.000071, SOL=$65.31, token/SOL=1091 lamports, token/USDT=71, USDT/SOL=0.015311185"}
{"time":"2026-06-11T21:46:59.98018+08:00","level":"INFO","service":"base-api","caller":"app/base/api/internal/task/price.go:144","msg":"价格更新成功: SHIT=$0.000071, SOL=$65.31, token/SOL=1091 lamports, token/USDT=71, USDT/SOL=0.015311185"}
{"time":"2026-06-11T21:47:14.957781+08:00","level":"INFO","service":"base-api","caller":"app/base/api/internal/task/price.go:144","msg":"价格更新成功: SHIT=$0.000071, SOL=$65.31, token/SOL=1091 lamports, token/USDT=71, USDT/SOL=0.015311185"}
{"time":"2026-06-11T21:47:56.560033+08:00","level":"INFO","service":"base-api","caller":"app/base/api/internal/task/scan.go:169","msg":"启动扫描任务 [reward:take token:EHEu46gQMTFw1ieiok5XVYLV9MrKUFyk6sRLDjUpEQAd]"}
{"time":"2026-06-11T21:47:56.568177+08:00","level":"INFO","service":"base-api","caller":"app/base/api/internal/task/scan.go:169","msg":"启动扫描任务 [reward:give token:6zimN4MMo5CJW7VwhD3nAdXt6EpVoc5V7SCnZiS1kLPd]"}
{"time":"2026-06-11T21:47:56.570275+08:00","level":"INFO","service":"base-api","caller":"app/base/api/internal/task/scan.go:169","msg":"启动扫描任务 [reward:lottery:EHEu46gQMTFw1ieiok5XVYLV9MrKUFyk6sRLDjUpEQAd]"}
{"time":"2026-06-11T21:47:56.571679+08:00","level":"INFO","service":"base-api","caller":"app/base/api/internal/task/scan.go:169","msg":"启动扫描任务 [reward:reward code:7AqjQqMB6WGUd6Tc84b81GDRVz65pcCiEePcZZtMBjSm]"}
{"time":"2026-06-11T21:47:56.572132+08:00","level":"INFO","service":"base-api","caller":"app/base/api/internal/task/scan.go:169","msg":"启动扫描任务 [reward:campaign quote:2NVji8RvQAFhg4YJKuxqhdMjWMLJmWbKm5MBvSJmTUHL]"}
{"time":"2026-06-11T21:47:56.576933+08:00","level":"INFO","service":"base-api","caller":"app/base/api/internal/task/scan.go:169","msg":"启动扫描任务 [pos:pos reward:2q66HpBbncGSy3iTMoJhhFZFeSsc6JofwV8xoRdGxtdK]"}
{"time":"2026-06-11T21:47:56.578064+08:00","level":"INFO","service":"base-api","caller":"app/base/api/internal/task/scan.go:169","msg":"启动扫描任务 [pos:stake token:CyLTEgvmqVF9dPJkT6bMgccfXL7G26EXRAM9FEuP5ki6]"}
{"time":"2026-06-11T21:47:56.578527+08:00","level":"INFO","service":"base-api","caller":"app/base/api/internal/task/scan.go:169","msg":"启动扫描任务 [pos:stake reward:ERYPoieDaHoh9jz1Gbmi9whHLd1QyWPKANvtZTnECufw]"}
{"time":"2026-06-11T21:47:56.579273+08:00","level":"INFO","service":"base-api","caller":"app/base/api/internal/task/scan.go:169","msg":"启动扫描任务 [pos:stake leader reward:HqAp7uFZAckGA9jKFCZXg7rq1GX9CB2kwpGBKoq5geg6]"}
{"time":"2026-06-11T21:47:56.585771+08:00","level":"INFO","service":"base-api","caller":"app/base/api/internal/task/scan.go:169","msg":"启动扫描任务 [gs-relay:payout:7BV3LUAhoq4JpsLYejzx5dCdPpesB2ubAevxMNEoSbWE]"}
{"time":"2026-06-11T21:47:56.58658+08:00","level":"INFO","service":"base-api","caller":"app/base/api/internal/task/scan.go:169","msg":"启动扫描任务 [gs-relay:refund:7BV3LUAhoq4JpsLYejzx5dCdPpesB2ubAevxMNEoSbWE]"}
{"time":"2026-06-11T21:47:56.58701+08:00","level":"INFO","service":"base-api","caller":"app/base/api/internal/task/scan.go:169","msg":"启动扫描任务 [gs-relay:contribution:7BV3LUAhoq4JpsLYejzx5dCdPpesB2ubAevxMNEoSbWE]"}
{"time":"2026-06-11T21:47:56.594162+08:00","level":"INFO","service":"base-api","caller":"app/base/api/internal/task/scan.go:169","msg":"启动扫描任务 [pos:market buy token:HtNfUbDaBamCBPWCFiESkXpewvwVLkwrSWRjjV8FNT7i]"}
Base API starting on :1100
{"time":"2026-06-11T21:47:56.607603+08:00","level":"INFO","service":"base-api","caller":"app/base/api/internal/server/dubbo.go:66","msg":"dubbo: BaseService listening on :20880 (nacos=127.0.0.1:8848)"}
{"time":"2026-06-11T21:47:57.574094+08:00","level":"INFO","service":"base-api","caller":"app/base/api/internal/task/price.go:144","msg":"价格更新成功: SHIT=$0.000071, SOL=$65.31, token/SOL=1091 lamports, token/USDT=71, USDT/SOL=0.015311185"}
{"time":"2026-06-11T21:48:13.137047+08:00","level":"INFO","service":"base-api","caller":"app/base/api/internal/task/price.go:144","msg":"价格更新成功: SHIT=$0.000071, SOL=$65.31, token/SOL=1091 lamports, token/USDT=71, USDT/SOL=0.015311185"}
{"time":"2026-06-11T21:48:28.140272+08:00","level":"INFO","service":"base-api","caller":"app/base/api/internal/task/price.go:144","msg":"价格更新成功: SHIT=$0.000071, SOL=$65.31, token/SOL=1091 lamports, token/USDT=71, USDT/SOL=0.015311185"}
{"time":"2026-06-11T21:48:43.11927+08:00","level":"INFO","service":"base-api","caller":"app/base/api/internal/task/price.go:144","msg":"价格更新成功: SHIT=$0.000071, SOL=$65.31, token/SOL=1091 lamports, token/USDT=71, USDT/SOL=0.015311185"}
{"time":"2026-06-11T21:48:56.560169+08:00","level":"ERROR","service":"base-api","caller":"app/base/api/internal/task/kline.go:88","msg":"获取Bird Eye Data错误，创建浏览器上下文错误: context deadline exceeded"}
{"time":"2026-06-11T21:48:56.560191+08:00","level":"ERROR","service":"base-api","caller":"app/base/api/internal/task/kline.go:88","msg":"获取Bird Eye Data错误，创建浏览器上下文错误: context deadline exceeded"}
{"time":"2026-06-11T21:48:56.560478+08:00","level":"ERROR","service":"base-api","caller":"app/base/api/internal/task/kline.go:88","msg":"获取Bird Eye Data错误，创建浏览器上下文错误: context deadline exceeded"}
{"time":"2026-06-11T21:48:58.138187+08:00","level":"INFO","service":"base-api","caller":"app/base/api/internal/task/price.go:144","msg":"价格更新成功: SHIT=$0.000071, SOL=$65.31, token/SOL=1091 lamports, token/USDT=71, USDT/SOL=0.015311185"}
{"time":"2026-06-11T21:49:13.739293+08:00","level":"INFO","service":"base-api","caller":"app/base/api/internal/task/price.go:144","msg":"价格更新成功: SHIT=$0.000071, SOL=$65.31, token/SOL=1091 lamports, token/USDT=71, USDT/SOL=0.015311185"}
{"time":"2026-06-11T21:49:28.345322+08:00","level":"INFO","service":"base-api","caller":"app/base/api/internal/task/price.go:144","msg":"价格更新成功: SHIT=$0.000071, SOL=$65.31, token/SOL=1091 lamports, token/USDT=71, USDT/SOL=0.015311185"}
{"time":"2026-06-11T21:49:43.143149+08:00","level":"INFO","service":"base-api","caller":"app/base/api/internal/task/price.go:144","msg":"价格更新成功: SHIT=$0.000071, SOL=$65.31, token/SOL=1091 lamports, token/USDT=71, USDT/SOL=0.015311185"}
{"time":"2026-06-11T21:49:58.140083+08:00","level":"INFO","service":"base-api","caller":"app/base/api/internal/task/price.go:144","msg":"价格更新成功: SHIT=$0.000071, SOL=$65.31, token/SOL=1091 lamports, token/USDT=71, USDT/SOL=0.015311185"}
{"time":"2026-06-11T21:50:13.3615+08:00","level":"INFO","service":"base-api","caller":"app/base/api/internal/task/price.go:144","msg":"价格更新成功: SHIT=$0.000071, SOL=$65.31, token/SOL=1091 lamports, token/USDT=71, USDT/SOL=0.015311185"}
{"time":"2026-06-11T21:50:28.209424+08:00","level":"INFO","service":"base-api","caller":"app/base/api/internal/task/price.go:144","msg":"价格更新成功: SHIT=$0.000071, SOL=$65.31, token/SOL=1091 lamports, token/USDT=71, USDT/SOL=0.015311185"}
{"time":"2026-06-11T21:50:43.136807+08:00","level":"INFO","service":"base-api","caller":"app/base/api/internal/task/price.go:144","msg":"价格更新成功: SHIT=$0.000071, SOL=$65.31, token/SOL=1091 lamports, token/USDT=71, USDT/SOL=0.015311185"}
{"time":"2026-06-11T21:50:58.127635+08:00","level":"INFO","service":"base-api","caller":"app/base/api/internal/task/price.go:144","msg":"价格更新成功: SHIT=$0.000071, SOL=$65.31, token/SOL=1091 lamports, token/USDT=71, USDT/SOL=0.015311185"}
{"time":"2026-06-11T21:51:02.514429+08:00","level":"INFO","service":"base-api","caller":"app/base/api/internal/task/scan.go:402","msg":"pos业务 - market buy token - solana 处理扫描到的交易 - 交易Id[5bd1uiNq3zakDCtGo2tMgiH4SqkZ8evMM7zxGWDsPBZooDvCHMJeUjGMQ5NyzeC2Vj5MECkMVYvfAaV6piBQRfed]"}
{"time":"2026-06-11T21:51:02.810835+08:00","level":"INFO","service":"base-api","caller":"app/base/api/internal/task/scan.go:641","msg":"pos业务 - market buy token - solana 处理扫描到的交易 - 处理交易所购买token交易，交易Id[5bd1uiNq3zakDCtGo2tMgiH4SqkZ8evMM7zxGWDsPBZooDvCHMJeUjGMQ5NyzeC2Vj5MECkMVYvfAaV6piBQRfed] "}
{"time":"2026-06-11T21:51:13.13888+08:00","level":"INFO","service":"base-api","caller":"app/base/api/internal/task/price.go:144","msg":"价格更新成功: SHIT=$0.000071, SOL=$65.31, token/SOL=1091 lamports, token/USDT=71, USDT/SOL=0.015311185"}
{"time":"2026-06-11T21:51:28.19883+08:00","level":"INFO","service":"base-api","caller":"app/base/api/internal/task/price.go:144","msg":"价格更新成功: SHIT=$0.000071, SOL=$65.51, token/SOL=1087 lamports, token/USDT=71, USDT/SOL=0.015265833"}
{"time":"2026-06-11T21:51:43.112285+08:00","level":"INFO","service":"base-api","caller":"app/base/api/internal/task/price.go:144","msg":"价格更新成功: SHIT=$0.000071, SOL=$65.51, token/SOL=1087 lamports, token/USDT=71, USDT/SOL=0.015265833"}
{"time":"2026-06-11T21:51:58.206088+08:00","level":"INFO","service":"base-api","caller":"app/base/api/internal/task/price.go:144","msg":"价格更新成功: SHIT=$0.000071, SOL=$65.51, token/SOL=1087 lamports, token/USDT=71, USDT/SOL=0.015265833"}
{"time":"2026-06-11T21:52:13.685944+08:00","level":"INFO","service":"base-api","caller":"app/base/api/internal/task/price.go:144","msg":"价格更新成功: SHIT=$0.000071, SOL=$65.51, token/SOL=1087 lamports, token/USDT=71, USDT/SOL=0.015265833"}
{"time":"2026-06-11T21:52:28.76066+08:00","level":"INFO","service":"base-api","caller":"app/base/api/internal/task/price.go:144","msg":"价格更新成功: SHIT=$0.000071, SOL=$65.51, token/SOL=1087 lamports, token/USDT=71, USDT/SOL=0.015265833"}
{"time":"2026-06-11T21:52:43.190557+08:00","level":"INFO","service":"base-api","caller":"app/base/api/internal/task/price.go:144","msg":"价格更新成功: SHIT=$0.000071, SOL=$65.51, token/SOL=1087 lamports, token/USDT=71, USDT/SOL=0.015265833"}
{"time":"2026-06-11T21:52:58.234052+08:00","level":"INFO","service":"base-api","caller":"app/base/api/internal/task/price.go:144","msg":"价格更新成功: SHIT=$0.000071, SOL=$65.51, token/SOL=1087 lamports, token/USDT=71, USDT/SOL=0.015265833"}
{"time":"2026-06-11T21:53:13.350745+08:00","level":"INFO","service":"base-api","caller":"app/base/api/internal/task/price.go:144","msg":"价格更新成功: SHIT=$0.000071, SOL=$65.51, token/SOL=1087 lamports, token/USDT=71, USDT/SOL=0.015265833"}
{"time":"2026-06-11T21:53:28.67685+08:00","level":"INFO","service":"base-api","caller":"app/base/api/internal/task/price.go:144","msg":"价格更新成功: SHIT=$0.000071, SOL=$65.51, token/SOL=1087 lamports, token/USDT=71, USDT/SOL=0.015265833"}
{"time":"2026-06-11T21:53:30.209554+08:00","level":"INFO","service":"base-api","caller":"app/base/api/internal/task/scan.go:402","msg":"pos业务 - market buy token - solana 处理扫描到的交易 - 交易Id[474VZSo6NWytAJkKyFRB4vRLfrPCum8YzXBKkwfrXRUSPKqYaAeM4CwovFjsJBYhGbd73wKK43Hi7TNh1w6N3MJP]"}
{"time":"2026-06-11T21:53:30.496688+08:00","level":"INFO","service":"base-api","caller":"app/base/api/internal/task/scan.go:641","msg":"pos业务 - market buy token - solana 处理扫描到的交易 - 处理交易所购买token交易，交易Id[474VZSo6NWytAJkKyFRB4vRLfrPCum8YzXBKkwfrXRUSPKqYaAeM4CwovFjsJBYhGbd73wKK43Hi7TNh1w6N3MJP] "}
{"time":"2026-06-11T21:53:43.134693+08:00","level":"INFO","service":"base-api","caller":"app/base/api/internal/task/price.go:144","msg":"价格更新成功: SHIT=$0.000071, SOL=$65.51, token/SOL=1087 lamports, token/USDT=71, USDT/SOL=0.015265833"}
{"time":"2026-06-11T21:53:58.184874+08:00","level":"INFO","service":"base-api","caller":"app/base/api/internal/task/price.go:144","msg":"价格更新成功: SHIT=$0.000071, SOL=$65.51, token/SOL=1087 lamports, token/USDT=71, USDT/SOL=0.015265833"}
{"time":"2026-06-11T21:54:14.044086+08:00","level":"INFO","service":"base-api","caller":"app/base/api/internal/task/price.go:144","msg":"价格更新成功: SHIT=$0.000071, SOL=$65.51, token/SOL=1087 lamports, token/USDT=71, USDT/SOL=0.015265833"}
{"time":"2026-06-11T21:54:28.188828+08:00","level":"INFO","service":"base-api","caller":"app/base/api/internal/task/price.go:144","msg":"价格更新成功: SHIT=$0.000071, SOL=$65.51, token/SOL=1087 lamports, token/USDT=71, USDT/SOL=0.015265833"}
{"time":"2026-06-11T21:54:43.265255+08:00","level":"INFO","service":"base-api","caller":"app/base/api/internal/task/price.go:144","msg":"价格更新成功: SHIT=$0.000071, SOL=$65.51, token/SOL=1087 lamports, token/USDT=71, USDT/SOL=0.015265833"}
{"time":"2026-06-11T21:54:58.13017+08:00","level":"INFO","service":"base-api","caller":"app/base/api/internal/task/price.go:144","msg":"价格更新成功: SHIT=$0.000071, SOL=$65.51, token/SOL=1087 lamports, token/USDT=71, USDT/SOL=0.015265833"}
{"time":"2026-06-11T21:55:04.092744+08:00","level":"INFO","service":"base-api","caller":"app/base/api/internal/task/scan.go:402","msg":"pos业务 - market buy token - solana 处理扫描到的交易 - 交易Id[3SxwEzAnE9fEmtkxb5YJj7YD2remFz39hcTXXWUgdHVEDjbywKSVXAfgNsd89jUhxKw83JMSsCGnhLU5vho3mq5e]"}
{"time":"2026-06-11T21:55:04.371044+08:00","level":"INFO","service":"base-api","caller":"app/base/api/internal/task/scan.go:641","msg":"pos业务 - market buy token - solana 处理扫描到的交易 - 处理交易所购买token交易，交易Id[3SxwEzAnE9fEmtkxb5YJj7YD2remFz39hcTXXWUgdHVEDjbywKSVXAfgNsd89jUhxKw83JMSsCGnhLU5vho3mq5e] "}
{"time":"2026-06-11T21:55:04.371081+08:00","level":"INFO","service":"base-api","caller":"app/base/api/internal/task/scan.go:644","msg":"pos业务 - market buy token - solana 处理扫描到的交易 - 交易Id[3SxwEzAnE9fEmtkxb5YJj7YD2remFz39hcTXXWUgdHVEDjbywKSVXAfgNsd89jUhxKw83JMSsCGnhLU5vho3mq5e] 交易失败，跳过"}
{"time":"2026-06-11T21:55:13.135804+08:00","level":"INFO","service":"base-api","caller":"app/base/api/internal/task/price.go:144","msg":"价格更新成功: SHIT=$0.000071, SOL=$65.51, token/SOL=1087 lamports, token/USDT=71, USDT/SOL=0.015265833"}
{"time":"2026-06-11T21:55:28.125262+08:00","level":"INFO","service":"base-api","caller":"app/base/api/internal/task/price.go:144","msg":"价格更新成功: SHIT=$0.000071, SOL=$65.51, token/SOL=1087 lamports, token/USDT=71, USDT/SOL=0.015265833"}
{"time":"2026-06-11T22:01:18.090525+08:00","level":"INFO","service":"base-api","caller":"app/base/api/internal/task/scan.go:169","msg":"启动扫描任务 [reward:take token:EHEu46gQMTFw1ieiok5XVYLV9MrKUFyk6sRLDjUpEQAd]"}
{"time":"2026-06-11T22:01:18.104529+08:00","level":"INFO","service":"base-api","caller":"app/base/api/internal/task/scan.go:169","msg":"启动扫描任务 [reward:give token:6zimN4MMo5CJW7VwhD3nAdXt6EpVoc5V7SCnZiS1kLPd]"}
{"time":"2026-06-11T22:01:18.106471+08:00","level":"INFO","service":"base-api","caller":"app/base/api/internal/task/scan.go:169","msg":"启动扫描任务 [reward:lottery:EHEu46gQMTFw1ieiok5XVYLV9MrKUFyk6sRLDjUpEQAd]"}
{"time":"2026-06-11T22:01:18.108788+08:00","level":"INFO","service":"base-api","caller":"app/base/api/internal/task/scan.go:169","msg":"启动扫描任务 [reward:reward code:7AqjQqMB6WGUd6Tc84b81GDRVz65pcCiEePcZZtMBjSm]"}
{"time":"2026-06-11T22:01:18.115515+08:00","level":"INFO","service":"base-api","caller":"app/base/api/internal/task/scan.go:169","msg":"启动扫描任务 [reward:campaign quote:2NVji8RvQAFhg4YJKuxqhdMjWMLJmWbKm5MBvSJmTUHL]"}
{"time":"2026-06-11T22:01:18.116467+08:00","level":"INFO","service":"base-api","caller":"app/base/api/internal/task/scan.go:169","msg":"启动扫描任务 [pos:pos reward:2q66HpBbncGSy3iTMoJhhFZFeSsc6JofwV8xoRdGxtdK]"}
{"time":"2026-06-11T22:01:18.117132+08:00","level":"INFO","service":"base-api","caller":"app/base/api/internal/task/scan.go:169","msg":"启动扫描任务 [pos:market buy token:HtNfUbDaBamCBPWCFiESkXpewvwVLkwrSWRjjV8FNT7i]"}
{"time":"2026-06-11T22:01:18.124769+08:00","level":"INFO","service":"base-api","caller":"app/base/api/internal/task/scan.go:169","msg":"启动扫描任务 [pos:stake token:CyLTEgvmqVF9dPJkT6bMgccfXL7G26EXRAM9FEuP5ki6]"}
{"time":"2026-06-11T22:01:18.127365+08:00","level":"INFO","service":"base-api","caller":"app/base/api/internal/task/scan.go:169","msg":"启动扫描任务 [pos:stake reward:ERYPoieDaHoh9jz1Gbmi9whHLd1QyWPKANvtZTnECufw]"}
{"time":"2026-06-11T22:01:18.133475+08:00","level":"INFO","service":"base-api","caller":"app/base/api/internal/task/scan.go:169","msg":"启动扫描任务 [pos:stake leader reward:HqAp7uFZAckGA9jKFCZXg7rq1GX9CB2kwpGBKoq5geg6]"}
{"time":"2026-06-11T22:01:18.134475+08:00","level":"INFO","service":"base-api","caller":"app/base/api/internal/task/scan.go:169","msg":"启动扫描任务 [gs-relay:contribution:7BV3LUAhoq4JpsLYejzx5dCdPpesB2ubAevxMNEoSbWE]"}
{"time":"2026-06-11T22:01:18.134773+08:00","level":"INFO","service":"base-api","caller":"app/base/api/internal/task/scan.go:169","msg":"启动扫描任务 [gs-relay:payout:7BV3LUAhoq4JpsLYejzx5dCdPpesB2ubAevxMNEoSbWE]"}
{"time":"2026-06-11T22:01:18.136513+08:00","level":"INFO","service":"base-api","caller":"app/base/api/internal/task/scan.go:169","msg":"启动扫描任务 [gs-relay:refund:7BV3LUAhoq4JpsLYejzx5dCdPpesB2ubAevxMNEoSbWE]"}
Base API starting on :1100
{"time":"2026-06-11T22:01:18.147976+08:00","level":"INFO","service":"base-api","caller":"app/base/api/internal/server/dubbo.go:66","msg":"dubbo: BaseService listening on :20880 (nacos=127.0.0.1:8848)"}
{"time":"2026-06-11T22:01:18.875444+08:00","level":"INFO","service":"base-api","caller":"app/base/api/internal/task/scan.go:402","msg":"pos业务 - market buy token - solana 处理扫描到的交易 - 交易Id[44yKgtytKVLK6UxBgwFrEZbspEivzAqbixyEJFokEhovH21KCXWin6cjPoxmPVDGqbKWrXcMjNGissoBYbXBG4T1]"}
{"time":"2026-06-11T22:01:18.875517+08:00","level":"INFO","service":"base-api","caller":"app/base/api/internal/task/scan.go:402","msg":"pos业务 - market buy token - solana 处理扫描到的交易 - 交易Id[YAkT9ByHbNqUmySMWeLGv4oC8T8eDCCu95k7dqWHMbRaARUthSCkXu8km2mEsMsEE3Grhm5R2DaNTucNdijsLkK]"}
{"time":"2026-06-11T22:01:18.875548+08:00","level":"INFO","service":"base-api","caller":"app/base/api/internal/task/scan.go:402","msg":"pos业务 - market buy token - solana 处理扫描到的交易 - 交易Id[5KPvXeoUuo5MKMR2btqDQkjaoy9caHYNo4sLqSuR5THuPaDv6CmxPnHKZcKUfr9yPc1tfT7ApM5cXgtpPL1cL2Xk]"}
{"time":"2026-06-11T22:01:18.87557+08:00","level":"INFO","service":"base-api","caller":"app/base/api/internal/task/scan.go:402","msg":"pos业务 - market buy token - solana 处理扫描到的交易 - 交易Id[TrzeJc7fudpVCweUbxd6ZhcvskjHfQxSosS4bg2pRcShVR3JJmC3a6ZnJxdCVFTD1oWs4UknaaBPaWVrVj8bDX7]"}
{"time":"2026-06-11T22:01:18.875619+08:00","level":"INFO","service":"base-api","caller":"app/base/api/internal/task/scan.go:402","msg":"pos业务 - market buy token - solana 处理扫描到的交易 - 交易Id[2uSEdTueD6te5Tgd2ZujkocbsgNPVUAtoerapKf6i3QSsW7VEYGwrNy9TejDb4P6tzyeSK1AeFmuZguqzFq7id6E]"}
{"time":"2026-06-11T22:01:18.875627+08:00","level":"INFO","service":"base-api","caller":"app/base/api/internal/task/scan.go:402","msg":"pos业务 - market buy token - solana 处理扫描到的交易 - 交易Id[4xBGScocz7YvcSpR5EDb4p1DgAsy65FDDHxKbFUSMdK6hXVRkyiFxkhXiihzF7yEhpsdQEEhUiZZpca2xsqZibM]"}
{"time":"2026-06-11T22:01:18.875913+08:00","level":"INFO","service":"base-api","caller":"app/base/api/internal/task/scan.go:402","msg":"pos业务 - market buy token - solana 处理扫描到的交易 - 交易Id[3Pp4aHEjexRCp7bxbp8ATuA5mMB2Z34KjqD1kupJXhxEXZKCBz4ViGFYp5yz8L6ipJ61j1pTSXM7vpiTLKiZDJYd]"}
{"time":"2026-06-11T22:01:18.876047+08:00","level":"INFO","service":"base-api","caller":"app/base/api/internal/task/scan.go:402","msg":"pos业务 - market buy token - solana 处理扫描到的交易 - 交易Id[58ZdE9nJhPhrufvoVinerQgp5YeTs37w1YKeTw71tff1iQTaZjvmKCB8Excy8w4BgNJnStq3YbnctXpvXFmBXf7C]"}
{"time":"2026-06-11T22:01:18.876066+08:00","level":"INFO","service":"base-api","caller":"app/base/api/internal/task/scan.go:402","msg":"pos业务 - market buy token - solana 处理扫描到的交易 - 交易Id[3SxwEzAnE9fEmtkxb5YJj7YD2remFz39hcTXXWUgdHVEDjbywKSVXAfgNsd89jUhxKw83JMSsCGnhLU5vho3mq5e]"}
{"time":"2026-06-11T22:01:18.876141+08:00","level":"INFO","service":"base-api","caller":"app/base/api/internal/task/scan.go:402","msg":"pos业务 - market buy token - solana 处理扫描到的交易 - 交易Id[5qVAoH8kHny4C8MYNmXn2XkSzw8weTFaaqT8WtRxFenMA14VE2iWKFPo5sJY6SQzgNsNCKTfCiiE2F44vKJKaVvv]"}
{"time":"2026-06-11T22:01:18.876438+08:00","level":"INFO","service":"base-api","caller":"app/base/api/internal/task/scan.go:402","msg":"pos业务 - market buy token - solana 处理扫描到的交易 - 交易Id[5goRhrfGNgipevegm86479UdcmPXhwUqKfbFict5pNZEZhATAknU43fNs6RrHUZVqMxZvB7vVwDNQkJdzJzu5gdb]"}
{"time":"2026-06-11T22:01:18.876457+08:00","level":"INFO","service":"base-api","caller":"app/base/api/internal/task/scan.go:402","msg":"pos业务 - market buy token - solana 处理扫描到的交易 - 交易Id[25HLFsxFkuNr2ppr3e6htk13djjkWwc62Dotnnzr3mzB23UhXWiJsxCHCcENp9M7vYoziaNkBWP9yCGa8upFsLN7]"}
{"time":"2026-06-11T22:01:18.877075+08:00","level":"INFO","service":"base-api","caller":"app/base/api/internal/task/scan.go:402","msg":"pos业务 - market buy token - solana 处理扫描到的交易 - 交易Id[474VZSo6NWytAJkKyFRB4vRLfrPCum8YzXBKkwfrXRUSPKqYaAeM4CwovFjsJBYhGbd73wKK43Hi7TNh1w6N3MJP]"}
{"time":"2026-06-11T22:01:18.877119+08:00","level":"INFO","service":"base-api","caller":"app/base/api/internal/task/scan.go:402","msg":"pos业务 - market buy token - solana 处理扫描到的交易 - 交易Id[5bd1uiNq3zakDCtGo2tMgiH4SqkZ8evMM7zxGWDsPBZooDvCHMJeUjGMQ5NyzeC2Vj5MECkMVYvfAaV6piBQRfed]"}
{"time":"2026-06-11T22:01:18.877144+08:00","level":"INFO","service":"base-api","caller":"app/base/api/internal/task/scan.go:402","msg":"pos业务 - market buy token - solana 处理扫描到的交易 - 交易Id[3ooKnjUkJaKBbKjvUsSrkQmDE6uyK97b7fsKRknKWgp2ZjX3NgS6atvs9rD1sx6vJrTKaV53zArBhosoSqmNGGYy]"}
{"time":"2026-06-11T22:01:18.876439+08:00","level":"INFO","service":"base-api","caller":"app/base/api/internal/task/scan.go:402","msg":"pos业务 - market buy token - solana 处理扫描到的交易 - 交易Id[3ET9aDDxVfRAGro9iFVcFm7FndLYB4vvS5RoDLpTzwUaAMo4vQxEFvQxhW5S3iSYxHJTHruJcnudMJvbNRiMkPbj]"}
{"time":"2026-06-11T22:01:18.877289+08:00","level":"INFO","service":"base-api","caller":"app/base/api/internal/task/scan.go:402","msg":"pos业务 - market buy token - solana 处理扫描到的交易 - 交易Id[4EYp6rskos1KP9VHBRqrcD6MH98hT6ebo4zDxwHKourebUDibwvvvfQa9NcDxMJcvWGT5RdKAbi3fMBpVEZrTFfD]"}
{"time":"2026-06-11T22:01:18.877305+08:00","level":"INFO","service":"base-api","caller":"app/base/api/internal/task/scan.go:402","msg":"pos业务 - market buy token - solana 处理扫描到的交易 - 交易Id[4xhsVwEHCGZxdaWhEqhsFSxMS5EhGSxDbQehnK9w5wh54nzbJ1PiqxzYMsVdUKKPSk6sqXEVJcBhS6c6hSTUL5dZ]"}
{"time":"2026-06-11T22:01:18.87737+08:00","level":"INFO","service":"base-api","caller":"app/base/api/internal/task/scan.go:402","msg":"pos业务 - market buy token - solana 处理扫描到的交易 - 交易Id[3s34yirDfa6AmtoyUrnBHVBaHUVPQqCYomnkNqaS3qYm5jXj6smLVdhVyE6zGhsfvwDYMfNsr3MYhPmMVHfQVW2n]"}
{"time":"2026-06-11T22:01:18.877419+08:00","level":"INFO","service":"base-api","caller":"app/base/api/internal/task/scan.go:402","msg":"pos业务 - market buy token - solana 处理扫描到的交易 - 交易Id[3bXQBCZGZ1vUSFW78e9Zun7BtUqGzXR6NMJ9DqvkY7qu3SWECrqjoDoN2QHyfghcgydRSm6KeS5nYNrQDo1jeJy7]"}
{"time":"2026-06-11T22:01:18.877453+08:00","level":"INFO","service":"base-api","caller":"app/base/api/internal/task/scan.go:402","msg":"pos业务 - market buy token - solana 处理扫描到的交易 - 交易Id[yzESgseg61BJK2zTsru7ifmucFsmoxqAStGPspzd99xNQrXjSuQKTiYkStzGEp1gPV6URchhSunBHmRf8bfpt69]"}
{"time":"2026-06-11T22:01:18.877473+08:00","level":"INFO","service":"base-api","caller":"app/base/api/internal/task/scan.go:402","msg":"pos业务 - market buy token - solana 处理扫描到的交易 - 交易Id[3oXVet8issW6NST5doWJCZ8Dsh1Wnz1uYjCJ8dWyHmBXgqYfKSWFmd7Dm5TcUieCDP1GtnqYRaqivuuSAc86frhq]"}
{"time":"2026-06-11T22:01:18.877741+08:00","level":"INFO","service":"base-api","caller":"app/base/api/internal/task/scan.go:402","msg":"pos业务 - market buy token - solana 处理扫描到的交易 - 交易Id[4Dtm8gyN2ZFBBenQVLpL7qcZ9XLpAqs9L2kWEFcfhv2omXbmYuieHVTqf1vsFLPxnePSaRfWtFp47CLj3QFqkQME]"}
{"time":"2026-06-11T22:01:18.877767+08:00","level":"INFO","service":"base-api","caller":"app/base/api/internal/task/scan.go:402","msg":"pos业务 - market buy token - solana 处理扫描到的交易 - 交易Id[3GNEwmYj9hnzMZ28Y7GgRBWPB3dzyob5a9LTE7Ej3BKXGnwib2cFSpkDbhbDiQ5xQAnidDMfyAdtY8F8voJ17bHQ]"}
{"time":"2026-06-11T22:01:18.877824+08:00","level":"INFO","service":"base-api","caller":"app/base/api/internal/task/scan.go:402","msg":"pos业务 - market buy token - solana 处理扫描到的交易 - 交易Id[3MXneXET4A3rGrSLdsc9RrZDGHFWwm2mAp4ktfeVkSQEEhwTkysR5tdJHDFBZZMuWtF4xQFTdt4Muo25AV8HhdHr]"}
{"time":"2026-06-11T22:01:18.878152+08:00","level":"INFO","service":"base-api","caller":"app/base/api/internal/task/scan.go:402","msg":"pos业务 - market buy token - solana 处理扫描到的交易 - 交易Id[5UBk4qvh5cqbu2vGf1y1B7jgW4WVDaMgqwzyC9J8jXKfnZibJtA8brRPZsiJW2YDyf3akDAsFALLVqxWTYvoLS8u]"}
{"time":"2026-06-11T22:01:18.878875+08:00","level":"INFO","service":"base-api","caller":"app/base/api/internal/task/scan.go:402","msg":"pos业务 - market buy token - solana 处理扫描到的交易 - 交易Id[2N2Rk4yf5DiUPu3R1Y11KvRgX8H3Bm1puumtk1HG49zXjLCGgt5G8hyE2SnfqPsqKh28hE6pMyqs1YZgkAcHoZMv]"}
{"time":"2026-06-11T22:01:18.878925+08:00","level":"INFO","service":"base-api","caller":"app/base/api/internal/task/scan.go:402","msg":"pos业务 - market buy token - solana 处理扫描到的交易 - 交易Id[2sgWRymobZsWHzjzimVfbxoQftr7RtPAqJm1NJbGamcgvEfr3fDsDh5AfzZz2BUxBLsWPJjM1ZSh6h2UF4Dmstqg]"}
{"time":"2026-06-11T22:01:18.878954+08:00","level":"INFO","service":"base-api","caller":"app/base/api/internal/task/scan.go:402","msg":"pos业务 - market buy token - solana 处理扫描到的交易 - 交易Id[2fBBj5FTj179bwvWN2w2xtGMVxsQRPae1b4rKXQDegjoqgWpccSJLcKUMTdLTBh58dP15Ji7DSKhoC7xzsnN8YEk]"}
{"time":"2026-06-11T22:01:18.879257+08:00","level":"INFO","service":"base-api","caller":"app/base/api/internal/task/scan.go:402","msg":"pos业务 - market buy token - solana 处理扫描到的交易 - 交易Id[5XoLsGDHnZdF4xHtDUy5k2wF5vE7fHfiP4LcTToeQ8JdiMUXfUB5uYHDkmvjQQVA5JrntSNz3guqFKVc1ViGDQ6x]"}
{"time":"2026-06-11T22:01:18.879315+08:00","level":"INFO","service":"base-api","caller":"app/base/api/internal/task/scan.go:402","msg":"pos业务 - market buy token - solana 处理扫描到的交易 - 交易Id[2KrEFtFPip1SGRtjheHnkgzQXfUAtEvt7crbT8E1z7a93y4VCNHegeYXS17hbg4sUgeyGsEViAtZUny3z7sS3vLj]"}
{"time":"2026-06-11T22:01:18.879934+08:00","level":"INFO","service":"base-api","caller":"app/base/api/internal/task/scan.go:402","msg":"pos业务 - market buy token - solana 处理扫描到的交易 - 交易Id[5fWqwbprJrTECQW7Y7KNBrWfUudmBR8md6wG9B3oEvuya1KsDijpRJZU1jQS35xLnFeexcbX1of52ht4hzavTq9w]"}
{"time":"2026-06-11T22:01:18.879545+08:00","level":"INFO","service":"base-api","caller":"app/base/api/internal/task/scan.go:402","msg":"pos业务 - market buy token - solana 处理扫描到的交易 - 交易Id[LqKkzv1at7QTabhZ9pNsnFP5isAkrBS5TY1P8PLyWE4sSPsMyopLEFqUGchpPh5cCa99REw9o4MS7isT5MzCHEK]"}
{"time":"2026-06-11T22:01:18.880048+08:00","level":"INFO","service":"base-api","caller":"app/base/api/internal/task/scan.go:402","msg":"pos业务 - market buy token - solana 处理扫描到的交易 - 交易Id[2ftvSsVA8WMKaox7DkME3g5cT5XJL6bojaZVjd2dQV27zRNP5fb9eNVxv5refmJgV3qiZFm189YaYkMu6Lr8ARgU]"}
{"time":"2026-06-11T22:01:18.880064+08:00","level":"INFO","service":"base-api","caller":"app/base/api/internal/task/scan.go:402","msg":"pos业务 - market buy token - solana 处理扫描到的交易 - 交易Id[HDykE2MHnjsXRVgkYF8RmWf4pQAxwD48d8ApaQg8cPTpBZcB9x9Y4TLrD1cDweupSapJi1A28kyDJpX69zkaCVp]"}
{"time":"2026-06-11T22:01:18.880131+08:00","level":"INFO","service":"base-api","caller":"app/base/api/internal/task/scan.go:402","msg":"pos业务 - market buy token - solana 处理扫描到的交易 - 交易Id[Sm49S3dyeNBtcw8RqD9enrrUj57GGzweaxGWBi6Stp97nLT8jAS3pP67QrCZmt29HsyET4QP2oNaeYGds8NcwHa]"}
{"time":"2026-06-11T22:01:18.875861+08:00","level":"INFO","service":"base-api","caller":"app/base/api/internal/task/scan.go:402","msg":"pos业务 - market buy token - solana 处理扫描到的交易 - 交易Id[33aRny2HbWrphu49aL7LRvT418fQpz7XGyckDFz3PQnjVDrjsZjzc5VwkD1YGbfwZJD9SoLUUKqZc7DNwnBxjdRC]"}
{"time":"2026-06-11T22:01:18.880898+08:00","level":"INFO","service":"base-api","caller":"app/base/api/internal/task/scan.go:402","msg":"pos业务 - market buy token - solana 处理扫描到的交易 - 交易Id[28RXL2CYPu45z9S5BgJM3ZMXQd3abwv1QJjL9YYmBPzdPncSRA9HwFbwBjMTcLqDqzBtTHAphQnDzy2Ds488GiBJ]"}
{"time":"2026-06-11T22:01:18.880985+08:00","level":"INFO","service":"base-api","caller":"app/base/api/internal/task/scan.go:402","msg":"pos业务 - market buy token - solana 处理扫描到的交易 - 交易Id[5UrA7oSa7Yeg55N5eAyMihpmW1dJbHTjsD1ok9Caoi2msDjg9RBSS7R3fHmwk6HrWTkAmzLjXiHBwwd1opTcWxaV]"}
{"time":"2026-06-11T22:01:18.881035+08:00","level":"INFO","service":"base-api","caller":"app/base/api/internal/task/scan.go:402","msg":"pos业务 - market buy token - solana 处理扫描到的交易 - 交易Id[531xpaRURkum7XgPGGQqMTjq646VqZ6AsMJcL9JUevphUmLmWpP7UwoVAz2EStKJQEVEDpD9nCnsmypHV5VQ8KeQ]"}
{"time":"2026-06-11T22:01:18.881061+08:00","level":"INFO","service":"base-api","caller":"app/base/api/internal/task/scan.go:402","msg":"pos业务 - market buy token - solana 处理扫描到的交易 - 交易Id[PLFHHeAZ5fszuTCy1CxWEnxh7CvQJoc6YaoeX2QHTwb18XsZyRkyEAbWcBKarcXdWz1WbAgcBHAPJ38KTs2B51R]"}
{"time":"2026-06-11T22:01:18.881729+08:00","level":"INFO","service":"base-api","caller":"app/base/api/internal/task/scan.go:402","msg":"pos业务 - market buy token - solana 处理扫描到的交易 - 交易Id[2w5nwRESFkkpVXYDbVC9EhT5R6RdqZr8AyVg7GSiidJXSYth7hVy6ayAVsr6pA6uzGuoGh9WHnkNcZ4bv1KkFE86]"}
{"time":"2026-06-11T22:01:18.881757+08:00","level":"INFO","service":"base-api","caller":"app/base/api/internal/task/scan.go:402","msg":"pos业务 - market buy token - solana 处理扫描到的交易 - 交易Id[31ogtiFq4aoEe8hKmKhrSxKDvJmjf4wL6Y3wVuTUJQz29xSpJJhpsC682MRhphUcWq1ngVNjftkJb5qGj7K79P3X]"}
{"time":"2026-06-11T22:01:18.88178+08:00","level":"INFO","service":"base-api","caller":"app/base/api/internal/task/scan.go:402","msg":"pos业务 - market buy token - solana 处理扫描到的交易 - 交易Id[4QJEgkcrNxAhD2Nc9cnjz3nrxFWmFnUYRW2cVvxeVEmnqUpPvxLXK8qCzYqFWUS6o6faCUtXz1SSLEUoyCjvS6r3]"}
{"time":"2026-06-11T22:01:18.882376+08:00","level":"INFO","service":"base-api","caller":"app/base/api/internal/task/scan.go:402","msg":"pos业务 - market buy token - solana 处理扫描到的交易 - 交易Id[2crS3phSpN9WqtCh2TyAC8ytPCjtbpiFYgFAXqkUj8FbKiqGe8ZRhhFKqLd1GsKndSUuisdfnCEMsWPSH2Zj8zgu]"}
{"time":"2026-06-11T22:01:18.882443+08:00","level":"INFO","service":"base-api","caller":"app/base/api/internal/task/scan.go:402","msg":"pos业务 - market buy token - solana 处理扫描到的交易 - 交易Id[4hnR6KFM9aTPJJiDEjbzAmdSxwvsko9G9DxXMeLACexK7vP9u4RPrgZDt4XR8RzSpJwY9nRWwmvn4L2zGu5SKFSD]"}
{"time":"2026-06-11T22:01:18.882467+08:00","level":"INFO","service":"base-api","caller":"app/base/api/internal/task/scan.go:402","msg":"pos业务 - market buy token - solana 处理扫描到的交易 - 交易Id[32fV4xPp4dj8dCBhPCoTbSYhe3E8vbsME8sMsKWS9ggxESpik2yKmeWKuXafQzEPwvNVqtin3CtdfnErnKuavCH4]"}
{"time":"2026-06-11T22:01:18.882538+08:00","level":"INFO","service":"base-api","caller":"app/base/api/internal/task/scan.go:402","msg":"pos业务 - market buy token - solana 处理扫描到的交易 - 交易Id[2Zg322ycemJUk8tCZBcGvvQYAkfYBnzHNwKkTJsiDTNYmNmMKPEmi4yf9NbVi2xMQWA7rGJ3J4zrpUVP3apM7zFE]"}
{"time":"2026-06-11T22:01:18.88258+08:00","level":"INFO","service":"base-api","caller":"app/base/api/internal/task/scan.go:402","msg":"pos业务 - market buy token - solana 处理扫描到的交易 - 交易Id[XhgrBXpnDQdzuhYAdHhsw4LEMxvtQXHSh9DPMLY6TpyzgNrk1VrFPw212EhpwJcSjFDtmBvwHhdP96J6aRkpfkm]"}
{"time":"2026-06-11T22:01:18.884011+08:00","level":"INFO","service":"base-api","caller":"app/base/api/internal/task/scan.go:402","msg":"pos业务 - market buy token - solana 处理扫描到的交易 - 交易Id[3B7U6EgGHZAtYc76xwpSTgmCmGeG8JWzu6Sxv4gduGb2cBz332rVXBdo4yVfwMx9kjjWFecv2RZUTDVpa34osbMd]"}
{"time":"2026-06-11T22:01:18.884438+08:00","level":"INFO","service":"base-api","caller":"app/base/api/internal/task/scan.go:402","msg":"pos业务 - market buy token - solana 处理扫描到的交易 - 交易Id[5juEa8ymfZ4KZxFGJfPLpwF1ZeKzzxqZYNvBJ5cKsPQfiKyGJbQV7XPQN5wiJJRfQdfGKTzXmqFAoXaa5Jh5PyAv]"}
{"time":"2026-06-11T22:01:18.886128+08:00","level":"INFO","service":"base-api","caller":"app/base/api/internal/task/scan.go:402","msg":"pos业务 - market buy token - solana 处理扫描到的交易 - 交易Id[2KQzZYcQNG9V9e8EukTDH4Vn1KCYx19uxmYKj43cdEfq4mNzMoLL9jtrsbKs7QreZVsdpRdcjiPpEabnoVmLcEqk]"}
{"time":"2026-06-11T22:01:18.880754+08:00","level":"INFO","service":"base-api","caller":"app/base/api/internal/task/scan.go:402","msg":"pos业务 - market buy token - solana 处理扫描到的交易 - 交易Id[36ocLrWKUwUWGP9yNMJ4btkbnfVVgKZU4kVdH1Jco5hYdWMXi64KxDLUijpGMerBG1H3QGRPPzKXiXnDQm5oVsN2]"}
{"time":"2026-06-11T22:01:18.880773+08:00","level":"INFO","service":"base-api","caller":"app/base/api/internal/task/scan.go:402","msg":"pos业务 - market buy token - solana 处理扫描到的交易 - 交易Id[5pomX2vvTdcd4o97CWA6iSboc8rZaJ59hrXxWzXzW2pzPt7g9Tr6N7iwqWfzMjZ1v8VskTZuzLbwAwoBjQg4erza]"}
{"time":"2026-06-11T22:01:18.880835+08:00","level":"INFO","service":"base-api","caller":"app/base/api/internal/task/scan.go:402","msg":"pos业务 - market buy token - solana 处理扫描到的交易 - 交易Id[duR5obqHqfwnNtweK9uAZbiD1MZmnS6dxCT48sSLu5aEnfCVDnHd9NtFEYm6yNG5xKbKEtbYM7gE3dAJZbsiYVG]"}
{"time":"2026-06-11T22:01:18.88087+08:00","level":"INFO","service":"base-api","caller":"app/base/api/internal/task/scan.go:402","msg":"pos业务 - market buy token - solana 处理扫描到的交易 - 交易Id[25mraeoiPP2AePmgbqpxkCMRqHe82qLFxANyrqADJyxfEPFQoNvEFZQvKQSmXceycrLi67m2De53pNWyDmPRGucr]"}
{"time":"2026-06-11T22:01:18.880886+08:00","level":"INFO","service":"base-api","caller":"app/base/api/internal/task/scan.go:402","msg":"pos业务 - market buy token - solana 处理扫描到的交易 - 交易Id[4pDjccjT9bvCo97L3qYL5JEw86nbKjjXgSWLC1RoFPoASeXwAeZgUEC77iQqmkqraczYdkTQ2Www3V2Ner18B3gj]"}
{"time":"2026-06-11T22:01:18.890223+08:00","level":"INFO","service":"base-api","caller":"app/base/api/internal/task/scan.go:402","msg":"pos业务 - market buy token - solana 处理扫描到的交易 - 交易Id[47VxjDcWRfXu27eTTKti5NNbwKsWR19zSGx1pRXtnpmd37rxCyNz7nejwjEKYxFrf8WJcDxpARr6txQyvqp51kpp]"}
{"time":"2026-06-11T22:01:18.890858+08:00","level":"INFO","service":"base-api","caller":"app/base/api/internal/task/scan.go:402","msg":"pos业务 - market buy token - solana 处理扫描到的交易 - 交易Id[2ywkdJmQL3wwPLFnfjimiQmFtnSXh1QvxjzRtwZmYLzDJa5MqjTW9wJCNUdK2ZNEkXmN1yVjmsz2N9QsJZ9eNhKv]"}
{"time":"2026-06-11T22:01:18.890416+08:00","level":"INFO","service":"base-api","caller":"app/base/api/internal/task/scan.go:402","msg":"pos业务 - market buy token - solana 处理扫描到的交易 - 交易Id[49GmTJNeHLZMpcvWNDTtZadzjGSAoDWwVNyqoR1oCCXQgiMmx5JzNfbCg3QoTgXAohxCfbJRsuJabhanDsnHh1Ey]"}
{"time":"2026-06-11T22:01:18.891389+08:00","level":"INFO","service":"base-api","caller":"app/base/api/internal/task/scan.go:402","msg":"pos业务 - market buy token - solana 处理扫描到的交易 - 交易Id[49BmdKH6K8XM2Gjfm64z7g4dipWqcTwcQVHTqKAT5LJCPer47CDyjwui584cyxkPxhbdShgcaVgnNMxJectfuaWm]"}
{"time":"2026-06-11T22:01:18.891805+08:00","level":"INFO","service":"base-api","caller":"app/base/api/internal/task/scan.go:402","msg":"pos业务 - market buy token - solana 处理扫描到的交易 - 交易Id[4igTG4pHYYFuDWEQPeDMfVhjCRLhfiNqtLbsgUUno8w7H9fijTnW2rw9DTiWFWCeHZRwntDFTLTzqjLMjaCydEzD]"}
{"time":"2026-06-11T22:01:18.892547+08:00","level":"INFO","service":"base-api","caller":"app/base/api/internal/task/scan.go:402","msg":"pos业务 - market buy token - solana 处理扫描到的交易 - 交易Id[42iDfB2w3pdKUqJx73aigXx9UYGevTa12ZdwNRmnWKuxm5FhYjafU5SgzqHrm2AufQ8BPWj77vyHqurSpdakfJDh]"}
{"time":"2026-06-11T22:01:18.892874+08:00","level":"INFO","service":"base-api","caller":"app/base/api/internal/task/scan.go:402","msg":"pos业务 - market buy token - solana 处理扫描到的交易 - 交易Id[LmuuurzVZQrhxzkanNEjQqqdGBFwbUhjDHUJNnVNMYaA42T8yRcPe3mRQ16735SQbPwnPa8B3wsEFF2PfA6vrZq]"}
{"time":"2026-06-11T22:01:18.891784+08:00","level":"INFO","service":"base-api","caller":"app/base/api/internal/task/scan.go:402","msg":"pos业务 - market buy token - solana 处理扫描到的交易 - 交易Id[3GbzGfega4RKDzVkB5BhXKEVWWcNH8v4raPJdRfJaFnFuwr8pyBHLKKA5JeRBhHrVP3RHAqcY4DhuK611h86qMzT]"}
{"time":"2026-06-11T22:01:18.894482+08:00","level":"INFO","service":"base-api","caller":"app/base/api/internal/task/scan.go:402","msg":"pos业务 - market buy token - solana 处理扫描到的交易 - 交易Id[2oicWQc5uhJLJgPncBDw5C8pjiDZzJTMDwzFEyu1rNNvSej1jNGZwiR7TjUkNdsn4FCBThokgeDnrQTWhH6hequY]"}
{"time":"2026-06-11T22:01:18.877407+08:00","level":"INFO","service":"base-api","caller":"app/base/api/internal/task/scan.go:402","msg":"pos业务 - market buy token - solana 处理扫描到的交易 - 交易Id[3Kg4VDtaPXPPveC7EhBHXXtCXG5JVA3CBQqgz9Lkcdo9TzAWMN6qkwbhkDd3yQmmBvxGeeac2Nt3TfQrkdNCVdFY]"}
{"time":"2026-06-11T22:01:18.894498+08:00","level":"INFO","service":"base-api","caller":"app/base/api/internal/task/scan.go:402","msg":"pos业务 - market buy token - solana 处理扫描到的交易 - 交易Id[5ewNALuYbVLwjDggoFuNRfVV4eAitapCE3UufH4RMEewEEXxfLXhEqx8qfkTXvCEPcb2AdVPA1umkHtXGrVYCqZZ]"}
{"time":"2026-06-11T22:01:18.894549+08:00","level":"INFO","service":"base-api","caller":"app/base/api/internal/task/scan.go:402","msg":"pos业务 - market buy token - solana 处理扫描到的交易 - 交易Id[2UsqcXhXL2EQqtNeM5StJ2h4KLUp5zL3TNYxo81YoefmztiT6NQHUs7UBxAgXM1zzGZ3fQawoFtSZJaLV9DR2jNu]"}
{"time":"2026-06-11T22:01:18.892118+08:00","level":"INFO","service":"base-api","caller":"app/base/api/internal/task/scan.go:402","msg":"pos业务 - market buy token - solana 处理扫描到的交易 - 交易Id[3S318epQvChrTR8Tte1kDHM9tUQnnbdmEHU8hQsBgDooG7JLUSvJAHrMT3m4xh9zs69Hg9EFcJ9q2VgiW1rdSpPn]"}
{"time":"2026-06-11T22:01:18.89697+08:00","level":"INFO","service":"base-api","caller":"app/base/api/internal/task/scan.go:402","msg":"pos业务 - market buy token - solana 处理扫描到的交易 - 交易Id[3KMqXNJQGXHX8dVGcM2PszKUUbbLC4Wixw3dJb3W4FeacrfjCP27q7kbTjiDazh9Bqw784P4LtwBH44TFp1USniE]"}
{"time":"2026-06-11T22:01:18.897202+08:00","level":"INFO","service":"base-api","caller":"app/base/api/internal/task/scan.go:402","msg":"pos业务 - market buy token - solana 处理扫描到的交易 - 交易Id[31DgipZcahFPoptwuPsEqPfFpG8dei55RzhZ6sCxSFUNbMYjWb5ZNrJ32h8Y1LFozaLjEMRcbxXQRVYne13BQeDe]"}
{"time":"2026-06-11T22:01:18.897229+08:00","level":"INFO","service":"base-api","caller":"app/base/api/internal/task/scan.go:402","msg":"pos业务 - market buy token - solana 处理扫描到的交易 - 交易Id[34zfBsTmUqa12BtvJ4h8ei5vbV9EKiSMpyata1h7vZRLVnoWjHN6kZ4AGniwC2FBDspiusbfpGf45kzaqVRsjL44]"}
{"time":"2026-06-11T22:01:18.87927+08:00","level":"INFO","service":"base-api","caller":"app/base/api/internal/task/scan.go:402","msg":"pos业务 - market buy token - solana 处理扫描到的交易 - 交易Id[4rSTB685T2c8YUiWkRQpxp3z95ZCeJRMLWQA4k4ktMpYdU41kPtPFsQFRcUugPBHvT33LfKRjGsf15djonZqNb4G]"}
{"time":"2026-06-11T22:01:18.892105+08:00","level":"INFO","service":"base-api","caller":"app/base/api/internal/task/scan.go:402","msg":"pos业务 - market buy token - solana 处理扫描到的交易 - 交易Id[5pxye1hSPmEqXozWBnyW4HWQtNsLhAoRUnQVkGgnz3H1GiPFSh3qVDT5nXvtNC8kmz7xtHdWBy2mGsYMTENDqxHG]"}
{"time":"2026-06-11T22:01:18.897998+08:00","level":"INFO","service":"base-api","caller":"app/base/api/internal/task/scan.go:402","msg":"pos业务 - market buy token - solana 处理扫描到的交易 - 交易Id[d6o362aAuueprWD4RQkmW9aayd9htuFxhTcb4JYgMYsFxZEnRRsh7GBhTbfjNkB1K4M9CjLFvmGBeXAmGBNyM68]"}
{"time":"2026-06-11T22:01:18.898013+08:00","level":"INFO","service":"base-api","caller":"app/base/api/internal/task/scan.go:402","msg":"pos业务 - market buy token - solana 处理扫描到的交易 - 交易Id[2LSVdqmwP9awR5FhfNKHkARFHgvvni7hEQAaucTpX5pYV7P4k9Nw68Aq6SGcDCaa5hXSpCgxX7FBXx1h5rYLvd4j]"}
{"time":"2026-06-11T22:01:18.898032+08:00","level":"INFO","service":"base-api","caller":"app/base/api/internal/task/scan.go:402","msg":"pos业务 - market buy token - solana 处理扫描到的交易 - 交易Id[2UA5Ans6RApNN2X9NG7dbCoZrx2moMxXqWUZrZBmdCoJMYTJK38iXMsKYA8w2ShWtQyTUL4CRzo6SS8m4Mt4e5YL]"}
{"time":"2026-06-11T22:01:18.898061+08:00","level":"INFO","service":"base-api","caller":"app/base/api/internal/task/scan.go:402","msg":"pos业务 - market buy token - solana 处理扫描到的交易 - 交易Id[fbbM7AvMyYku14FehjDGXUJGVrP3bhdZxKfxZod81mpsqURZhQAacPVQu76Qfb6x7fzShHwExDVhome6KF61qw3]"}
{"time":"2026-06-11T22:01:18.898509+08:00","level":"INFO","service":"base-api","caller":"app/base/api/internal/task/scan.go:402","msg":"pos业务 - market buy token - solana 处理扫描到的交易 - 交易Id[25BqzBxVp7NCftSeoB4EnpBowYDt1AgvcchWAzmag4BGqjM2HGwDJmbcgQ11VtvUSZTMTKVccaoAiixHyD9CzqpE]"}
{"time":"2026-06-11T22:01:18.898575+08:00","level":"INFO","service":"base-api","caller":"app/base/api/internal/task/scan.go:402","msg":"pos业务 - market buy token - solana 处理扫描到的交易 - 交易Id[5z4mFwvqhmwFnLoax7tB77w3hy1cXUjT9oNDkDWLZVgfEc8AXKz6DCV3VPqfzuYJa6N7JhUjVVgkvPgWimDFgsm9]"}
{"time":"2026-06-11T22:01:18.899335+08:00","level":"INFO","service":"base-api","caller":"app/base/api/internal/task/scan.go:402","msg":"pos业务 - market buy token - solana 处理扫描到的交易 - 交易Id[5Lbz6sax3gA5dFRXpmgKk8gzuTurNeRZPAWNkuZUjFVnrkKRjihcunV3j8h1MBywKAdEx8fCvxDEMoEBDusQkBYt]"}
{"time":"2026-06-11T22:01:18.892058+08:00","level":"INFO","service":"base-api","caller":"app/base/api/internal/task/scan.go:402","msg":"pos业务 - market buy token - solana 处理扫描到的交易 - 交易Id[5rvUatKhWbkR35wMjCVRfFjehqBCnrdWKpKPqScufyJXPz65WzxEWWHiuiP6bZxTe7TzSkk75QF9E258DTHCaJP]"}
{"time":"2026-06-11T22:01:18.898422+08:00","level":"INFO","service":"base-api","caller":"app/base/api/internal/task/scan.go:402","msg":"pos业务 - market buy token - solana 处理扫描到的交易 - 交易Id[4Mzwzy6UvoiSvK4SqEdB1dJs7fL3SW6tBMFiVmk7sUgAYW5xi4qZg8FVrkFScKTebJ7xBzYqPHJP1UiG4aP1W3pD]"}
{"time":"2026-06-11T22:01:18.891851+08:00","level":"INFO","service":"base-api","caller":"app/base/api/internal/task/scan.go:402","msg":"pos业务 - market buy token - solana 处理扫描到的交易 - 交易Id[5Voz1HpyxLEswmJvP6Xe3TT9A1z6WsH77pXodLHuEZhEPkrFRMAoCbGrZZmnS2AGQjnoVb1z4ogxmXrs96LFJEVs]"}
{"time":"2026-06-11T22:01:18.902671+08:00","level":"INFO","service":"base-api","caller":"app/base/api/internal/task/scan.go:402","msg":"pos业务 - market buy token - solana 处理扫描到的交易 - 交易Id[584jE3FfUJx2qp1gFjFEEXMnCiuQLrCuGtnUHAzNKPTwowHbEDC3AQULL7byU3iK6t6xTSGR1C6cy3XSQQJs3bTD]"}
{"time":"2026-06-11T22:01:18.90163+08:00","level":"INFO","service":"base-api","caller":"app/base/api/internal/task/scan.go:402","msg":"pos业务 - market buy token - solana 处理扫描到的交易 - 交易Id[nUXMyJV6JUH1Ac6gbRSNPfEUaGmTqxhWBWqEk2vobF8TnmK3U9rhm8gnNJ32nQqUh5KAkwXfMvCKsjEbUpG3ktH]"}
{"time":"2026-06-11T22:01:18.902868+08:00","level":"INFO","service":"base-api","caller":"app/base/api/internal/task/scan.go:402","msg":"pos业务 - market buy token - solana 处理扫描到的交易 - 交易Id[cjdDVrQnKUSS2w7oKq3p3Cd5giHkBu7krtbdcoNv36WLoBbdyH9y7bQvRMtuPneaNaBS8yD7vY7kbiBuKmvqJba]"}
{"time":"2026-06-11T22:01:18.902884+08:00","level":"INFO","service":"base-api","caller":"app/base/api/internal/task/scan.go:402","msg":"pos业务 - market buy token - solana 处理扫描到的交易 - 交易Id[3a5Aw1N7eYUkAF2XVxKFwMaS6JqaMeSLLk1PXiQjBMDCwtFnNqYqGXRvRyzubsa4RPACbrjLaCSC8EY9Wdn4YsFf]"}
{"time":"2026-06-11T22:01:18.904162+08:00","level":"INFO","service":"base-api","caller":"app/base/api/internal/task/scan.go:402","msg":"pos业务 - market buy token - solana 处理扫描到的交易 - 交易Id[utGiohiXCjrC9N94zRqJVa3Wu9ooayub5FfoN8XYMHDE4xTJNGTR4nRqyRWrXErd3gUwTPc3pQkVk12w6S4bHwf]"}
{"time":"2026-06-11T22:01:18.900217+08:00","level":"INFO","service":"base-api","caller":"app/base/api/internal/task/scan.go:402","msg":"pos业务 - market buy token - solana 处理扫描到的交易 - 交易Id[3Fvwb6NR7N6Bfv7xTdoi2Vg8Hhmov3MXcYuCCrTYz94PTseE7jE9VaZaN7zphpJzhaSJieXZBnaNBSstcpx8avFx]"}
{"time":"2026-06-11T22:01:18.90412+08:00","level":"INFO","service":"base-api","caller":"app/base/api/internal/task/scan.go:402","msg":"pos业务 - market buy token - solana 处理扫描到的交易 - 交易Id[4WyP2bo5MqatmSjAp7BV6Cg3dZs4tVXHbt4vXWnrvQSx1CFgKbRRGY76TMHPbRsAABGRf16rJQxS4izogr45aGNh]"}
{"time":"2026-06-11T22:01:18.905139+08:00","level":"INFO","service":"base-api","caller":"app/base/api/internal/task/scan.go:402","msg":"pos业务 - market buy token - solana 处理扫描到的交易 - 交易Id[43Do71dBb8XsyAeWA9Hw1s1rgsbJJv3KNMDMiBUTz2JC7ktXEFKJS3b7yBxapTh1td15iRtEYWEcUYw2J4ZndAPT]"}
{"time":"2026-06-11T22:01:18.909603+08:00","level":"INFO","service":"base-api","caller":"app/base/api/internal/task/scan.go:402","msg":"pos业务 - market buy token - solana 处理扫描到的交易 - 交易Id[2ct7VovRbpPj5j3Y4mY5jN4rwGws7ttcfUqkercK1zG9YqnaEA2pJXuBg9S2UrKWybw6uUPnb96ctzmD6eVsh6b1]"}
{"time":"2026-06-11T22:01:18.915822+08:00","level":"INFO","service":"base-api","caller":"app/base/api/internal/task/scan.go:402","msg":"pos业务 - market buy token - solana 处理扫描到的交易 - 交易Id[5yfU1hSSx86yYTQuepLVdzNYTUbua2pRkmai4yhtdtDxMghhNtfp8EDJXPiT9Hh2ThK5DsoUrueCrpTAKqPzu9VU]"}
{"time":"2026-06-11T22:01:18.904292+08:00","level":"INFO","service":"base-api","caller":"app/base/api/internal/task/scan.go:402","msg":"pos业务 - market buy token - solana 处理扫描到的交易 - 交易Id[4KTHUGugWf3Rn4ouR526vBx97ZyVVrmNPf7yPz9KY2GUznqf2kRz34QAukF1VLnapBiizke8PLmTNzcSkxjtyQnm]"}
{"time":"2026-06-11T22:01:18.916786+08:00","level":"INFO","service":"base-api","caller":"app/base/api/internal/task/scan.go:402","msg":"pos业务 - market buy token - solana 处理扫描到的交易 - 交易Id[FC9EidNb8MjX9SoAdgtkmXjb39Wj6pbT8agaxyrn3fxAkgRV5QxYGZGRMUM5YuVCjctcxKrTiiFgJ6F1r14exTk]"}
{"time":"2026-06-11T22:01:18.916798+08:00","level":"INFO","service":"base-api","caller":"app/base/api/internal/task/scan.go:402","msg":"pos业务 - market buy token - solana 处理扫描到的交易 - 交易Id[2x4qEUnieqHvtG69JwDKxNZdyakFeqhYNmckxNZe6C32g7sKzety7Ko4XUcaRdEZJcHyMz6hkcC1EpKyZ4TektkR]"}
{"time":"2026-06-11T22:01:18.917134+08:00","level":"INFO","service":"base-api","caller":"app/base/api/internal/task/scan.go:402","msg":"pos业务 - market buy token - solana 处理扫描到的交易 - 交易Id[2cb493xTHRqqhf9Kj4FKq2nW2Zh835fn9cQh2uWKPSjYYspEeDwrnKfirD8TEFkVNjv2pQx2PcTaRNHEYBM6NrJn]"}
{"time":"2026-06-11T22:01:18.917182+08:00","level":"INFO","service":"base-api","caller":"app/base/api/internal/task/scan.go:402","msg":"pos业务 - market buy token - solana 处理扫描到的交易 - 交易Id[piASQoH2ZCHo3LsCXjZ9yU9bnojnWFLRhcBxsYskgUYERsoQYVMepLsUS8jg7hQ7wm5W2wUmZCXh9kALsqQvdUT]"}
{"time":"2026-06-11T22:01:18.917265+08:00","level":"INFO","service":"base-api","caller":"app/base/api/internal/task/scan.go:402","msg":"pos业务 - market buy token - solana 处理扫描到的交易 - 交易Id[5TEkzMkToJ4fg9ks2Dztn8bPDfsNhVP6bfq9Jv3WxR9pAPLx4nsD35WtSpcV6FQ2Yb4wXZC3EMcVq8CLb46BfjCv]"}
{"time":"2026-06-11T22:01:18.917297+08:00","level":"INFO","service":"base-api","caller":"app/base/api/internal/task/scan.go:402","msg":"pos业务 - market buy token - solana 处理扫描到的交易 - 交易Id[5Yb926tvd5o9UGzBBGzu7ZFRqbg4sPg5dvLiMyW4byZf8ppwE9Wt7cN2YYVHx1gX8JZTH4pJUqSybNzJqqmEUWiU]"}
{"time":"2026-06-11T22:01:18.918861+08:00","level":"INFO","service":"base-api","caller":"app/base/api/internal/task/scan.go:402","msg":"pos业务 - market buy token - solana 处理扫描到的交易 - 交易Id[26VMQhPE1aP7W2MCWUX7nBfcP5SB9LjUV52tLNF4NTto1AEQPFVGnd53se4MYKuLH6dqgcuBb6JP4r5jdku8tMCD]"}
{"time":"2026-06-11T22:01:18.917222+08:00","level":"INFO","service":"base-api","caller":"app/base/api/internal/task/scan.go:402","msg":"pos业务 - market buy token - solana 处理扫描到的交易 - 交易Id[3ByCwBCvYcae5FNWTG1QR2evsoaVs2aBXH8UmXw2U66ZGyPj8keNTB5youVDayHzbyLTi1HZBx34GQy6hnJbuZLW]"}
{"time":"2026-06-11T22:01:18.918925+08:00","level":"INFO","service":"base-api","caller":"app/base/api/internal/task/scan.go:402","msg":"pos业务 - market buy token - solana 处理扫描到的交易 - 交易Id[DkotkAXsDAsGtzHpggXckbLSosrpzBREKqyAzpYiCmyGM3uJMp7LseTjcSmMggPvWKA56WfbSQ3zBSdvq2QdxEr]"}
{"time":"2026-06-11T22:01:18.91888+08:00","level":"INFO","service":"base-api","caller":"app/base/api/internal/task/scan.go:402","msg":"pos业务 - market buy token - solana 处理扫描到的交易 - 交易Id[67ANt9oiywimXmKtA4quPSyzRkLy24KVrTB4RPevWNWAFaRTpyzCYv4SrzQW7tidsz1Gxwq4xmPEw5e9ZHgJS7Sf]"}
{"time":"2026-06-11T22:01:18.918942+08:00","level":"INFO","service":"base-api","caller":"app/base/api/internal/task/scan.go:402","msg":"pos业务 - market buy token - solana 处理扫描到的交易 - 交易Id[2KNngkHGch9FgieDtYFd8CsUgGroCQJca8rHdFik2eikKAxEV6FRTpAPo1DrzP6HM4uyqJrvMaqNeTxqSoH7eiAJ]"}
{"time":"2026-06-11T22:01:18.91946+08:00","level":"INFO","service":"base-api","caller":"app/base/api/internal/task/scan.go:402","msg":"pos业务 - market buy token - solana 处理扫描到的交易 - 交易Id[48hJ8vaMNSQVnRonoGKvFhxAsYQhRp35y4Cby3wb2MmDH9JKBTHtEoegTbQnkSut4eaW46FeHPmArFjPu2kd373J]"}
{"time":"2026-06-11T22:01:18.892573+08:00","level":"INFO","service":"base-api","caller":"app/base/api/internal/task/scan.go:402","msg":"pos业务 - market buy token - solana 处理扫描到的交易 - 交易Id[5tY8nsACS3jUcSVsdyvRrt5kKHsvGeszBW6dcqrLnUHJXrj7DnLwaCpodUtYRT6E4hjax5LAhej7gxTVkry4X5uJ]"}
{"time":"2026-06-11T22:01:18.905104+08:00","level":"INFO","service":"base-api","caller":"app/base/api/internal/task/scan.go:402","msg":"pos业务 - market buy token - solana 处理扫描到的交易 - 交易Id[3xmdp7s3GsDHuGaukmQAMCR1kBGKNvuJH47S6ngEhc5MoguoAANBpuv4S19ARNeA3qfdQ9fnmqh1dTVfeAs71HVA]"}
{"time":"2026-06-11T22:01:18.917114+08:00","level":"INFO","service":"base-api","caller":"app/base/api/internal/task/scan.go:402","msg":"pos业务 - market buy token - solana 处理扫描到的交易 - 交易Id[esBsZNLq3QbHHMRWndY9HgFZkQ5iYotJL6wn4ZDNDn7y3rXTMGheBjNJuPRxkPxZ96vh9PN4YCYxvvNNpoyNeTd]"}
{"time":"2026-06-11T22:01:18.919311+08:00","level":"INFO","service":"base-api","caller":"app/base/api/internal/task/scan.go:402","msg":"pos业务 - market buy token - solana 处理扫描到的交易 - 交易Id[4aL6xAu9KaDkYrc79hsXubwiTQNKUmmNeL1gniquZ58EW31cKLHweTriKoacLj1z7jCxj6tvZomNJGy3WYWydaDh]"}
{"time":"2026-06-11T22:01:18.919559+08:00","level":"INFO","service":"base-api","caller":"app/base/api/internal/task/scan.go:402","msg":"pos业务 - market buy token - solana 处理扫描到的交易 - 交易Id[4nArjd28suDd76zPhmWb1HskXfh53kn97NLLqX8i4moXdxM19HgFb2byFjfUTqpkQoUpHsDBuSwSxdMBbhBiH3VW]"}
{"time":"2026-06-11T22:01:18.919571+08:00","level":"INFO","service":"base-api","caller":"app/base/api/internal/task/scan.go:402","msg":"pos业务 - market buy token - solana 处理扫描到的交易 - 交易Id[2cj2XVCtTN2RPN1UXhFhkRftZhXZFuyXPRK1RsMbJPEaCQ4nqTb6JpyAUoxGNPpwYUE9HByXRrTuu1mD3N5Ceu3D]"}
{"time":"2026-06-11T22:01:18.919448+08:00","level":"INFO","service":"base-api","caller":"app/base/api/internal/task/scan.go:402","msg":"pos业务 - market buy token - solana 处理扫描到的交易 - 交易Id[4v2geB9yTKjuQJ2McXpA5JB3fWAitQo9dzgLYGVKdkgkgieWxG4MYiqG97vW5o9AnV77CmYR1T6htzVyNmXBtRHw]"}
{"time":"2026-06-11T22:01:18.919583+08:00","level":"INFO","service":"base-api","caller":"app/base/api/internal/task/scan.go:402","msg":"pos业务 - market buy token - solana 处理扫描到的交易 - 交易Id[5aJiMwofPxaGvetne6zJK91FwE7KcFAk4J3kTQ84E3ayqG4pfq4s5hYcQ4R2tVB7zgk78XWmphauWZLAyUVnBSNc]"}
{"time":"2026-06-11T22:01:18.920125+08:00","level":"INFO","service":"base-api","caller":"app/base/api/internal/task/scan.go:402","msg":"pos业务 - market buy token - solana 处理扫描到的交易 - 交易Id[33NXX5hMAiwo9F3h5Cb1ukq2Z7PPYKZri8mdq4mF1A1LVeepFeEZkJ5nPUBy2aXFZgdCuBkJ6EqnFowADULWnGG8]"}
{"time":"2026-06-11T22:01:18.920133+08:00","level":"INFO","service":"base-api","caller":"app/base/api/internal/task/scan.go:402","msg":"pos业务 - market buy token - solana 处理扫描到的交易 - 交易Id[4DX7tf5m1kG6aQqZ1bNCMusLfrAL62FWgg4VB3oJhFinUFHi64KfZ2nDBX1cB7yQurqrvthcYeKLitkoBFEfYwab]"}
{"time":"2026-06-11T22:01:18.920141+08:00","level":"INFO","service":"base-api","caller":"app/base/api/internal/task/scan.go:402","msg":"pos业务 - market buy token - solana 处理扫描到的交易 - 交易Id[2rNkwpM9LLoQCerqfxSoDiSYhEBBxaP35ttQZttehM2JciyxUatzRkpydz2GKueaVDYYWW2hFM8p1vBnDdU7dkr4]"}
{"time":"2026-06-11T22:01:18.92107+08:00","level":"INFO","service":"base-api","caller":"app/base/api/internal/task/scan.go:402","msg":"pos业务 - market buy token - solana 处理扫描到的交易 - 交易Id[2C7Fb1fCHhhP5Tprr8BZJbySgjoZk6Mz9LoFk663v9Ab5C6oVwWCEryjTd6bHWLKpjM2mvXg12NfWwGdbkv5wBES]"}
{"time":"2026-06-11T22:01:18.919453+08:00","level":"INFO","service":"base-api","caller":"app/base/api/internal/task/scan.go:402","msg":"pos业务 - market buy token - solana 处理扫描到的交易 - 交易Id[3EpgJdaRvaBF6zc6FnNh2NbNABGBrYnWHErx6yAiLwSJfKPbUau6dpAWmcokwfXk6mts7e7uvu74v9FVfj1XBVYh]"}
{"time":"2026-06-11T22:01:18.920166+08:00","level":"INFO","service":"base-api","caller":"app/base/api/internal/task/scan.go:402","msg":"pos业务 - market buy token - solana 处理扫描到的交易 - 交易Id[2YbbG8fM6csW3wqw3S8tKANA75tQoKP5Lctuofy3GshLkk95AwgFNr8CkqXR48tHHTJa8e6gL1a3rArMJhqckzjW]"}
{"time":"2026-06-11T22:01:18.921257+08:00","level":"INFO","service":"base-api","caller":"app/base/api/internal/task/scan.go:402","msg":"pos业务 - market buy token - solana 处理扫描到的交易 - 交易Id[2izqsuvF4Ggv2gW9qFBK8hKmnNQYNz3p4gHBPkYqYkqXWgoVfVxV9tgwqEG96p1DkBrDrVaF9qRhPwXakXdagnv9]"}
{"time":"2026-06-11T22:01:18.92128+08:00","level":"INFO","service":"base-api","caller":"app/base/api/internal/task/scan.go:402","msg":"pos业务 - market buy token - solana 处理扫描到的交易 - 交易Id[3bUzYmukRw5u74SeVNygY4C3ymc1aVRNXJCNq9zec7NS7bozsr4EMnB1QfrtipD1ZRJAXveP9v9Ao4RYsAUens3S]"}
{"time":"2026-06-11T22:01:18.920149+08:00","level":"INFO","service":"base-api","caller":"app/base/api/internal/task/scan.go:402","msg":"pos业务 - market buy token - solana 处理扫描到的交易 - 交易Id[5hAVXx96u4xBkQ9ga1nfiidcMFXFQpgTaV8hrYKCTJDGMNug4sUSNX6uXpxx6dqB1eAKqnCeHULNJcToAQDsKrVc]"}
{"time":"2026-06-11T22:01:18.921279+08:00","level":"INFO","service":"base-api","caller":"app/base/api/internal/task/scan.go:402","msg":"pos业务 - market buy token - solana 处理扫描到的交易 - 交易Id[3JnvwLBbueSWhc8v5QjdwwZoUbymzo51iFpxG3V7ARBnoCnhsRzD85rdpUmV4uQWnHzpcrJ2o2Ze3bdBDPBiHXzL]"}
{"time":"2026-06-11T22:01:18.92147+08:00","level":"INFO","service":"base-api","caller":"app/base/api/internal/task/scan.go:402","msg":"pos业务 - market buy token - solana 处理扫描到的交易 - 交易Id[2WFU9skvaFf8oMLvorajuo568Sqxx6WciXn9qEGgrbexpCmdQJUnx7c8weNVT9UioRqiypxHr3jQ5nVQyCMwLH6N]"}
{"time":"2026-06-11T22:01:18.921533+08:00","level":"INFO","service":"base-api","caller":"app/base/api/internal/task/scan.go:402","msg":"pos业务 - market buy token - solana 处理扫描到的交易 - 交易Id[4uyyJHhVxyZ3pM7NvN8YgTyYWk7LsCCAHQYWeiRDo5o7mrph3kDA9RhEaqpfbHAZYf7sTAQd51HRmgDPnkXeo6DM]"}
{"time":"2026-06-11T22:01:18.921578+08:00","level":"INFO","service":"base-api","caller":"app/base/api/internal/task/scan.go:402","msg":"pos业务 - market buy token - solana 处理扫描到的交易 - 交易Id[4TuQQW1RsLuZFf8jkuyq9pyJoS8VBrbnNr2WryKpTpnHSRZRAntkcr2ZcNXP2ATG6vMNWepPbYeE6U96c59osXfB]"}
{"time":"2026-06-11T22:01:18.919313+08:00","level":"INFO","service":"base-api","caller":"app/base/api/internal/task/scan.go:402","msg":"pos业务 - market buy token - solana 处理扫描到的交易 - 交易Id[3x9k1y1sVVFVKHTXKDTmEymy8EDhysGMofmhP86RWxUH5HHxHt9WpUEyuLQDUfxSo84q3HDyBGRD1rVqqAUQhWct]"}
{"time":"2026-06-11T22:01:18.921859+08:00","level":"INFO","service":"base-api","caller":"app/base/api/internal/task/scan.go:402","msg":"pos业务 - market buy token - solana 处理扫描到的交易 - 交易Id[2qwawR11SR7iEaWY7RtnENbjzQGpFSB584J2hP8cb6J7AocsVzJNfXCVgL78ErEU1vFZkGaSUNTKPwVuKuGHsos8]"}
{"time":"2026-06-11T22:01:18.918985+08:00","level":"INFO","service":"base-api","caller":"app/base/api/internal/task/scan.go:402","msg":"pos业务 - market buy token - solana 处理扫描到的交易 - 交易Id[7yi6NyFRwYWnr9dau3dnmPD5Hjz4UGaQHBPkPWoqZWzCCBBc9LCnGnPirJUHBPLVTUdH3MUDPdyhu17RwXoShQm]"}
{"time":"2026-06-11T22:01:18.919572+08:00","level":"INFO","service":"base-api","caller":"app/base/api/internal/task/scan.go:402","msg":"pos业务 - market buy token - solana 处理扫描到的交易 - 交易Id[4eeAwkMTz9qntj7QmKWWxMu1sSkox9i1zXmGEBAtf8UZ6CNCN9cGF3dyqvL9KP8LDkPoVrSuuVidCo5VAi4y6t9d]"}
{"time":"2026-06-11T22:01:18.921866+08:00","level":"INFO","service":"base-api","caller":"app/base/api/internal/task/scan.go:402","msg":"pos业务 - market buy token - solana 处理扫描到的交易 - 交易Id[2RC8cWXsSKQ71ZCbEzvR6e1BuMcsxH6iRdSJRXHcHPmmEPVzoK5jikh2WzrbjSJ7aVapwjqjwZjnCVLayJDie3xw]"}
{"time":"2026-06-11T22:01:18.91904+08:00","level":"INFO","service":"base-api","caller":"app/base/api/internal/task/scan.go:402","msg":"pos业务 - market buy token - solana 处理扫描到的交易 - 交易Id[2K1VP1z8Fdry43KR8BoQSSYznyidT4mGqFakXJGkpsLwy1FBVA9GY2ST37NetRPG7TBSswSR7gcJ4EeCexBJ5dST]"}
{"time":"2026-06-11T22:01:18.917121+08:00","level":"INFO","service":"base-api","caller":"app/base/api/internal/task/scan.go:402","msg":"pos业务 - market buy token - solana 处理扫描到的交易 - 交易Id[2WkY83hCkqJCk81uwhwAtQhYp6hQqAjBjfi1jXvhtgQaJtLmz5yqAtKR3a5yDBFckhHJeueq7Cz74k7v5DfTFZTM]"}
{"time":"2026-06-11T22:01:18.91905+08:00","level":"INFO","service":"base-api","caller":"app/base/api/internal/task/scan.go:402","msg":"pos业务 - market buy token - solana 处理扫描到的交易 - 交易Id[5igdiHSBVEFJiALQvZ9SyrbqiDdYnUPHbHqJf91pyqqga56VxJe8svmf7Zz6SXc8bvydrhGH7CgvutiTVdZRRP8Y]"}
{"time":"2026-06-11T22:01:18.919259+08:00","level":"INFO","service":"base-api","caller":"app/base/api/internal/task/scan.go:402","msg":"pos业务 - market buy token - solana 处理扫描到的交易 - 交易Id[4ATeoNmmeEfgBALFJeqheuuP3WM2CnBbEqCsQPQwyunqoFW9cbf3je7aW8y27iEct91nBr9LJJT1S6TJxGe6iUmn]"}
{"time":"2026-06-11T22:01:18.916872+08:00","level":"INFO","service":"base-api","caller":"app/base/api/internal/task/scan.go:402","msg":"pos业务 - market buy token - solana 处理扫描到的交易 - 交易Id[S8kFkZBXCHnDkLbeyYaUR7JHwoiafnr3iJ5dSJyGJLBYE6nuggn24Gp9VmxHSkyNyMq8NF13MqHnegNrshvQscd]"}
{"time":"2026-06-11T22:01:18.921616+08:00","level":"INFO","service":"base-api","caller":"app/base/api/internal/task/scan.go:402","msg":"pos业务 - market buy token - solana 处理扫描到的交易 - 交易Id[3hKyHFbxkuHRniKnxSZKnEsjdoHVhz323zoktajS862oNrxAydCiKuumb4qfFi4oHwv9t4d6Y3yZUXjWeDLyACAh]"}
{"time":"2026-06-11T22:01:18.891077+08:00","level":"INFO","service":"base-api","caller":"app/base/api/internal/task/scan.go:402","msg":"pos业务 - market buy token - solana 处理扫描到的交易 - 交易Id[4ze7ZR7gAJ4GJGh854jDvs1rHrau9FM2rdgZPpf7woqE6npuruPVgVUk3GKYVsCBRbGqvXrjSNXpYW9qVRdVCbdT]"}
{"time":"2026-06-11T22:01:18.922302+08:00","level":"INFO","service":"base-api","caller":"app/base/api/internal/task/scan.go:402","msg":"pos业务 - market buy token - solana 处理扫描到的交易 - 交易Id[zj1VRaLkGNSGFTueSh7BScDNtz3KYLNM3T3ZwTDLa4BFpqccuwGMhweart2gRojyAHdFNToi7HsJybUaydFqBAz]"}
{"time":"2026-06-11T22:01:18.922326+08:00","level":"INFO","service":"base-api","caller":"app/base/api/internal/task/scan.go:402","msg":"pos业务 - market buy token - solana 处理扫描到的交易 - 交易Id[2W9LeQEGS5hmKwLMnPHHJtSKEcqd4EwQtQRnNAfDSeW8nLVkaRBsGfgfL9USYmj52jnARR2XHuJFc7hVxy3HSoJF]"}
{"time":"2026-06-11T22:01:18.921875+08:00","level":"INFO","service":"base-api","caller":"app/base/api/internal/task/scan.go:402","msg":"pos业务 - market buy token - solana 处理扫描到的交易 - 交易Id[2KTGeD85WUrUu6qLNuUG7Y127HNyXfXJt1bcA8o7pGZL8oVfuN683mPHKm51qgGcMJaPVuLeGGyvH29hLs5uUpie]"}
{"time":"2026-06-11T22:01:18.905095+08:00","level":"INFO","service":"base-api","caller":"app/base/api/internal/task/scan.go:402","msg":"pos业务 - market buy token - solana 处理扫描到的交易 - 交易Id[2X1n7Zsa64v6VGhpLLxoKr7gpfKS8auMVLAcwPrHBkBBGXQrgASKiTpXvMgX4zHKESx115bndsqWohdjt2kixA5U]"}
{"time":"2026-06-11T22:01:18.922441+08:00","level":"INFO","service":"base-api","caller":"app/base/api/internal/task/scan.go:402","msg":"pos业务 - market buy token - solana 处理扫描到的交易 - 交易Id[2UPDmqpKhNcvJSTvnXESNPVTjZcYG1E2oq5kmvyRYzmF1nfZPhGUvVY57eUu2BS547o2Zr8rDyjwL7ce3BEeemhC]"}
{"time":"2026-06-11T22:01:18.916817+08:00","level":"INFO","service":"base-api","caller":"app/base/api/internal/task/scan.go:402","msg":"pos业务 - market buy token - solana 处理扫描到的交易 - 交易Id[3cntMyhGtqo4s5G6ruebyoZHVx5BvMs9dSoLM46fjPQdamFuAXtVFcV27ETKReaR3NYSt8vXnxKxcGsA3qXUW1zh]"}
{"time":"2026-06-11T22:01:18.922482+08:00","level":"INFO","service":"base-api","caller":"app/base/api/internal/task/scan.go:402","msg":"pos业务 - market buy token - solana 处理扫描到的交易 - 交易Id[HPKQfqDSh89CChyokkXC6grVXgdy2PCp5UNDuMQbMXJQABpDLx5kENvqTC9Z28PRWuykfLBDFuM7bgfofjebpmT]"}
{"time":"2026-06-11T22:01:18.922446+08:00","level":"INFO","service":"base-api","caller":"app/base/api/internal/task/scan.go:402","msg":"pos业务 - market buy token - solana 处理扫描到的交易 - 交易Id[5FQqrLzqNsxjT2YMbLPWaBJcbuqEKUnBMez356AL1phCAbvBMaY7cF81xbDswiAavqxdW3XJn9M7Ur47torx2qzf]"}
{"time":"2026-06-11T22:01:18.921646+08:00","level":"INFO","service":"base-api","caller":"app/base/api/internal/task/scan.go:402","msg":"pos业务 - market buy token - solana 处理扫描到的交易 - 交易Id[2DenXTwETtmrUune5c9LuTsX7H5rk1WRZay8Hopa6dHW3KgFANVuNieX9VMtLswvmkxeJyfLe9ZHpxtTEx1svsQg]"}
{"time":"2026-06-11T22:01:18.900064+08:00","level":"INFO","service":"base-api","caller":"app/base/api/internal/task/scan.go:402","msg":"pos业务 - market buy token - solana 处理扫描到的交易 - 交易Id[4zcz1cfJHfEFqc6JSaBDdUCdmjWDmac8fw3AtU7LkUJQx4cu6Hw2FzeDodVkmZy5PUTz9SGT1duK8KgWPsrz8KD4]"}
{"time":"2026-06-11T22:01:18.919281+08:00","level":"INFO","service":"base-api","caller":"app/base/api/internal/task/scan.go:402","msg":"pos业务 - market buy token - solana 处理扫描到的交易 - 交易Id[65kGp8R8mFTS1TdqbbwDYdAymuHxouMSrBwnDrNSoV7Q5DGJp64MsvCBFYjQ2Jk6731BCuJ1zYab9C62fQ6tW12v]"}
{"time":"2026-06-11T22:01:18.899355+08:00","level":"INFO","service":"base-api","caller":"app/base/api/internal/task/scan.go:402","msg":"pos业务 - market buy token - solana 处理扫描到的交易 - 交易Id[2guPbHvTey8SStNPNoZKrkyRUspvmcASAccjcoKk6i9LQb6ngC2n8aMVJDKRvWfmmtxSwDaHDdzFhGpCNQaaNAj1]"}
{"time":"2026-06-11T22:01:18.919293+08:00","level":"INFO","service":"base-api","caller":"app/base/api/internal/task/scan.go:402","msg":"pos业务 - market buy token - solana 处理扫描到的交易 - 交易Id[4BxMmrFLMUFFGffH82QCUMcUCC2RX41o9d2YWKdGAQ5j4VzwcVGpdHVirkbjVLTDLPytMDXpgyZ4zRzc5j8Tf5EM]"}
{"time":"2026-06-11T22:01:18.919294+08:00","level":"INFO","service":"base-api","caller":"app/base/api/internal/task/scan.go:402","msg":"pos业务 - market buy token - solana 处理扫描到的交易 - 交易Id[5Y3R9KH2EhHyvKvV1A2PtAF7vYVmu3nzqA714pMJaqcx7a6xf6D2CX777Ud7nfsQFhzu79DjGpxssfroW5xYWKU4]"}
{"time":"2026-06-11T22:01:18.919268+08:00","level":"INFO","service":"base-api","caller":"app/base/api/internal/task/scan.go:402","msg":"pos业务 - market buy token - solana 处理扫描到的交易 - 交易Id[UqhkwuLMV3Fx9tsvtULZR6q3gYu6DM9ibtbqmXmZRDcNi83zRV41ySTRn9e1Q5epq5dNRAWpxtmBTTJXMMLHtp6]"}
{"time":"2026-06-11T22:01:18.919373+08:00","level":"INFO","service":"base-api","caller":"app/base/api/internal/task/scan.go:402","msg":"pos业务 - market buy token - solana 处理扫描到的交易 - 交易Id[2Lumg8hqwGkjVfFv8ppMm784pjKz286PZp6DHmqxQZb3grZvZDq5LAz5W5pHtcGmSudBvMKV4h3aZip1XjF7wDZ2]"}
{"time":"2026-06-11T22:01:18.919284+08:00","level":"INFO","service":"base-api","caller":"app/base/api/internal/task/scan.go:402","msg":"pos业务 - market buy token - solana 处理扫描到的交易 - 交易Id[3hXumR7evTxqSA32A89mC6xrcgz5MwwsbTWUzAnenxeAHRSdNQbw9uuYRY5DQ5WhFuGzRvCAztQgc7rgXmN6MH1s]"}
{"time":"2026-06-11T22:01:18.919382+08:00","level":"INFO","service":"base-api","caller":"app/base/api/internal/task/scan.go:402","msg":"pos业务 - market buy token - solana 处理扫描到的交易 - 交易Id[4M2fdVr6NNYgBXfjoZzHx7zNqNk4pijGSzzs2YyksSv5yX55HLxBHeU5G4RP9pVzL9zyFWXLwSevWQd3ic8cJHFe]"}
{"time":"2026-06-11T22:01:18.919432+08:00","level":"INFO","service":"base-api","caller":"app/base/api/internal/task/scan.go:402","msg":"pos业务 - market buy token - solana 处理扫描到的交易 - 交易Id[5mc8B1cvtj2qmQoyVjLk6Rn6sTzzmi3QTrBTQwZPx6BiHkuyuboNNsA8tRrzxPAhpZk1E2b5x35ZMhznD7hYmKF5]"}
{"time":"2026-06-11T22:01:18.922494+08:00","level":"INFO","service":"base-api","caller":"app/base/api/internal/task/scan.go:402","msg":"pos业务 - market buy token - solana 处理扫描到的交易 - 交易Id[3p1Px5uB6ZkQqMNRrSyXSPrWMxSHcNvGUgYX34V2xib3rV8KJbYxYxoGF5hiWdDmpLHU7R9yS7LdBFM2UdnNboQR]"}
{"time":"2026-06-11T22:01:18.919271+08:00","level":"INFO","service":"base-api","caller":"app/base/api/internal/task/scan.go:402","msg":"pos业务 - market buy token - solana 处理扫描到的交易 - 交易Id[4E9L9fo8xPJ4yZz8qTivLxXEwPN9X9c8ThG9pNs2tDuZurMSonwpB1XtSNuDkmtn23bKWk2SRGF5hVai168WjAkC]"}
{"time":"2026-06-11T22:01:18.922355+08:00","level":"INFO","service":"base-api","caller":"app/base/api/internal/task/scan.go:402","msg":"pos业务 - market buy token - solana 处理扫描到的交易 - 交易Id[4vDsHLAcx6BRD8EEeeHiFnXKyZcXimUDjWxE8jGcgBiKS6b8BMNebrCbaC7BRCCpwXH9VCpnwYNQDDPsvKpMrTvJ]"}
{"time":"2026-06-11T22:01:18.919436+08:00","level":"INFO","service":"base-api","caller":"app/base/api/internal/task/scan.go:402","msg":"pos业务 - market buy token - solana 处理扫描到的交易 - 交易Id[3wzX6AjavD2catXNmK1p491mxwR7h6QZkdah6dDZdnSDC82J4JEu6ubUG7qtgVdH25MNzdARVVyX78fknkHY3tiR]"}
{"time":"2026-06-11T22:01:18.919492+08:00","level":"INFO","service":"base-api","caller":"app/base/api/internal/task/scan.go:402","msg":"pos业务 - market buy token - solana 处理扫描到的交易 - 交易Id[4nR8mRmerkuYXaLPAFjD844St66MS6TLaj4qJ2qVJFwwCqs6DmBz1iiJfUma73JjvsprK8jwQ5dw9Tq8erffjFjV]"}
{"time":"2026-06-11T22:01:18.922324+08:00","level":"INFO","service":"base-api","caller":"app/base/api/internal/task/scan.go:402","msg":"pos业务 - market buy token - solana 处理扫描到的交易 - 交易Id[5H6DprLtkqDaGAjDpD52sMbP4v941wiuBHZQiMy8EUQnqx1yYxkYbBb8vN4NHFPRaEUcLKtt6CMeXyhULqGT9M2x]"}
{"time":"2026-06-11T22:01:18.922455+08:00","level":"INFO","service":"base-api","caller":"app/base/api/internal/task/scan.go:402","msg":"pos业务 - market buy token - solana 处理扫描到的交易 - 交易Id[65FFTNeKT6MEEe7koxwEU7D8exSSspahKa7nWyUd6cSBLMiu1whtiMwvUPzgBJM2TMh7HM6gnUFZiqEuSL8yCTM5]"}
{"time":"2026-06-11T22:01:18.919273+08:00","level":"INFO","service":"base-api","caller":"app/base/api/internal/task/scan.go:402","msg":"pos业务 - market buy token - solana 处理扫描到的交易 - 交易Id[4BvjmBzyxkPorfFWwxeZA8CmDikQzXoZhYpUXU2kKGKprCCaJ7xzySFAAAi4HwQeyebsbz3hM2B92BjMFCqE9kPh]"}
{"time":"2026-06-11T22:01:18.92158+08:00","level":"INFO","service":"base-api","caller":"app/base/api/internal/task/scan.go:402","msg":"pos业务 - market buy token - solana 处理扫描到的交易 - 交易Id[LVsM9qhvX7gyHC5zg1otc2i3kWiMRXSdbf1mc3AZ6xd4f6wkng7wRZdr35mLLwtbnUAYnS1U2ph7YZvv165UDvz]"}
{"time":"2026-06-11T22:01:18.922526+08:00","level":"INFO","service":"base-api","caller":"app/base/api/internal/task/scan.go:402","msg":"pos业务 - market buy token - solana 处理扫描到的交易 - 交易Id[6tkHJXBWHe8Yxh99frFTtYF3cbXnCXLYVxQbvBgAyxMpDYgkwueVqVMDapRGjuAN8VpYiEkar8A86mNjPa6Qbn2]"}
{"time":"2026-06-11T22:01:18.922497+08:00","level":"INFO","service":"base-api","caller":"app/base/api/internal/task/scan.go:402","msg":"pos业务 - market buy token - solana 处理扫描到的交易 - 交易Id[SomwsAQAnegqG6fDwaZUZFyc9PXyiZruFeeNRDA4gEzPjyZeWFApaxXrazMCkxMRGsEKdwhWJJKiWshrgZnNKrL]"}
{"time":"2026-06-11T22:01:18.922534+08:00","level":"INFO","service":"base-api","caller":"app/base/api/internal/task/scan.go:402","msg":"pos业务 - market buy token - solana 处理扫描到的交易 - 交易Id[nhQMV4GkkpHKY6R6SSfskUzXvFHEkWRLBKoSpyNFDi5sRkMFoJJtvSFJU8Q9EBJ5YcX8UT4vZsVR98HLCeWvfdA]"}
{"time":"2026-06-11T22:01:18.9227+08:00","level":"INFO","service":"base-api","caller":"app/base/api/internal/task/scan.go:402","msg":"pos业务 - market buy token - solana 处理扫描到的交易 - 交易Id[4hhgFPLfjfxs7ZBKqGeR7gY2e5FwGbH4aMrPiGuqMy6L3S5AHmnWqwgXsYb4H95ZuSRD3BgRdtiofdb5C4zTBrEg]"}
{"time":"2026-06-11T22:01:18.922705+08:00","level":"INFO","service":"base-api","caller":"app/base/api/internal/task/scan.go:402","msg":"pos业务 - market buy token - solana 处理扫描到的交易 - 交易Id[5QJHhyNtnMfVGxoJGCPhW5ac4jNdGK1AU26qAGJbZbvPeEYxjSjMK6Wvm34tZxSmJP8CqD9nzCUGWjoy4CxuML2V]"}
{"time":"2026-06-11T22:01:18.921509+08:00","level":"INFO","service":"base-api","caller":"app/base/api/internal/task/scan.go:402","msg":"pos业务 - market buy token - solana 处理扫描到的交易 - 交易Id[37FEE1ZvqrPBYpkkkdL49569Sv2X2if9QDDyKf961q9jSc8voQSuJGeD3ZiiHMMKCbat3GX8nu3tWceRriVMczca]"}
{"time":"2026-06-11T22:01:18.922709+08:00","level":"INFO","service":"base-api","caller":"app/base/api/internal/task/scan.go:402","msg":"pos业务 - market buy token - solana 处理扫描到的交易 - 交易Id[WGiLjCBMvhHwLLJPrNK6ureTQUQ2nm9Ekihz7jM9kXqWDEq8vPy5ZBusYGhZQMGdf2DtbxtHc5c3bgXUA7Ama7J]"}
{"time":"2026-06-11T22:01:18.91929+08:00","level":"INFO","service":"base-api","caller":"app/base/api/internal/task/scan.go:402","msg":"pos业务 - market buy token - solana 处理扫描到的交易 - 交易Id[KZ3VivXLsvSbv5tkeBHLkBx7JQJjxPyQUGmTxTv5Ery4vyfYNe56AdHRcYihakceM1GnT2y1XqaSkSTNtgHrjuH]"}
{"time":"2026-06-11T22:01:18.9228+08:00","level":"INFO","service":"base-api","caller":"app/base/api/internal/task/scan.go:402","msg":"pos业务 - market buy token - solana 处理扫描到的交易 - 交易Id[2H54QMhDycG5njWHrJro7F7R1SCFrVhNDVoYPgtRb5rY6ZvdNjbVAJxiEB1cQBVAupDNDgsuNjXgcLgQ388R9oau]"}
{"time":"2026-06-11T22:01:18.922807+08:00","level":"INFO","service":"base-api","caller":"app/base/api/internal/task/scan.go:402","msg":"pos业务 - market buy token - solana 处理扫描到的交易 - 交易Id[4Xo57FaKQyEFNubHDfsZXm9NmEAKLicm1HFEyBAsz4UjTGjcpBEy2iZPppwNh1gFroxhpXBnGoahAQf7Xn8QJmAF]"}
{"time":"2026-06-11T22:01:18.922807+08:00","level":"INFO","service":"base-api","caller":"app/base/api/internal/task/scan.go:402","msg":"pos业务 - market buy token - solana 处理扫描到的交易 - 交易Id[5PXpkNxKepJ5e961p59hZCXbMaqi2VZV4w3VPjFApgA9s2Ny9kiYtTa6dvQQfdT7mbtsxPyfWUCtxzp6W4BFHWqz]"}
{"time":"2026-06-11T22:01:18.922809+08:00","level":"INFO","service":"base-api","caller":"app/base/api/internal/task/scan.go:402","msg":"pos业务 - market buy token - solana 处理扫描到的交易 - 交易Id[AiSqcYhagB4NBqDRueyDmogPEuXe2LTniERqtm1tyCEFxXQsdPJJvTgiirub1PFVyZNcVDKuBTrAdRNBaT5wHCN]"}
{"time":"2026-06-11T22:01:18.891847+08:00","level":"INFO","service":"base-api","caller":"app/base/api/internal/task/scan.go:402","msg":"pos业务 - market buy token - solana 处理扫描到的交易 - 交易Id[4VoY9GjqmtYRZg5z5pak4oeHGY42TxnSBG1WoTxyEH74AK3xssncALCbkdZHHScqNGvP3TN4djhWpSxqsai68QGT]"}
{"time":"2026-06-11T22:01:18.922798+08:00","level":"INFO","service":"base-api","caller":"app/base/api/internal/task/scan.go:402","msg":"pos业务 - market buy token - solana 处理扫描到的交易 - 交易Id[3xXRJFkp3ZBiM3z498eaxpjbJZvJhJB9EpgzcyoMA9HsXUpZdNhXyCaKCjEUcyKaxxnJppCNxYJNffwDcb6MDfwu]"}
{"time":"2026-06-11T22:01:18.922816+08:00","level":"INFO","service":"base-api","caller":"app/base/api/internal/task/scan.go:402","msg":"pos业务 - market buy token - solana 处理扫描到的交易 - 交易Id[4ATS8Xe36G98j7YhcG4H66FpBasvor3xR4Uin4Wmgg8GN6pm76PpgFPARhWvbN87fxq3XMzAQHqVz7uj87dBEBsi]"}
{"time":"2026-06-11T22:01:18.922845+08:00","level":"INFO","service":"base-api","caller":"app/base/api/internal/task/scan.go:402","msg":"pos业务 - market buy token - solana 处理扫描到的交易 - 交易Id[43LygwXCd4tj41nhAtPXHLt7BnQuS69pvFsmHwCheek2SxZHeSgtWaP7eKAN7AgohmC55EXfedbwYfgHR5JB3Yqw]"}
{"time":"2026-06-11T22:01:18.922849+08:00","level":"INFO","service":"base-api","caller":"app/base/api/internal/task/scan.go:402","msg":"pos业务 - market buy token - solana 处理扫描到的交易 - 交易Id[4Cswj2ZDunqrLbiNYqgZHK4u7hmDrT6mcDgBJh64f36PmG5KdZY3hxNw52HSgM5zxesJCENRSCi1N9B2r2ESvoHw]"}
{"time":"2026-06-11T22:01:18.923403+08:00","level":"INFO","service":"base-api","caller":"app/base/api/internal/task/scan.go:402","msg":"pos业务 - market buy token - solana 处理扫描到的交易 - 交易Id[41f7M8YdWrfMz2gM6G9wzvxcWxZruKdQXbHkETTaoFZRi4wTaxtSRicaGvCYGaAEcmeVvWwJA4sRMmrY5gi2uPBV]"}
{"time":"2026-06-11T22:01:18.922838+08:00","level":"INFO","service":"base-api","caller":"app/base/api/internal/task/scan.go:402","msg":"pos业务 - market buy token - solana 处理扫描到的交易 - 交易Id[4FnRkNSVt3GVtfqf3jKFb92kz3RqvSLNsgBhRTn5PSS92rznSpVKzhVLsQ1e15pyYbZfJXjJDPcnXbhm8BgWEKZ1]"}
{"time":"2026-06-11T22:01:18.92451+08:00","level":"INFO","service":"base-api","caller":"app/base/api/internal/task/scan.go:402","msg":"pos业务 - market buy token - solana 处理扫描到的交易 - 交易Id[3s5xWiPLdjBtBkzSiCmM96wKy9Uvzx6ES4XXkSKkPHHLNBpuDoU2gWYJCMAnxedqPnUF725ajGcQ3iQjNjhcifPS]"}
{"time":"2026-06-11T22:01:18.922858+08:00","level":"INFO","service":"base-api","caller":"app/base/api/internal/task/scan.go:402","msg":"pos业务 - market buy token - solana 处理扫描到的交易 - 交易Id[3HPKN3pxjEc6NDmiEVQQif9Rq37KkTvxz8iBLC1RQEeLFPMdbjDSvomJYrMCckULR9UCSagF28fA9JAbmUYRY7Mx]"}
{"time":"2026-06-11T22:01:18.924522+08:00","level":"INFO","service":"base-api","caller":"app/base/api/internal/task/scan.go:402","msg":"pos业务 - market buy token - solana 处理扫描到的交易 - 交易Id[2cyEyxhiHtQz4aH34woSpqJ7tYbcRLdbB9oHmsepzNoPJjHqAtstWC4ujef2KsoEBwf1vVZTzoo8YPVqoyd229rW]"}
{"time":"2026-06-11T22:01:18.924799+08:00","level":"INFO","service":"base-api","caller":"app/base/api/internal/task/scan.go:402","msg":"pos业务 - market buy token - solana 处理扫描到的交易 - 交易Id[35rA42opLahVkRmqmAU5MrnxJeD8uiemJVkrYvShaB9E92fa1AxRY3ci6EhDWkyJe4LGSDfVNrYX5YZE56EQYay7]"}
{"time":"2026-06-11T22:01:18.924804+08:00","level":"INFO","service":"base-api","caller":"app/base/api/internal/task/scan.go:402","msg":"pos业务 - market buy token - solana 处理扫描到的交易 - 交易Id[66iB7A4smkr2yMxBsjpMU1b5UcPwDVrwcWvugiZRE75MgeZL45qnvBWZgXncFu85vtH2zFy3ssSzz5QCgBFfWSDV]"}
{"time":"2026-06-11T22:01:18.922854+08:00","level":"INFO","service":"base-api","caller":"app/base/api/internal/task/scan.go:402","msg":"pos业务 - market buy token - solana 处理扫描到的交易 - 交易Id[5EEACTDPLjMxUQ8WdVHiXGh5yBjjKz94U4RUZu5zVkAkdp61mPHVYuurqjsKWdSBDtxSFbEqkU6xQm4V4JgpQsQd]"}
{"time":"2026-06-11T22:01:18.924815+08:00","level":"INFO","service":"base-api","caller":"app/base/api/internal/task/scan.go:402","msg":"pos业务 - market buy token - solana 处理扫描到的交易 - 交易Id[qMK7ghkpoUqNQYZ3eLqAT5jwZMS86LRdDKhM4Leo93GgFubhDYr57jBUTx1AxZzfgTK3RZdEBZnRLkr7Rhx878H]"}
{"time":"2026-06-11T22:01:18.922817+08:00","level":"INFO","service":"base-api","caller":"app/base/api/internal/task/scan.go:402","msg":"pos业务 - market buy token - solana 处理扫描到的交易 - 交易Id[2kWa7VveMXC2dqx6QTXJ7vaXABzo6xaGXDqCMoK51kkkZZVbUKTRbNcBokg4nVy9HNuvzaRUnP6ExLeGL3G7mfY6]"}
{"time":"2026-06-11T22:01:18.891797+08:00","level":"INFO","service":"base-api","caller":"app/base/api/internal/task/scan.go:402","msg":"pos业务 - market buy token - solana 处理扫描到的交易 - 交易Id[39JLvQsstPJhQ49KUu9L3behdNia4qtVtAM8yjG4J842n4iDToPuuvyGysnfgGPKfruiY1WBrM7kGg1YAAzTTjJp]"}
{"time":"2026-06-11T22:01:18.925709+08:00","level":"INFO","service":"base-api","caller":"app/base/api/internal/task/scan.go:402","msg":"pos业务 - market buy token - solana 处理扫描到的交易 - 交易Id[53zBwCCfm7BdjaaLfo7iM1U987uAjeLCNK8RgvW1kxLpEeZvUKwnvAgjhhDLh4nAMC58KaFqutxFRPXbau2iHZ2Z]"}
{"time":"2026-06-11T22:01:18.925738+08:00","level":"INFO","service":"base-api","caller":"app/base/api/internal/task/scan.go:402","msg":"pos业务 - market buy token - solana 处理扫描到的交易 - 交易Id[3gnpxZ4NLJxoxXM6w6FfQGj5ZYLnMHCnYYhDxPdMDpFyn1BVYYSLKrYC9gVh7C4U7xFL8KsRJTs1YhcJM3mUrRBA]"}
{"time":"2026-06-11T22:01:18.924829+08:00","level":"INFO","service":"base-api","caller":"app/base/api/internal/task/scan.go:402","msg":"pos业务 - market buy token - solana 处理扫描到的交易 - 交易Id[4ZWzoVxKnFvBSYTGEkeiY2h1H2sBiNTmxa22tQkW7T5zWeZdRJBD3jNvMHddV3ybf7hTdSVvcAhLzfJrUygoihFT]"}
{"time":"2026-06-11T22:01:18.92597+08:00","level":"INFO","service":"base-api","caller":"app/base/api/internal/task/scan.go:402","msg":"pos业务 - market buy token - solana 处理扫描到的交易 - 交易Id[3HMyjLKYA1CVTG5SAQ2rQWrHXjTqHHTdiK5i2qMZe9NEaenWopqZvWw2S4r9AmYVj59B8dSZ9yLp26wA8joM9AxA]"}
{"time":"2026-06-11T22:01:18.919595+08:00","level":"INFO","service":"base-api","caller":"app/base/api/internal/task/scan.go:402","msg":"pos业务 - market buy token - solana 处理扫描到的交易 - 交易Id[3wsoJ7XYm6rGzCJ6AmtR9Ardg6LQHoEyqYwi9yfNSnqF3bbSCTrApqF3DSyQ7NmSU8Rk25obqiNtyQccoxQck3We]"}
{"time":"2026-06-11T22:01:18.92625+08:00","level":"INFO","service":"base-api","caller":"app/base/api/internal/task/scan.go:402","msg":"pos业务 - market buy token - solana 处理扫描到的交易 - 交易Id[4GxyTfrXpwHCYwLoCgxMbU25FwAPffgExL3KsA3CbmGMY11SKF19Nkxwjjf5NwNjqmWZRUvopacPqko3E42RoGiP]"}
{"time":"2026-06-11T22:01:18.925753+08:00","level":"INFO","service":"base-api","caller":"app/base/api/internal/task/scan.go:402","msg":"pos业务 - market buy token - solana 处理扫描到的交易 - 交易Id[DhpujYqfo2GoNhPnT3auydPBtntWrgJ5RWWGEW9nW78xFdw3u8sk3jzzehPv45Pyi4h6hWNgVCcoNTVK8EZ93Gu]"}
{"time":"2026-06-11T22:01:18.926259+08:00","level":"INFO","service":"base-api","caller":"app/base/api/internal/task/scan.go:402","msg":"pos业务 - market buy token - solana 处理扫描到的交易 - 交易Id[2y2XotfFUoN7v3dMYCWPRFhVsvPohwcUayx5gYkJby2ocyBrkYBxroytK3Ar3XZCaMcpsNj6nABJ3JohT6MEknnz]"}
{"time":"2026-06-11T22:01:18.926961+08:00","level":"INFO","service":"base-api","caller":"app/base/api/internal/task/scan.go:402","msg":"pos业务 - market buy token - solana 处理扫描到的交易 - 交易Id[YuLnJc9JCqk1xkARPE3nukFgT3qCD32EjgEFVj7VkVDLusSHXzViDJPZDiF2bHXsjS1YxWqwvLSGKpvidikj5zk]"}
{"time":"2026-06-11T22:01:18.91928+08:00","level":"INFO","service":"base-api","caller":"app/base/api/internal/task/scan.go:402","msg":"pos业务 - market buy token - solana 处理扫描到的交易 - 交易Id[2pqjQen4dsvPVSPffvKBT97Aanbg7P4uSGT4DvSgkGTBNCGuqTYpH9h9DHD7kf7ySsmp219Pq7PLPesdbuHDBRV3]"}
{"time":"2026-06-11T22:01:18.924812+08:00","level":"INFO","service":"base-api","caller":"app/base/api/internal/task/scan.go:402","msg":"pos业务 - market buy token - solana 处理扫描到的交易 - 交易Id[3PFghqaAL8RBhtLknhp9EmWkgoBGWhgwnWGzn2gv3oXA2giYLZT7mpq7b8axorcWJHtyMUb5Nn3stgAPRnqC9Cdc]"}
{"time":"2026-06-11T22:01:18.909626+08:00","level":"INFO","service":"base-api","caller":"app/base/api/internal/task/scan.go:402","msg":"pos业务 - market buy token - solana 处理扫描到的交易 - 交易Id[3257qiKYhiCsYqpZ2bRE29KovxVNSkSBSiHeGKPU4awEqLkn87m3nAWCgRa1PDr9HGtSaG54e2xEHD2h1nuaDiaV]"}
{"time":"2026-06-11T22:01:18.933295+08:00","level":"INFO","service":"base-api","caller":"app/base/api/internal/task/scan.go:402","msg":"pos业务 - market buy token - solana 处理扫描到的交易 - 交易Id[4f259Kn5w5HAwyg61kRa83iRjytMYDbjNzc7v6gJFKnX8HtwkVC3dgBeLtBAc63xu4jd4PgzzRhT2RCB4Nvtcq4E]"}
{"time":"2026-06-11T22:01:18.898002+08:00","level":"INFO","service":"base-api","caller":"app/base/api/internal/task/scan.go:402","msg":"pos业务 - market buy token - solana 处理扫描到的交易 - 交易Id[58NUMHM1id1iJcgnngqbhQqoAGWkgjHUfBR2MC3EKfFVhJFbvxyKy3XtrRicoPxG2H9RftAMHysYeBhtJZyEnShV]"}
{"time":"2026-06-11T22:01:18.918995+08:00","level":"INFO","service":"base-api","caller":"app/base/api/internal/task/scan.go:402","msg":"pos业务 - market buy token - solana 处理扫描到的交易 - 交易Id[2QNZthhR8STWEk4LQEg6T3fccmKDH19dEvp9PhaYc7iaPfzX5w4tAcZfPRa2mRBXGByz7aeRezCZMLJcPgx7veqg]"}
{"time":"2026-06-11T22:01:18.942824+08:00","level":"INFO","service":"base-api","caller":"app/base/api/internal/task/scan.go:402","msg":"pos业务 - market buy token - solana 处理扫描到的交易 - 交易Id[4oeGQ1LqiRKV3iupEjgTQDeY7BMhEr8jfuS9y9ZCAhLgy9w49noousKz3r1DTP5CSdMujh7yJjXoNc7KbWypjVBE]"}
{"time":"2026-06-11T22:01:18.942855+08:00","level":"INFO","service":"base-api","caller":"app/base/api/internal/task/scan.go:402","msg":"pos业务 - market buy token - solana 处理扫描到的交易 - 交易Id[3Nb3exDF4QhmJpxAtxSFgCkG8qL9q1FWjMqHQwNZzdkmdJamZEcEzSHp2uEwcJqn56SwC4ydW1KbLWmPgPRHoj9W]"}
{"time":"2026-06-11T22:01:18.89183+08:00","level":"INFO","service":"base-api","caller":"app/base/api/internal/task/scan.go:402","msg":"pos业务 - market buy token - solana 处理扫描到的交易 - 交易Id[4aoTiZ3ULSKJkJc4WnHqhMgX8C6B6Wxe2Ry1SfupAemkJczctDYj3h85LPL5F1DKjEAmDheoAJFcxPZ6vXfz8am9]"}
{"time":"2026-06-11T22:01:18.942795+08:00","level":"INFO","service":"base-api","caller":"app/base/api/internal/task/scan.go:402","msg":"pos业务 - market buy token - solana 处理扫描到的交易 - 交易Id[3UoooAGFsTEMrpfXCZepoCppWkB6xyzYy71m1eJGmp4XxwJAkbjP79qgNiE8Ub87LJw2P5YFgnFRbhP9KSgDbYuz]"}
{"time":"2026-06-11T22:01:18.924819+08:00","level":"INFO","service":"base-api","caller":"app/base/api/internal/task/scan.go:402","msg":"pos业务 - market buy token - solana 处理扫描到的交易 - 交易Id[5Krj58SgANYVzzKTJF44uupRPJF3yhEXrBJGZidiuD4vBvVgRYrE1Dv4anQvN7QxGVMC1V2u2yEjZTvwAvorZCJR]"}
{"time":"2026-06-11T22:01:18.942812+08:00","level":"INFO","service":"base-api","caller":"app/base/api/internal/task/scan.go:402","msg":"pos业务 - market buy token - solana 处理扫描到的交易 - 交易Id[q8fqcdrDZ8T9MHGRdHrvtiCGq8tsty1bAj1GKsCZs9aAbAJE88Bp6Qwe5M7VLYdxrShMrskQ2fTdSofgZ3eMFXL]"}
{"time":"2026-06-11T22:01:18.926981+08:00","level":"INFO","service":"base-api","caller":"app/base/api/internal/task/scan.go:402","msg":"pos业务 - market buy token - solana 处理扫描到的交易 - 交易Id[4QRQfbggjtdoeL2nJjaYBDqVBzaRpoBi2Nid56uFBb7NJzmSju8Mym8gh4fKqkrgH38GYEn3QSUMdY3kSQfu5V1r]"}
{"time":"2026-06-11T22:01:18.942934+08:00","level":"INFO","service":"base-api","caller":"app/base/api/internal/task/scan.go:402","msg":"pos业务 - market buy token - solana 处理扫描到的交易 - 交易Id[AQmBA56ioL1tDD2ScvZoXuD8EofnEaDCPoLmKKTD7D548psU9LM1tR279cqPrmNUoTvmBZrDdAhg2HnDWAh7Wjf]"}
{"time":"2026-06-11T22:01:18.94294+08:00","level":"INFO","service":"base-api","caller":"app/base/api/internal/task/scan.go:402","msg":"pos业务 - market buy token - solana 处理扫描到的交易 - 交易Id[5ty8PU5f2nNqW69XdjLw8cBUcT3vVcfK3kw3q7xNxox1y2fkqoqjJckLptkgdYzsAtNKPf6jigGrTCXuAmxWoGgz]"}
{"time":"2026-06-11T22:01:18.942952+08:00","level":"INFO","service":"base-api","caller":"app/base/api/internal/task/scan.go:402","msg":"pos业务 - market buy token - solana 处理扫描到的交易 - 交易Id[33Fgww6AdJnMCXSXGre2rafEcH81STLRy7MGNdYGGG1jDPZsfVcxLpidbTRJZnTiYpczmFykecgdPaNPz93PzB3W]"}
{"time":"2026-06-11T22:01:18.942961+08:00","level":"INFO","service":"base-api","caller":"app/base/api/internal/task/scan.go:402","msg":"pos业务 - market buy token - solana 处理扫描到的交易 - 交易Id[63g39LhsGZKVhjd5v5fWt5V7YPokY3ikfNCP3aQyLbzAozLf2p7YPteetBkihReDm1Eugv8feTb65SBPiyneDB4h]"}
{"time":"2026-06-11T22:01:18.942976+08:00","level":"INFO","service":"base-api","caller":"app/base/api/internal/task/scan.go:402","msg":"pos业务 - market buy token - solana 处理扫描到的交易 - 交易Id[443kCnKhUEctb4Ck8FpzAemYJ7s7LUNHaoAsa4KQXstqcq2vaLVdg5ph1Qi2bar2yGUQajmTsETq7NzjhPtdMAqa]"}
{"time":"2026-06-11T22:01:18.942985+08:00","level":"INFO","service":"base-api","caller":"app/base/api/internal/task/scan.go:402","msg":"pos业务 - market buy token - solana 处理扫描到的交易 - 交易Id[2DeqV3boj4Svdw6DgVjr1eiQDEub9FsbaBx2gGgThb6Wcqhx9DbHbeACHewYQRSsPvm6m3WoUeBujbFydiYBReyV]"}
{"time":"2026-06-11T22:01:18.942999+08:00","level":"INFO","service":"base-api","caller":"app/base/api/internal/task/scan.go:402","msg":"pos业务 - market buy token - solana 处理扫描到的交易 - 交易Id[5Ducvx9t5B49tzd9WYoN3VpjUiJZypYqVByLQA2uDSs64FpzNVhaXRjrQAgV7iy2KJm3u6LnfWndLfMhYa2PrHdr]"}
{"time":"2026-06-11T22:01:18.943009+08:00","level":"INFO","service":"base-api","caller":"app/base/api/internal/task/scan.go:402","msg":"pos业务 - market buy token - solana 处理扫描到的交易 - 交易Id[4hGRHq45wsprXefvwDsHVa2jyJYSEo1NQKeHG8q4yfpXA6cbVNJKPMkwhMb1XFRhY4bf21EmkM9B3UruJLV6dsi9]"}
{"time":"2026-06-11T22:01:18.943024+08:00","level":"INFO","service":"base-api","caller":"app/base/api/internal/task/scan.go:402","msg":"pos业务 - market buy token - solana 处理扫描到的交易 - 交易Id[nwuWK9twiTjbMre3rnopf31EcXzQSDsWnTwNfWsA5iPveL8fnZNpResbmi1uvUPCj1xTcyrzuTssuT1Gzm4hJJL]"}
{"time":"2026-06-11T22:01:18.943035+08:00","level":"INFO","service":"base-api","caller":"app/base/api/internal/task/scan.go:402","msg":"pos业务 - market buy token - solana 处理扫描到的交易 - 交易Id[3nN7ujL52uXN46c4GwNniT288kzGKohKUp1tyuGAqyvjVZLqeYqk2jQX6r21YB9nCn4Z3JhNw4LuCAc1YHCydrRo]"}
{"time":"2026-06-11T22:01:18.922809+08:00","level":"INFO","service":"base-api","caller":"app/base/api/internal/task/scan.go:402","msg":"pos业务 - market buy token - solana 处理扫描到的交易 - 交易Id[3sSiJ1wnkcXghWPyMXQuReisY36uYRgEFZE88fghnqD3ubY7mvbks6NnBUxMGCr51wHi4NuxkLqwmgbT3DNz9L7P]"}
{"time":"2026-06-11T22:01:18.94305+08:00","level":"INFO","service":"base-api","caller":"app/base/api/internal/task/scan.go:402","msg":"pos业务 - market buy token - solana 处理扫描到的交易 - 交易Id[3pzb7SCgJqzyx4g9EFtJNe2rZmvADju5LyEE11z4Lm2WqQbjfjaRyj3Z335u6kudGiXETvaGagmEm997uenrZXBX]"}
{"time":"2026-06-11T22:01:18.943273+08:00","level":"INFO","service":"base-api","caller":"app/base/api/internal/task/scan.go:402","msg":"pos业务 - market buy token - solana 处理扫描到的交易 - 交易Id[4C8TMKJK5wNvMFdDwXfyBBoTQLvDysscSAjyD4T6qKJge2hkqpLLMmZckQDVA3dFVBwiJhrmvkJZJLr2mVCLh9t3]"}
{"time":"2026-06-11T22:01:18.943291+08:00","level":"INFO","service":"base-api","caller":"app/base/api/internal/task/scan.go:402","msg":"pos业务 - market buy token - solana 处理扫描到的交易 - 交易Id[5rNgzCXsJfWJGHw8GxbYwkFbMvc48uBYbfP6jye9LTN2aaeCrwMWxReH9pP1ASjtCVx1W4o4eyN3fr3arovsiWUj]"}
{"time":"2026-06-11T22:01:18.922476+08:00","level":"INFO","service":"base-api","caller":"app/base/api/internal/task/scan.go:402","msg":"pos业务 - market buy token - solana 处理扫描到的交易 - 交易Id[4X6o2w3q7Epfy9XE9Ndhyv4CEsrnPysPh1oQm1X7jZCrdEqYukUMegzKTQJA9NxpeV9N9uagJJWJgsbMT5XYRvEq]"}
{"time":"2026-06-11T22:01:19.120837+08:00","level":"INFO","service":"base-api","caller":"app/base/api/internal/task/scan.go:641","msg":"pos业务 - market buy token - solana 处理扫描到的交易 - 处理交易所购买token交易，交易Id[4xBGScocz7YvcSpR5EDb4p1DgAsy65FDDHxKbFUSMdK6hXVRkyiFxkhXiihzF7yEhpsdQEEhUiZZpca2xsqZibM] "}
{"time":"2026-06-11T22:01:19.131541+08:00","level":"INFO","service":"base-api","caller":"app/base/api/internal/task/scan.go:641","msg":"pos业务 - market buy token - solana 处理扫描到的交易 - 处理交易所购买token交易，交易Id[44yKgtytKVLK6UxBgwFrEZbspEivzAqbixyEJFokEhovH21KCXWin6cjPoxmPVDGqbKWrXcMjNGissoBYbXBG4T1] "}
{"time":"2026-06-11T22:01:19.144372+08:00","level":"INFO","service":"base-api","caller":"app/base/api/internal/task/scan.go:641","msg":"pos业务 - market buy token - solana 处理扫描到的交易 - 处理交易所购买token交易，交易Id[58ZdE9nJhPhrufvoVinerQgp5YeTs37w1YKeTw71tff1iQTaZjvmKCB8Excy8w4BgNJnStq3YbnctXpvXFmBXf7C] "}
{"time":"2026-06-11T22:01:19.1519+08:00","level":"INFO","service":"base-api","caller":"app/base/api/internal/task/scan.go:641","msg":"pos业务 - market buy token - solana 处理扫描到的交易 - 处理交易所购买token交易，交易Id[3Pp4aHEjexRCp7bxbp8ATuA5mMB2Z34KjqD1kupJXhxEXZKCBz4ViGFYp5yz8L6ipJ61j1pTSXM7vpiTLKiZDJYd] "}
{"time":"2026-06-11T22:01:19.160114+08:00","level":"INFO","service":"base-api","caller":"app/base/api/internal/task/scan.go:641","msg":"pos业务 - market buy token - solana 处理扫描到的交易 - 处理交易所购买token交易，交易Id[3SxwEzAnE9fEmtkxb5YJj7YD2remFz39hcTXXWUgdHVEDjbywKSVXAfgNsd89jUhxKw83JMSsCGnhLU5vho3mq5e] "}
{"time":"2026-06-11T22:01:19.160139+08:00","level":"INFO","service":"base-api","caller":"app/base/api/internal/task/scan.go:644","msg":"pos业务 - market buy token - solana 处理扫描到的交易 - 交易Id[3SxwEzAnE9fEmtkxb5YJj7YD2remFz39hcTXXWUgdHVEDjbywKSVXAfgNsd89jUhxKw83JMSsCGnhLU5vho3mq5e] 交易失败，跳过"}
{"time":"2026-06-11T22:01:19.176187+08:00","level":"INFO","service":"base-api","caller":"app/base/api/internal/task/scan.go:641","msg":"pos业务 - market buy token - solana 处理扫描到的交易 - 处理交易所购买token交易，交易Id[fbbM7AvMyYku14FehjDGXUJGVrP3bhdZxKfxZod81mpsqURZhQAacPVQu76Qfb6x7fzShHwExDVhome6KF61qw3] "}
{"time":"2026-06-11T22:01:19.181185+08:00","level":"INFO","service":"base-api","caller":"app/base/api/internal/task/scan.go:641","msg":"pos业务 - market buy token - solana 处理扫描到的交易 - 处理交易所购买token交易，交易Id[2UA5Ans6RApNN2X9NG7dbCoZrx2moMxXqWUZrZBmdCoJMYTJK38iXMsKYA8w2ShWtQyTUL4CRzo6SS8m4Mt4e5YL] "}
{"time":"2026-06-11T22:01:19.416397+08:00","level":"INFO","service":"base-api","caller":"app/base/api/internal/task/scan.go:641","msg":"pos业务 - market buy token - solana 处理扫描到的交易 - 处理交易所购买token交易，交易Id[5Voz1HpyxLEswmJvP6Xe3TT9A1z6WsH77pXodLHuEZhEPkrFRMAoCbGrZZmnS2AGQjnoVb1z4ogxmXrs96LFJEVs] "}
{"time":"2026-06-11T22:01:19.416397+08:00","level":"INFO","service":"base-api","caller":"app/base/api/internal/task/scan.go:641","msg":"pos业务 - market buy token - solana 处理扫描到的交易 - 处理交易所购买token交易，交易Id[3a5Aw1N7eYUkAF2XVxKFwMaS6JqaMeSLLk1PXiQjBMDCwtFnNqYqGXRvRyzubsa4RPACbrjLaCSC8EY9Wdn4YsFf] "}
{"time":"2026-06-11T22:01:19.416439+08:00","level":"INFO","service":"base-api","caller":"app/base/api/internal/task/scan.go:641","msg":"pos业务 - market buy token - solana 处理扫描到的交易 - 处理交易所购买token交易，交易Id[2uSEdTueD6te5Tgd2ZujkocbsgNPVUAtoerapKf6i3QSsW7VEYGwrNy9TejDb4P6tzyeSK1AeFmuZguqzFq7id6E] "}
{"time":"2026-06-11T22:01:19.41711+08:00","level":"INFO","service":"base-api","caller":"app/base/api/internal/task/scan.go:641","msg":"pos业务 - market buy token - solana 处理扫描到的交易 - 处理交易所购买token交易，交易Id[4vDsHLAcx6BRD8EEeeHiFnXKyZcXimUDjWxE8jGcgBiKS6b8BMNebrCbaC7BRCCpwXH9VCpnwYNQDDPsvKpMrTvJ] "}
{"time":"2026-06-11T22:01:19.417181+08:00","level":"INFO","service":"base-api","caller":"app/base/api/internal/task/scan.go:641","msg":"pos业务 - market buy token - solana 处理扫描到的交易 - 处理交易所购买token交易，交易Id[utGiohiXCjrC9N94zRqJVa3Wu9ooayub5FfoN8XYMHDE4xTJNGTR4nRqyRWrXErd3gUwTPc3pQkVk12w6S4bHwf] "}
{"time":"2026-06-11T22:01:19.417244+08:00","level":"INFO","service":"base-api","caller":"app/base/api/internal/task/scan.go:641","msg":"pos业务 - market buy token - solana 处理扫描到的交易 - 处理交易所购买token交易，交易Id[TrzeJc7fudpVCweUbxd6ZhcvskjHfQxSosS4bg2pRcShVR3JJmC3a6ZnJxdCVFTD1oWs4UknaaBPaWVrVj8bDX7] "}
{"time":"2026-06-11T22:01:19.417396+08:00","level":"INFO","service":"base-api","caller":"app/base/api/internal/task/scan.go:641","msg":"pos业务 - market buy token - solana 处理扫描到的交易 - 处理交易所购买token交易，交易Id[nUXMyJV6JUH1Ac6gbRSNPfEUaGmTqxhWBWqEk2vobF8TnmK3U9rhm8gnNJ32nQqUh5KAkwXfMvCKsjEbUpG3ktH] "}
{"time":"2026-06-11T22:01:19.496648+08:00","level":"INFO","service":"base-api","caller":"app/base/api/internal/task/price.go:144","msg":"价格更新成功: SHIT=$0.000071, SOL=$65.51, token/SOL=1087 lamports, token/USDT=71, USDT/SOL=0.015265833"}
{"time":"2026-06-11T22:01:19.555914+08:00","level":"INFO","service":"base-api","caller":"app/base/api/internal/task/scan.go:641","msg":"pos业务 - market buy token - solana 处理扫描到的交易 - 处理交易所购买token交易，交易Id[YAkT9ByHbNqUmySMWeLGv4oC8T8eDCCu95k7dqWHMbRaARUthSCkXu8km2mEsMsEE3Grhm5R2DaNTucNdijsLkK] "}
{"time":"2026-06-11T22:01:19.556018+08:00","level":"INFO","service":"base-api","caller":"app/base/api/internal/task/scan.go:641","msg":"pos业务 - market buy token - solana 处理扫描到的交易 - 处理交易所购买token交易，交易Id[yzESgseg61BJK2zTsru7ifmucFsmoxqAStGPspzd99xNQrXjSuQKTiYkStzGEp1gPV6URchhSunBHmRf8bfpt69] "}
{"time":"2026-06-11T22:01:19.556041+08:00","level":"INFO","service":"base-api","caller":"app/base/api/internal/task/scan.go:644","msg":"pos业务 - market buy token - solana 处理扫描到的交易 - 交易Id[yzESgseg61BJK2zTsru7ifmucFsmoxqAStGPspzd99xNQrXjSuQKTiYkStzGEp1gPV6URchhSunBHmRf8bfpt69] 交易失败，跳过"}
{"time":"2026-06-11T22:01:19.556045+08:00","level":"INFO","service":"base-api","caller":"app/base/api/internal/task/scan.go:641","msg":"pos业务 - market buy token - solana 处理扫描到的交易 - 处理交易所购买token交易，交易Id[3oXVet8issW6NST5doWJCZ8Dsh1Wnz1uYjCJ8dWyHmBXgqYfKSWFmd7Dm5TcUieCDP1GtnqYRaqivuuSAc86frhq] "}
{"time":"2026-06-11T22:01:19.556017+08:00","level":"INFO","service":"base-api","caller":"app/base/api/internal/task/scan.go:641","msg":"pos业务 - market buy token - solana 处理扫描到的交易 - 处理交易所购买token交易，交易Id[Sm49S3dyeNBtcw8RqD9enrrUj57GGzweaxGWBi6Stp97nLT8jAS3pP67QrCZmt29HsyET4QP2oNaeYGds8NcwHa] "}
{"time":"2026-06-11T22:01:19.55602+08:00","level":"INFO","service":"base-api","caller":"app/base/api/internal/task/scan.go:641","msg":"pos业务 - market buy token - solana 处理扫描到的交易 - 处理交易所购买token交易，交易Id[5KPvXeoUuo5MKMR2btqDQkjaoy9caHYNo4sLqSuR5THuPaDv6CmxPnHKZcKUfr9yPc1tfT7ApM5cXgtpPL1cL2Xk] "}
{"time":"2026-06-11T22:01:19.556107+08:00","level":"INFO","service":"base-api","caller":"app/base/api/internal/task/scan.go:641","msg":"pos业务 - market buy token - solana 处理扫描到的交易 - 处理交易所购买token交易，交易Id[43Do71dBb8XsyAeWA9Hw1s1rgsbJJv3KNMDMiBUTz2JC7ktXEFKJS3b7yBxapTh1td15iRtEYWEcUYw2J4ZndAPT] "}
{"time":"2026-06-11T22:01:19.556148+08:00","level":"INFO","service":"base-api","caller":"app/base/api/internal/task/scan.go:641","msg":"pos业务 - market buy token - solana 处理扫描到的交易 - 处理交易所购买token交易，交易Id[4WyP2bo5MqatmSjAp7BV6Cg3dZs4tVXHbt4vXWnrvQSx1CFgKbRRGY76TMHPbRsAABGRf16rJQxS4izogr45aGNh] "}
{"time":"2026-06-11T22:01:19.556127+08:00","level":"INFO","service":"base-api","caller":"app/base/api/internal/task/scan.go:641","msg":"pos业务 - market buy token - solana 处理扫描到的交易 - 处理交易所购买token交易，交易Id[2ct7VovRbpPj5j3Y4mY5jN4rwGws7ttcfUqkercK1zG9YqnaEA2pJXuBg9S2UrKWybw6uUPnb96ctzmD6eVsh6b1] "}
{"time":"2026-06-11T22:01:19.556151+08:00","level":"INFO","service":"base-api","caller":"app/base/api/internal/task/scan.go:641","msg":"pos业务 - market buy token - solana 处理扫描到的交易 - 处理交易所购买token交易，交易Id[4EYp6rskos1KP9VHBRqrcD6MH98hT6ebo4zDxwHKourebUDibwvvvfQa9NcDxMJcvWGT5RdKAbi3fMBpVEZrTFfD] "}
{"time":"2026-06-11T22:01:19.556206+08:00","level":"INFO","service":"base-api","caller":"app/base/api/internal/task/scan.go:644","msg":"pos业务 - market buy token - solana 处理扫描到的交易 - 交易Id[4EYp6rskos1KP9VHBRqrcD6MH98hT6ebo4zDxwHKourebUDibwvvvfQa9NcDxMJcvWGT5RdKAbi3fMBpVEZrTFfD] 交易失败，跳过"}
{"time":"2026-06-11T22:01:19.556358+08:00","level":"INFO","service":"base-api","caller":"app/base/api/internal/task/scan.go:641","msg":"pos业务 - market buy token - solana 处理扫描到的交易 - 处理交易所购买token交易，交易Id[4M2fdVr6NNYgBXfjoZzHx7zNqNk4pijGSzzs2YyksSv5yX55HLxBHeU5G4RP9pVzL9zyFWXLwSevWQd3ic8cJHFe] "}
{"time":"2026-06-11T22:01:19.569903+08:00","level":"INFO","service":"base-api","caller":"app/base/api/internal/task/scan.go:641","msg":"pos业务 - market buy token - solana 处理扫描到的交易 - 处理交易所购买token交易，交易Id[4QRQfbggjtdoeL2nJjaYBDqVBzaRpoBi2Nid56uFBb7NJzmSju8Mym8gh4fKqkrgH38GYEn3QSUMdY3kSQfu5V1r] "}
{"time":"2026-06-11T22:01:19.576685+08:00","level":"INFO","service":"base-api","caller":"app/base/api/internal/task/scan.go:641","msg":"pos业务 - market buy token - solana 处理扫描到的交易 - 处理交易所购买token交易，交易Id[YuLnJc9JCqk1xkARPE3nukFgT3qCD32EjgEFVj7VkVDLusSHXzViDJPZDiF2bHXsjS1YxWqwvLSGKpvidikj5zk] "}
{"time":"2026-06-11T22:01:19.587498+08:00","level":"INFO","service":"base-api","caller":"app/base/api/internal/task/scan.go:641","msg":"pos业务 - market buy token - solana 处理扫描到的交易 - 处理交易所购买token交易，交易Id[32fV4xPp4dj8dCBhPCoTbSYhe3E8vbsME8sMsKWS9ggxESpik2yKmeWKuXafQzEPwvNVqtin3CtdfnErnKuavCH4] "}
{"time":"2026-06-11T22:01:19.598744+08:00","level":"INFO","service":"base-api","caller":"app/base/api/internal/task/scan.go:641","msg":"pos业务 - market buy token - solana 处理扫描到的交易 - 处理交易所购买token交易，交易Id[DhpujYqfo2GoNhPnT3auydPBtntWrgJ5RWWGEW9nW78xFdw3u8sk3jzzehPv45Pyi4h6hWNgVCcoNTVK8EZ93Gu] "}
{"time":"2026-06-11T22:01:19.609819+08:00","level":"INFO","service":"base-api","caller":"app/base/api/internal/task/scan.go:641","msg":"pos业务 - market buy token - solana 处理扫描到的交易 - 处理交易所购买token交易，交易Id[584jE3FfUJx2qp1gFjFEEXMnCiuQLrCuGtnUHAzNKPTwowHbEDC3AQULL7byU3iK6t6xTSGR1C6cy3XSQQJs3bTD] "}
{"time":"2026-06-11T22:01:19.668422+08:00","level":"INFO","service":"base-api","caller":"app/base/api/internal/task/scan.go:641","msg":"pos业务 - market buy token - solana 处理扫描到的交易 - 处理交易所购买token交易，交易Id[5Y3R9KH2EhHyvKvV1A2PtAF7vYVmu3nzqA714pMJaqcx7a6xf6D2CX777Ud7nfsQFhzu79DjGpxssfroW5xYWKU4] "}
{"time":"2026-06-11T22:01:19.673209+08:00","level":"INFO","service":"base-api","caller":"app/base/api/internal/task/scan.go:641","msg":"pos业务 - market buy token - solana 处理扫描到的交易 - 处理交易所购买token交易，交易Id[5goRhrfGNgipevegm86479UdcmPXhwUqKfbFict5pNZEZhATAknU43fNs6RrHUZVqMxZvB7vVwDNQkJdzJzu5gdb] "}
{"time":"2026-06-11T22:01:19.67324+08:00","level":"INFO","service":"base-api","caller":"app/base/api/internal/task/scan.go:641","msg":"pos业务 - market buy token - solana 处理扫描到的交易 - 处理交易所购买token交易，交易Id[3ooKnjUkJaKBbKjvUsSrkQmDE6uyK97b7fsKRknKWgp2ZjX3NgS6atvs9rD1sx6vJrTKaV53zArBhosoSqmNGGYy] "}
{"time":"2026-06-11T22:01:19.673292+08:00","level":"INFO","service":"base-api","caller":"app/base/api/internal/task/scan.go:641","msg":"pos业务 - market buy token - solana 处理扫描到的交易 - 处理交易所购买token交易，交易Id[XhgrBXpnDQdzuhYAdHhsw4LEMxvtQXHSh9DPMLY6TpyzgNrk1VrFPw212EhpwJcSjFDtmBvwHhdP96J6aRkpfkm] "}
{"time":"2026-06-11T22:01:19.673409+08:00","level":"INFO","service":"base-api","caller":"app/base/api/internal/task/scan.go:641","msg":"pos业务 - market buy token - solana 处理扫描到的交易 - 处理交易所购买token交易，交易Id[5H6DprLtkqDaGAjDpD52sMbP4v941wiuBHZQiMy8EUQnqx1yYxkYbBb8vN4NHFPRaEUcLKtt6CMeXyhULqGT9M2x] "}
{"time":"2026-06-11T22:01:19.673525+08:00","level":"INFO","service":"base-api","caller":"app/base/api/internal/task/scan.go:641","msg":"pos业务 - market buy token - solana 处理扫描到的交易 - 处理交易所购买token交易，交易Id[3hXumR7evTxqSA32A89mC6xrcgz5MwwsbTWUzAnenxeAHRSdNQbw9uuYRY5DQ5WhFuGzRvCAztQgc7rgXmN6MH1s] "}
{"time":"2026-06-11T22:01:19.687092+08:00","level":"INFO","service":"base-api","caller":"app/base/api/internal/task/scan.go:641","msg":"pos业务 - market buy token - solana 处理扫描到的交易 - 处理交易所购买token交易，交易Id[5rvUatKhWbkR35wMjCVRfFjehqBCnrdWKpKPqScufyJXPz65WzxEWWHiuiP6bZxTe7TzSkk75QF9E258DTHCaJP] "}
{"time":"2026-06-11T22:01:19.716447+08:00","level":"INFO","service":"base-api","caller":"app/base/api/internal/task/scan.go:641","msg":"pos业务 - market buy token - solana 处理扫描到的交易 - 处理交易所购买token交易，交易Id[3B7U6EgGHZAtYc76xwpSTgmCmGeG8JWzu6Sxv4gduGb2cBz332rVXBdo4yVfwMx9kjjWFecv2RZUTDVpa34osbMd] "}
{"time":"2026-06-11T22:01:19.735677+08:00","level":"INFO","service":"base-api","caller":"app/base/api/internal/task/scan.go:641","msg":"pos业务 - market buy token - solana 处理扫描到的交易 - 处理交易所购买token交易，交易Id[KZ3VivXLsvSbv5tkeBHLkBx7JQJjxPyQUGmTxTv5Ery4vyfYNe56AdHRcYihakceM1GnT2y1XqaSkSTNtgHrjuH] "}
{"time":"2026-06-11T22:01:19.735722+08:00","level":"INFO","service":"base-api","caller":"app/base/api/internal/task/scan.go:641","msg":"pos业务 - market buy token - solana 处理扫描到的交易 - 处理交易所购买token交易，交易Id[2DenXTwETtmrUune5c9LuTsX7H5rk1WRZay8Hopa6dHW3KgFANVuNieX9VMtLswvmkxeJyfLe9ZHpxtTEx1svsQg] "}
{"time":"2026-06-11T22:01:19.735769+08:00","level":"INFO","service":"base-api","caller":"app/base/api/internal/task/scan.go:641","msg":"pos业务 - market buy token - solana 处理扫描到的交易 - 处理交易所购买token交易，交易Id[HDykE2MHnjsXRVgkYF8RmWf4pQAxwD48d8ApaQg8cPTpBZcB9x9Y4TLrD1cDweupSapJi1A28kyDJpX69zkaCVp] "}
{"time":"2026-06-11T22:01:19.73582+08:00","level":"INFO","service":"base-api","caller":"app/base/api/internal/task/scan.go:641","msg":"pos业务 - market buy token - solana 处理扫描到的交易 - 处理交易所购买token交易，交易Id[3ET9aDDxVfRAGro9iFVcFm7FndLYB4vvS5RoDLpTzwUaAMo4vQxEFvQxhW5S3iSYxHJTHruJcnudMJvbNRiMkPbj] "}
{"time":"2026-06-11T22:01:19.735859+08:00","level":"INFO","service":"base-api","caller":"app/base/api/internal/task/scan.go:641","msg":"pos业务 - market buy token - solana 处理扫描到的交易 - 处理交易所购买token交易，交易Id[2ywkdJmQL3wwPLFnfjimiQmFtnSXh1QvxjzRtwZmYLzDJa5MqjTW9wJCNUdK2ZNEkXmN1yVjmsz2N9QsJZ9eNhKv] "}
{"time":"2026-06-11T22:01:19.73586+08:00","level":"INFO","service":"base-api","caller":"app/base/api/internal/task/scan.go:641","msg":"pos业务 - market buy token - solana 处理扫描到的交易 - 处理交易所购买token交易，交易Id[4zcz1cfJHfEFqc6JSaBDdUCdmjWDmac8fw3AtU7LkUJQx4cu6Hw2FzeDodVkmZy5PUTz9SGT1duK8KgWPsrz8KD4] "}
{"time":"2026-06-11T22:01:19.736071+08:00","level":"INFO","service":"base-api","caller":"app/base/api/internal/task/scan.go:641","msg":"pos业务 - market buy token - solana 处理扫描到的交易 - 处理交易所购买token交易，交易Id[2Lumg8hqwGkjVfFv8ppMm784pjKz286PZp6DHmqxQZb3grZvZDq5LAz5W5pHtcGmSudBvMKV4h3aZip1XjF7wDZ2] "}
{"time":"2026-06-11T22:01:19.746349+08:00","level":"INFO","service":"base-api","caller":"app/base/api/internal/task/scan.go:641","msg":"pos业务 - market buy token - solana 处理扫描到的交易 - 处理交易所购买token交易，交易Id[3ByCwBCvYcae5FNWTG1QR2evsoaVs2aBXH8UmXw2U66ZGyPj8keNTB5youVDayHzbyLTi1HZBx34GQy6hnJbuZLW] "}
{"time":"2026-06-11T22:01:19.75506+08:00","level":"INFO","service":"base-api","caller":"app/base/api/internal/task/scan.go:641","msg":"pos业务 - market buy token - solana 处理扫描到的交易 - 处理交易所购买token交易，交易Id[3EpgJdaRvaBF6zc6FnNh2NbNABGBrYnWHErx6yAiLwSJfKPbUau6dpAWmcokwfXk6mts7e7uvu74v9FVfj1XBVYh] "}
{"time":"2026-06-11T22:01:19.767613+08:00","level":"INFO","service":"base-api","caller":"app/base/api/internal/task/scan.go:641","msg":"pos业务 - market buy token - solana 处理扫描到的交易 - 处理交易所购买token交易，交易Id[3PFghqaAL8RBhtLknhp9EmWkgoBGWhgwnWGzn2gv3oXA2giYLZT7mpq7b8axorcWJHtyMUb5Nn3stgAPRnqC9Cdc] "}
{"time":"2026-06-11T22:01:19.795925+08:00","level":"INFO","service":"base-api","caller":"app/base/api/internal/task/scan.go:641","msg":"pos业务 - market buy token - solana 处理扫描到的交易 - 处理交易所购买token交易，交易Id[5yfU1hSSx86yYTQuepLVdzNYTUbua2pRkmai4yhtdtDxMghhNtfp8EDJXPiT9Hh2ThK5DsoUrueCrpTAKqPzu9VU] "}
{"time":"2026-06-11T22:01:19.812343+08:00","level":"INFO","service":"base-api","caller":"app/base/api/internal/task/scan.go:641","msg":"pos业务 - market buy token - solana 处理扫描到的交易 - 处理交易所购买token交易，交易Id[2izqsuvF4Ggv2gW9qFBK8hKmnNQYNz3p4gHBPkYqYkqXWgoVfVxV9tgwqEG96p1DkBrDrVaF9qRhPwXakXdagnv9] "}
{"time":"2026-06-11T22:01:19.813632+08:00","level":"INFO","service":"base-api","caller":"app/base/api/internal/task/scan.go:641","msg":"pos业务 - market buy token - solana 处理扫描到的交易 - 处理交易所购买token交易，交易Id[5mc8B1cvtj2qmQoyVjLk6Rn6sTzzmi3QTrBTQwZPx6BiHkuyuboNNsA8tRrzxPAhpZk1E2b5x35ZMhznD7hYmKF5] "}
{"time":"2026-06-11T22:01:19.813632+08:00","level":"INFO","service":"base-api","caller":"app/base/api/internal/task/scan.go:641","msg":"pos业务 - market buy token - solana 处理扫描到的交易 - 处理交易所购买token交易，交易Id[LVsM9qhvX7gyHC5zg1otc2i3kWiMRXSdbf1mc3AZ6xd4f6wkng7wRZdr35mLLwtbnUAYnS1U2ph7YZvv165UDvz] "}
{"time":"2026-06-11T22:01:19.813816+08:00","level":"INFO","service":"base-api","caller":"app/base/api/internal/task/scan.go:641","msg":"pos业务 - market buy token - solana 处理扫描到的交易 - 处理交易所购买token交易，交易Id[4hhgFPLfjfxs7ZBKqGeR7gY2e5FwGbH4aMrPiGuqMy6L3S5AHmnWqwgXsYb4H95ZuSRD3BgRdtiofdb5C4zTBrEg] "}
{"time":"2026-06-11T22:01:19.836012+08:00","level":"INFO","service":"base-api","caller":"app/base/api/internal/task/scan.go:641","msg":"pos业务 - market buy token - solana 处理扫描到的交易 - 处理交易所购买token交易，交易Id[48hJ8vaMNSQVnRonoGKvFhxAsYQhRp35y4Cby3wb2MmDH9JKBTHtEoegTbQnkSut4eaW46FeHPmArFjPu2kd373J] "}
{"time":"2026-06-11T22:01:19.866517+08:00","level":"INFO","service":"base-api","caller":"app/base/api/internal/task/scan.go:641","msg":"pos业务 - market buy token - solana 处理扫描到的交易 - 处理交易所购买token交易，交易Id[2H54QMhDycG5njWHrJro7F7R1SCFrVhNDVoYPgtRb5rY6ZvdNjbVAJxiEB1cQBVAupDNDgsuNjXgcLgQ388R9oau] "}
{"time":"2026-06-11T22:01:19.866587+08:00","level":"INFO","service":"base-api","caller":"app/base/api/internal/task/scan.go:641","msg":"pos业务 - market buy token - solana 处理扫描到的交易 - 处理交易所购买token交易，交易Id[4xhsVwEHCGZxdaWhEqhsFSxMS5EhGSxDbQehnK9w5wh54nzbJ1PiqxzYMsVdUKKPSk6sqXEVJcBhS6c6hSTUL5dZ] "}
{"time":"2026-06-11T22:01:19.866605+08:00","level":"INFO","service":"base-api","caller":"app/base/api/internal/task/scan.go:641","msg":"pos业务 - market buy token - solana 处理扫描到的交易 - 处理交易所购买token交易，交易Id[65FFTNeKT6MEEe7koxwEU7D8exSSspahKa7nWyUd6cSBLMiu1whtiMwvUPzgBJM2TMh7HM6gnUFZiqEuSL8yCTM5] "}
{"time":"2026-06-11T22:01:19.866609+08:00","level":"INFO","service":"base-api","caller":"app/base/api/internal/task/scan.go:644","msg":"pos业务 - market buy token - solana 处理扫描到的交易 - 交易Id[4xhsVwEHCGZxdaWhEqhsFSxMS5EhGSxDbQehnK9w5wh54nzbJ1PiqxzYMsVdUKKPSk6sqXEVJcBhS6c6hSTUL5dZ] 交易失败，跳过"}
{"time":"2026-06-11T22:01:19.868756+08:00","level":"INFO","service":"base-api","caller":"app/base/api/internal/task/scan.go:641","msg":"pos业务 - market buy token - solana 处理扫描到的交易 - 处理交易所购买token交易，交易Id[41f7M8YdWrfMz2gM6G9wzvxcWxZruKdQXbHkETTaoFZRi4wTaxtSRicaGvCYGaAEcmeVvWwJA4sRMmrY5gi2uPBV] "}
{"time":"2026-06-11T22:01:19.868775+08:00","level":"INFO","service":"base-api","caller":"app/base/api/internal/task/scan.go:641","msg":"pos业务 - market buy token - solana 处理扫描到的交易 - 处理交易所购买token交易，交易Id[33aRny2HbWrphu49aL7LRvT418fQpz7XGyckDFz3PQnjVDrjsZjzc5VwkD1YGbfwZJD9SoLUUKqZc7DNwnBxjdRC] "}
{"time":"2026-06-11T22:01:19.868776+08:00","level":"INFO","service":"base-api","caller":"app/base/api/internal/task/scan.go:641","msg":"pos业务 - market buy token - solana 处理扫描到的交易 - 处理交易所购买token交易，交易Id[2N2Rk4yf5DiUPu3R1Y11KvRgX8H3Bm1puumtk1HG49zXjLCGgt5G8hyE2SnfqPsqKh28hE6pMyqs1YZgkAcHoZMv] "}
{"time":"2026-06-11T22:01:19.868801+08:00","level":"INFO","service":"base-api","caller":"app/base/api/internal/task/scan.go:644","msg":"pos业务 - market buy token - solana 处理扫描到的交易 - 交易Id[2N2Rk4yf5DiUPu3R1Y11KvRgX8H3Bm1puumtk1HG49zXjLCGgt5G8hyE2SnfqPsqKh28hE6pMyqs1YZgkAcHoZMv] 交易失败，跳过"}
{"time":"2026-06-11T22:01:19.868825+08:00","level":"INFO","service":"base-api","caller":"app/base/api/internal/task/scan.go:641","msg":"pos业务 - market buy token - solana 处理扫描到的交易 - 处理交易所购买token交易，交易Id[43LygwXCd4tj41nhAtPXHLt7BnQuS69pvFsmHwCheek2SxZHeSgtWaP7eKAN7AgohmC55EXfedbwYfgHR5JB3Yqw] "}
{"time":"2026-06-11T22:01:19.868847+08:00","level":"INFO","service":"base-api","caller":"app/base/api/internal/task/scan.go:641","msg":"pos业务 - market buy token - solana 处理扫描到的交易 - 处理交易所购买token交易，交易Id[3xXRJFkp3ZBiM3z498eaxpjbJZvJhJB9EpgzcyoMA9HsXUpZdNhXyCaKCjEUcyKaxxnJppCNxYJNffwDcb6MDfwu] "}
{"time":"2026-06-11T22:01:19.868858+08:00","level":"INFO","service":"base-api","caller":"app/base/api/internal/task/scan.go:641","msg":"pos业务 - market buy token - solana 处理扫描到的交易 - 处理交易所购买token交易，交易Id[nhQMV4GkkpHKY6R6SSfskUzXvFHEkWRLBKoSpyNFDi5sRkMFoJJtvSFJU8Q9EBJ5YcX8UT4vZsVR98HLCeWvfdA] "}
{"time":"2026-06-11T22:01:19.868869+08:00","level":"INFO","service":"base-api","caller":"app/base/api/internal/task/scan.go:641","msg":"pos业务 - market buy token - solana 处理扫描到的交易 - 处理交易所购买token交易，交易Id[2cyEyxhiHtQz4aH34woSpqJ7tYbcRLdbB9oHmsepzNoPJjHqAtstWC4ujef2KsoEBwf1vVZTzoo8YPVqoyd229rW] "}
{"time":"2026-06-11T22:01:19.868861+08:00","level":"INFO","service":"base-api","caller":"app/base/api/internal/task/scan.go:641","msg":"pos业务 - market buy token - solana 处理扫描到的交易 - 处理交易所购买token交易，交易Id[2crS3phSpN9WqtCh2TyAC8ytPCjtbpiFYgFAXqkUj8FbKiqGe8ZRhhFKqLd1GsKndSUuisdfnCEMsWPSH2Zj8zgu] "}
{"time":"2026-06-11T22:01:19.868825+08:00","level":"INFO","service":"base-api","caller":"app/base/api/internal/task/scan.go:641","msg":"pos业务 - market buy token - solana 处理扫描到的交易 - 处理交易所购买token交易，交易Id[2KrEFtFPip1SGRtjheHnkgzQXfUAtEvt7crbT8E1z7a93y4VCNHegeYXS17hbg4sUgeyGsEViAtZUny3z7sS3vLj] "}
{"time":"2026-06-11T22:01:19.868919+08:00","level":"INFO","service":"base-api","caller":"app/base/api/internal/task/scan.go:644","msg":"pos业务 - market buy token - solana 处理扫描到的交易 - 交易Id[2KrEFtFPip1SGRtjheHnkgzQXfUAtEvt7crbT8E1z7a93y4VCNHegeYXS17hbg4sUgeyGsEViAtZUny3z7sS3vLj] 交易失败，跳过"}
{"time":"2026-06-11T22:01:19.91236+08:00","level":"INFO","service":"base-api","caller":"app/base/api/internal/task/scan.go:641","msg":"pos业务 - market buy token - solana 处理扫描到的交易 - 处理交易所购买token交易，交易Id[qMK7ghkpoUqNQYZ3eLqAT5jwZMS86LRdDKhM4Leo93GgFubhDYr57jBUTx1AxZzfgTK3RZdEBZnRLkr7Rhx878H] "}
{"time":"2026-06-11T22:01:19.912467+08:00","level":"INFO","service":"base-api","caller":"app/base/api/internal/task/scan.go:641","msg":"pos业务 - market buy token - solana 处理扫描到的交易 - 处理交易所购买token交易，交易Id[3s34yirDfa6AmtoyUrnBHVBaHUVPQqCYomnkNqaS3qYm5jXj6smLVdhVyE6zGhsfvwDYMfNsr3MYhPmMVHfQVW2n] "}
{"time":"2026-06-11T22:01:19.955934+08:00","level":"INFO","service":"base-api","caller":"app/base/api/internal/task/scan.go:641","msg":"pos业务 - market buy token - solana 处理扫描到的交易 - 处理交易所购买token交易，交易Id[3s5xWiPLdjBtBkzSiCmM96wKy9Uvzx6ES4XXkSKkPHHLNBpuDoU2gWYJCMAnxedqPnUF725ajGcQ3iQjNjhcifPS] "}
{"time":"2026-06-11T22:01:19.955957+08:00","level":"INFO","service":"base-api","caller":"app/base/api/internal/task/scan.go:641","msg":"pos业务 - market buy token - solana 处理扫描到的交易 - 处理交易所购买token交易，交易Id[35rA42opLahVkRmqmAU5MrnxJeD8uiemJVkrYvShaB9E92fa1AxRY3ci6EhDWkyJe4LGSDfVNrYX5YZE56EQYay7] "}
{"time":"2026-06-11T22:01:19.955998+08:00","level":"INFO","service":"base-api","caller":"app/base/api/internal/task/scan.go:641","msg":"pos业务 - market buy token - solana 处理扫描到的交易 - 处理交易所购买token交易，交易Id[2QNZthhR8STWEk4LQEg6T3fccmKDH19dEvp9PhaYc7iaPfzX5w4tAcZfPRa2mRBXGByz7aeRezCZMLJcPgx7veqg] "}
{"time":"2026-06-11T22:01:19.956006+08:00","level":"INFO","service":"base-api","caller":"app/base/api/internal/task/scan.go:641","msg":"pos业务 - market buy token - solana 处理扫描到的交易 - 处理交易所购买token交易，交易Id[39JLvQsstPJhQ49KUu9L3behdNia4qtVtAM8yjG4J842n4iDToPuuvyGysnfgGPKfruiY1WBrM7kGg1YAAzTTjJp] "}
{"time":"2026-06-11T22:01:19.95607+08:00","level":"INFO","service":"base-api","caller":"app/base/api/internal/task/scan.go:641","msg":"pos业务 - market buy token - solana 处理扫描到的交易 - 处理交易所购买token交易，交易Id[5fWqwbprJrTECQW7Y7KNBrWfUudmBR8md6wG9B3oEvuya1KsDijpRJZU1jQS35xLnFeexcbX1of52ht4hzavTq9w] "}
{"time":"2026-06-11T22:01:19.956096+08:00","level":"INFO","service":"base-api","caller":"app/base/api/internal/task/scan.go:644","msg":"pos业务 - market buy token - solana 处理扫描到的交易 - 交易Id[5fWqwbprJrTECQW7Y7KNBrWfUudmBR8md6wG9B3oEvuya1KsDijpRJZU1jQS35xLnFeexcbX1of52ht4hzavTq9w] 交易失败，跳过"}
{"time":"2026-06-11T22:01:19.956079+08:00","level":"INFO","service":"base-api","caller":"app/base/api/internal/task/scan.go:641","msg":"pos业务 - market buy token - solana 处理扫描到的交易 - 处理交易所购买token交易，交易Id[duR5obqHqfwnNtweK9uAZbiD1MZmnS6dxCT48sSLu5aEnfCVDnHd9NtFEYm6yNG5xKbKEtbYM7gE3dAJZbsiYVG] "}
{"time":"2026-06-11T22:01:19.956154+08:00","level":"INFO","service":"base-api","caller":"app/base/api/internal/task/scan.go:641","msg":"pos业务 - market buy token - solana 处理扫描到的交易 - 处理交易所购买token交易，交易Id[4FnRkNSVt3GVtfqf3jKFb92kz3RqvSLNsgBhRTn5PSS92rznSpVKzhVLsQ1e15pyYbZfJXjJDPcnXbhm8BgWEKZ1] "}
{"time":"2026-06-11T22:01:19.961502+08:00","level":"INFO","service":"base-api","caller":"app/base/api/internal/task/scan.go:641","msg":"pos业务 - market buy token - solana 处理扫描到的交易 - 处理交易所购买token交易，交易Id[2UPDmqpKhNcvJSTvnXESNPVTjZcYG1E2oq5kmvyRYzmF1nfZPhGUvVY57eUu2BS547o2Zr8rDyjwL7ce3BEeemhC] "}
{"time":"2026-06-11T22:01:19.961516+08:00","level":"INFO","service":"base-api","caller":"app/base/api/internal/task/scan.go:641","msg":"pos业务 - market buy token - solana 处理扫描到的交易 - 处理交易所购买token交易，交易Id[4X6o2w3q7Epfy9XE9Ndhyv4CEsrnPysPh1oQm1X7jZCrdEqYukUMegzKTQJA9NxpeV9N9uagJJWJgsbMT5XYRvEq] "}
{"time":"2026-06-11T22:01:19.961576+08:00","level":"INFO","service":"base-api","caller":"app/base/api/internal/task/scan.go:641","msg":"pos业务 - market buy token - solana 处理扫描到的交易 - 处理交易所购买token交易，交易Id[58NUMHM1id1iJcgnngqbhQqoAGWkgjHUfBR2MC3EKfFVhJFbvxyKy3XtrRicoPxG2H9RftAMHysYeBhtJZyEnShV] "}
{"time":"2026-06-11T22:01:19.999324+08:00","level":"INFO","service":"base-api","caller":"app/base/api/internal/task/scan.go:641","msg":"pos业务 - market buy token - solana 处理扫描到的交易 - 处理交易所购买token交易，交易Id[25mraeoiPP2AePmgbqpxkCMRqHe82qLFxANyrqADJyxfEPFQoNvEFZQvKQSmXceycrLi67m2De53pNWyDmPRGucr] "}
{"time":"2026-06-11T22:01:19.999321+08:00","level":"INFO","service":"base-api","caller":"app/base/api/internal/task/scan.go:641","msg":"pos业务 - market buy token - solana 处理扫描到的交易 - 处理交易所购买token交易，交易Id[S8kFkZBXCHnDkLbeyYaUR7JHwoiafnr3iJ5dSJyGJLBYE6nuggn24Gp9VmxHSkyNyMq8NF13MqHnegNrshvQscd] "}
{"time":"2026-06-11T22:01:19.999431+08:00","level":"INFO","service":"base-api","caller":"app/base/api/internal/task/scan.go:641","msg":"pos业务 - market buy token - solana 处理扫描到的交易 - 处理交易所购买token交易，交易Id[2KTGeD85WUrUu6qLNuUG7Y127HNyXfXJt1bcA8o7pGZL8oVfuN683mPHKm51qgGcMJaPVuLeGGyvH29hLs5uUpie] "}
{"time":"2026-06-11T22:01:19.999329+08:00","level":"INFO","service":"base-api","caller":"app/base/api/internal/task/scan.go:641","msg":"pos业务 - market buy token - solana 处理扫描到的交易 - 处理交易所购买token交易，交易Id[3HPKN3pxjEc6NDmiEVQQif9Rq37KkTvxz8iBLC1RQEeLFPMdbjDSvomJYrMCckULR9UCSagF28fA9JAbmUYRY7Mx] "}
{"time":"2026-06-11T22:01:19.999459+08:00","level":"INFO","service":"base-api","caller":"app/base/api/internal/task/scan.go:641","msg":"pos业务 - market buy token - solana 处理扫描到的交易 - 处理交易所购买token交易，交易Id[67ANt9oiywimXmKtA4quPSyzRkLy24KVrTB4RPevWNWAFaRTpyzCYv4SrzQW7tidsz1Gxwq4xmPEw5e9ZHgJS7Sf] "}
{"time":"2026-06-11T22:01:19.999402+08:00","level":"INFO","service":"base-api","caller":"app/base/api/internal/task/scan.go:641","msg":"pos业务 - market buy token - solana 处理扫描到的交易 - 处理交易所购买token交易，交易Id[5UBk4qvh5cqbu2vGf1y1B7jgW4WVDaMgqwzyC9J8jXKfnZibJtA8brRPZsiJW2YDyf3akDAsFALLVqxWTYvoLS8u] "}
{"time":"2026-06-11T22:01:19.999459+08:00","level":"INFO","service":"base-api","caller":"app/base/api/internal/task/scan.go:641","msg":"pos业务 - market buy token - solana 处理扫描到的交易 - 处理交易所购买token交易，交易Id[5FQqrLzqNsxjT2YMbLPWaBJcbuqEKUnBMez356AL1phCAbvBMaY7cF81xbDswiAavqxdW3XJn9M7Ur47torx2qzf] "}
{"time":"2026-06-11T22:01:19.999392+08:00","level":"INFO","service":"base-api","caller":"app/base/api/internal/task/scan.go:641","msg":"pos业务 - market buy token - solana 处理扫描到的交易 - 处理交易所购买token交易，交易Id[3Kg4VDtaPXPPveC7EhBHXXtCXG5JVA3CBQqgz9Lkcdo9TzAWMN6qkwbhkDd3yQmmBvxGeeac2Nt3TfQrkdNCVdFY] "}
{"time":"2026-06-11T22:01:19.999933+08:00","level":"INFO","service":"base-api","caller":"app/base/api/internal/task/scan.go:641","msg":"pos业务 - market buy token - solana 处理扫描到的交易 - 处理交易所购买token交易，交易Id[4BvjmBzyxkPorfFWwxeZA8CmDikQzXoZhYpUXU2kKGKprCCaJ7xzySFAAAi4HwQeyebsbz3hM2B92BjMFCqE9kPh] "}
{"time":"2026-06-11T22:01:19.999969+08:00","level":"INFO","service":"base-api","caller":"app/base/api/internal/task/scan.go:641","msg":"pos业务 - market buy token - solana 处理扫描到的交易 - 处理交易所购买token交易，交易Id[4QJEgkcrNxAhD2Nc9cnjz3nrxFWmFnUYRW2cVvxeVEmnqUpPvxLXK8qCzYqFWUS6o6faCUtXz1SSLEUoyCjvS6r3] "}
{"time":"2026-06-11T22:01:20.00028+08:00","level":"INFO","service":"base-api","caller":"app/base/api/internal/task/scan.go:641","msg":"pos业务 - market buy token - solana 处理扫描到的交易 - 处理交易所购买token交易，交易Id[65kGp8R8mFTS1TdqbbwDYdAymuHxouMSrBwnDrNSoV7Q5DGJp64MsvCBFYjQ2Jk6731BCuJ1zYab9C62fQ6tW12v] "}
{"time":"2026-06-11T22:01:20.000412+08:00","level":"INFO","service":"base-api","caller":"app/base/api/internal/task/scan.go:641","msg":"pos业务 - market buy token - solana 处理扫描到的交易 - 处理交易所购买token交易，交易Id[3bXQBCZGZ1vUSFW78e9Zun7BtUqGzXR6NMJ9DqvkY7qu3SWECrqjoDoN2QHyfghcgydRSm6KeS5nYNrQDo1jeJy7] "}
{"time":"2026-06-11T22:01:20.000432+08:00","level":"INFO","service":"base-api","caller":"app/base/api/internal/task/scan.go:644","msg":"pos业务 - market buy token - solana 处理扫描到的交易 - 交易Id[3bXQBCZGZ1vUSFW78e9Zun7BtUqGzXR6NMJ9DqvkY7qu3SWECrqjoDoN2QHyfghcgydRSm6KeS5nYNrQDo1jeJy7] 交易失败，跳过"}
{"time":"2026-06-11T22:01:20.00049+08:00","level":"INFO","service":"base-api","caller":"app/base/api/internal/task/scan.go:641","msg":"pos业务 - market buy token - solana 处理扫描到的交易 - 处理交易所购买token交易，交易Id[5juEa8ymfZ4KZxFGJfPLpwF1ZeKzzxqZYNvBJ5cKsPQfiKyGJbQV7XPQN5wiJJRfQdfGKTzXmqFAoXaa5Jh5PyAv] "}
{"time":"2026-06-11T22:01:20.000532+08:00","level":"INFO","service":"base-api","caller":"app/base/api/internal/task/scan.go:641","msg":"pos业务 - market buy token - solana 处理扫描到的交易 - 处理交易所购买token交易，交易Id[3GNEwmYj9hnzMZ28Y7GgRBWPB3dzyob5a9LTE7Ej3BKXGnwib2cFSpkDbhbDiQ5xQAnidDMfyAdtY8F8voJ17bHQ] "}
{"time":"2026-06-11T22:01:20.000558+08:00","level":"INFO","service":"base-api","caller":"app/base/api/internal/task/scan.go:641","msg":"pos业务 - market buy token - solana 处理扫描到的交易 - 处理交易所购买token交易，交易Id[4Dtm8gyN2ZFBBenQVLpL7qcZ9XLpAqs9L2kWEFcfhv2omXbmYuieHVTqf1vsFLPxnePSaRfWtFp47CLj3QFqkQME] "}
{"time":"2026-06-11T22:01:20.000569+08:00","level":"INFO","service":"base-api","caller":"app/base/api/internal/task/scan.go:641","msg":"pos业务 - market buy token - solana 处理扫描到的交易 - 处理交易所购买token交易，交易Id[5qVAoH8kHny4C8MYNmXn2XkSzw8weTFaaqT8WtRxFenMA14VE2iWKFPo5sJY6SQzgNsNCKTfCiiE2F44vKJKaVvv] "}
{"time":"2026-06-11T22:01:20.000587+08:00","level":"INFO","service":"base-api","caller":"app/base/api/internal/task/scan.go:644","msg":"pos业务 - market buy token - solana 处理扫描到的交易 - 交易Id[5qVAoH8kHny4C8MYNmXn2XkSzw8weTFaaqT8WtRxFenMA14VE2iWKFPo5sJY6SQzgNsNCKTfCiiE2F44vKJKaVvv] 交易失败，跳过"}
{"time":"2026-06-11T22:01:20.000665+08:00","level":"INFO","service":"base-api","caller":"app/base/api/internal/task/scan.go:641","msg":"pos业务 - market buy token - solana 处理扫描到的交易 - 处理交易所购买token交易，交易Id[28RXL2CYPu45z9S5BgJM3ZMXQd3abwv1QJjL9YYmBPzdPncSRA9HwFbwBjMTcLqDqzBtTHAphQnDzy2Ds488GiBJ] "}
{"time":"2026-06-11T22:01:20.000674+08:00","level":"INFO","service":"base-api","caller":"app/base/api/internal/task/scan.go:641","msg":"pos业务 - market buy token - solana 处理扫描到的交易 - 处理交易所购买token交易，交易Id[4nR8mRmerkuYXaLPAFjD844St66MS6TLaj4qJ2qVJFwwCqs6DmBz1iiJfUma73JjvsprK8jwQ5dw9Tq8erffjFjV] "}
{"time":"2026-06-11T22:01:20.000828+08:00","level":"INFO","service":"base-api","caller":"app/base/api/internal/task/scan.go:641","msg":"pos业务 - market buy token - solana 处理扫描到的交易 - 处理交易所购买token交易，交易Id[47VxjDcWRfXu27eTTKti5NNbwKsWR19zSGx1pRXtnpmd37rxCyNz7nejwjEKYxFrf8WJcDxpARr6txQyvqp51kpp] "}
{"time":"2026-06-11T22:01:20.000915+08:00","level":"INFO","service":"base-api","caller":"app/base/api/internal/task/scan.go:641","msg":"pos业务 - market buy token - solana 处理扫描到的交易 - 处理交易所购买token交易，交易Id[25HLFsxFkuNr2ppr3e6htk13djjkWwc62Dotnnzr3mzB23UhXWiJsxCHCcENp9M7vYoziaNkBWP9yCGa8upFsLN7] "}
{"time":"2026-06-11T22:01:20.039924+08:00","level":"INFO","service":"base-api","caller":"app/base/api/internal/task/scan.go:641","msg":"pos业务 - market buy token - solana 处理扫描到的交易 - 处理交易所购买token交易，交易Id[UqhkwuLMV3Fx9tsvtULZR6q3gYu6DM9ibtbqmXmZRDcNi83zRV41ySTRn9e1Q5epq5dNRAWpxtmBTTJXMMLHtp6] "}
{"time":"2026-06-11T22:01:20.040018+08:00","level":"INFO","service":"base-api","caller":"app/base/api/internal/task/scan.go:641","msg":"pos业务 - market buy token - solana 处理扫描到的交易 - 处理交易所购买token交易，交易Id[2KQzZYcQNG9V9e8EukTDH4Vn1KCYx19uxmYKj43cdEfq4mNzMoLL9jtrsbKs7QreZVsdpRdcjiPpEabnoVmLcEqk] "}
{"time":"2026-06-11T22:01:20.040099+08:00","level":"INFO","service":"base-api","caller":"app/base/api/internal/task/scan.go:641","msg":"pos业务 - market buy token - solana 处理扫描到的交易 - 处理交易所购买token交易，交易Id[WGiLjCBMvhHwLLJPrNK6ureTQUQ2nm9Ekihz7jM9kXqWDEq8vPy5ZBusYGhZQMGdf2DtbxtHc5c3bgXUA7Ama7J] "}
{"time":"2026-06-11T22:01:20.040124+08:00","level":"INFO","service":"base-api","caller":"app/base/api/internal/task/scan.go:641","msg":"pos业务 - market buy token - solana 处理扫描到的交易 - 处理交易所购买token交易，交易Id[5QJHhyNtnMfVGxoJGCPhW5ac4jNdGK1AU26qAGJbZbvPeEYxjSjMK6Wvm34tZxSmJP8CqD9nzCUGWjoy4CxuML2V] "}
{"time":"2026-06-11T22:01:20.040026+08:00","level":"INFO","service":"base-api","caller":"app/base/api/internal/task/scan.go:641","msg":"pos业务 - market buy token - solana 处理扫描到的交易 - 处理交易所购买token交易，交易Id[3wzX6AjavD2catXNmK1p491mxwR7h6QZkdah6dDZdnSDC82J4JEu6ubUG7qtgVdH25MNzdARVVyX78fknkHY3tiR] "}
{"time":"2026-06-11T22:01:20.040183+08:00","level":"INFO","service":"base-api","caller":"app/base/api/internal/task/scan.go:641","msg":"pos业务 - market buy token - solana 处理扫描到的交易 - 处理交易所购买token交易，交易Id[LqKkzv1at7QTabhZ9pNsnFP5isAkrBS5TY1P8PLyWE4sSPsMyopLEFqUGchpPh5cCa99REw9o4MS7isT5MzCHEK] "}
{"time":"2026-06-11T22:01:20.040208+08:00","level":"INFO","service":"base-api","caller":"app/base/api/internal/task/scan.go:644","msg":"pos业务 - market buy token - solana 处理扫描到的交易 - 交易Id[LqKkzv1at7QTabhZ9pNsnFP5isAkrBS5TY1P8PLyWE4sSPsMyopLEFqUGchpPh5cCa99REw9o4MS7isT5MzCHEK] 交易失败，跳过"}
{"time":"2026-06-11T22:01:20.040133+08:00","level":"INFO","service":"base-api","caller":"app/base/api/internal/task/scan.go:641","msg":"pos业务 - market buy token - solana 处理扫描到的交易 - 处理交易所购买token交易，交易Id[2fBBj5FTj179bwvWN2w2xtGMVxsQRPae1b4rKXQDegjoqgWpccSJLcKUMTdLTBh58dP15Ji7DSKhoC7xzsnN8YEk] "}
{"time":"2026-06-11T22:01:20.040265+08:00","level":"INFO","service":"base-api","caller":"app/base/api/internal/task/scan.go:641","msg":"pos业务 - market buy token - solana 处理扫描到的交易 - 处理交易所购买token交易，交易Id[AiSqcYhagB4NBqDRueyDmogPEuXe2LTniERqtm1tyCEFxXQsdPJJvTgiirub1PFVyZNcVDKuBTrAdRNBaT5wHCN] "}
{"time":"2026-06-11T22:01:20.04033+08:00","level":"INFO","service":"base-api","caller":"app/base/api/internal/task/scan.go:641","msg":"pos业务 - market buy token - solana 处理扫描到的交易 - 处理交易所购买token交易，交易Id[5bd1uiNq3zakDCtGo2tMgiH4SqkZ8evMM7zxGWDsPBZooDvCHMJeUjGMQ5NyzeC2Vj5MECkMVYvfAaV6piBQRfed] "}
{"time":"2026-06-11T22:01:20.040382+08:00","level":"INFO","service":"base-api","caller":"app/base/api/internal/task/scan.go:641","msg":"pos业务 - market buy token - solana 处理扫描到的交易 - 处理交易所购买token交易，交易Id[6tkHJXBWHe8Yxh99frFTtYF3cbXnCXLYVxQbvBgAyxMpDYgkwueVqVMDapRGjuAN8VpYiEkar8A86mNjPa6Qbn2] "}
{"time":"2026-06-11T22:01:20.040396+08:00","level":"INFO","service":"base-api","caller":"app/base/api/internal/task/scan.go:641","msg":"pos业务 - market buy token - solana 处理扫描到的交易 - 处理交易所购买token交易，交易Id[49BmdKH6K8XM2Gjfm64z7g4dipWqcTwcQVHTqKAT5LJCPer47CDyjwui584cyxkPxhbdShgcaVgnNMxJectfuaWm] "}
{"time":"2026-06-11T22:01:20.040267+08:00","level":"INFO","service":"base-api","caller":"app/base/api/internal/task/scan.go:641","msg":"pos业务 - market buy token - solana 处理扫描到的交易 - 处理交易所购买token交易，交易Id[474VZSo6NWytAJkKyFRB4vRLfrPCum8YzXBKkwfrXRUSPKqYaAeM4CwovFjsJBYhGbd73wKK43Hi7TNh1w6N3MJP] "}
{"time":"2026-06-11T22:01:20.040438+08:00","level":"INFO","service":"base-api","caller":"app/base/api/internal/task/scan.go:641","msg":"pos业务 - market buy token - solana 处理扫描到的交易 - 处理交易所购买token交易，交易Id[5PXpkNxKepJ5e961p59hZCXbMaqi2VZV4w3VPjFApgA9s2Ny9kiYtTa6dvQQfdT7mbtsxPyfWUCtxzp6W4BFHWqz] "}
{"time":"2026-06-11T22:01:20.040446+08:00","level":"INFO","service":"base-api","caller":"app/base/api/internal/task/scan.go:641","msg":"pos业务 - market buy token - solana 处理扫描到的交易 - 处理交易所购买token交易，交易Id[3p1Px5uB6ZkQqMNRrSyXSPrWMxSHcNvGUgYX34V2xib3rV8KJbYxYxoGF5hiWdDmpLHU7R9yS7LdBFM2UdnNboQR] "}
{"time":"2026-06-11T22:01:20.040172+08:00","level":"INFO","service":"base-api","caller":"app/base/api/internal/task/scan.go:641","msg":"pos业务 - market buy token - solana 处理扫描到的交易 - 处理交易所购买token交易，交易Id[4ATS8Xe36G98j7YhcG4H66FpBasvor3xR4Uin4Wmgg8GN6pm76PpgFPARhWvbN87fxq3XMzAQHqVz7uj87dBEBsi] "}
{"time":"2026-06-11T22:01:20.040189+08:00","level":"INFO","service":"base-api","caller":"app/base/api/internal/task/scan.go:641","msg":"pos业务 - market buy token - solana 处理扫描到的交易 - 处理交易所购买token交易，交易Id[3MXneXET4A3rGrSLdsc9RrZDGHFWwm2mAp4ktfeVkSQEEhwTkysR5tdJHDFBZZMuWtF4xQFTdt4Muo25AV8HhdHr] "}
{"time":"2026-06-11T22:01:20.040505+08:00","level":"INFO","service":"base-api","caller":"app/base/api/internal/task/scan.go:641","msg":"pos业务 - market buy token - solana 处理扫描到的交易 - 处理交易所购买token交易，交易Id[2guPbHvTey8SStNPNoZKrkyRUspvmcASAccjcoKk6i9LQb6ngC2n8aMVJDKRvWfmmtxSwDaHDdzFhGpCNQaaNAj1] "}
{"time":"2026-06-11T22:01:20.04052+08:00","level":"INFO","service":"base-api","caller":"app/base/api/internal/task/scan.go:641","msg":"pos业务 - market buy token - solana 处理扫描到的交易 - 处理交易所购买token交易，交易Id[HPKQfqDSh89CChyokkXC6grVXgdy2PCp5UNDuMQbMXJQABpDLx5kENvqTC9Z28PRWuykfLBDFuM7bgfofjebpmT] "}
{"time":"2026-06-11T22:01:20.06971+08:00","level":"INFO","service":"base-api","caller":"app/base/api/internal/task/scan.go:641","msg":"pos业务 - market buy token - solana 处理扫描到的交易 - 处理交易所购买token交易，交易Id[5pxye1hSPmEqXozWBnyW4HWQtNsLhAoRUnQVkGgnz3H1GiPFSh3qVDT5nXvtNC8kmz7xtHdWBy2mGsYMTENDqxHG] "}
{"time":"2026-06-11T22:01:20.093797+08:00","level":"INFO","service":"base-api","caller":"app/base/api/internal/task/scan.go:641","msg":"pos业务 - market buy token - solana 处理扫描到的交易 - 处理交易所购买token交易，交易Id[4Xo57FaKQyEFNubHDfsZXm9NmEAKLicm1HFEyBAsz4UjTGjcpBEy2iZPppwNh1gFroxhpXBnGoahAQf7Xn8QJmAF] "}
{"time":"2026-06-11T22:01:20.093842+08:00","level":"INFO","service":"base-api","caller":"app/base/api/internal/task/scan.go:641","msg":"pos业务 - market buy token - solana 处理扫描到的交易 - 处理交易所购买token交易，交易Id[4TuQQW1RsLuZFf8jkuyq9pyJoS8VBrbnNr2WryKpTpnHSRZRAntkcr2ZcNXP2ATG6vMNWepPbYeE6U96c59osXfB] "}
{"time":"2026-06-11T22:01:20.09396+08:00","level":"INFO","service":"base-api","caller":"app/base/api/internal/task/scan.go:641","msg":"pos业务 - market buy token - solana 处理扫描到的交易 - 处理交易所购买token交易，交易Id[5TEkzMkToJ4fg9ks2Dztn8bPDfsNhVP6bfq9Jv3WxR9pAPLx4nsD35WtSpcV6FQ2Yb4wXZC3EMcVq8CLb46BfjCv] "}
{"time":"2026-06-11T22:01:20.093978+08:00","level":"INFO","service":"base-api","caller":"app/base/api/internal/task/scan.go:644","msg":"pos业务 - market buy token - solana 处理扫描到的交易 - 交易Id[5TEkzMkToJ4fg9ks2Dztn8bPDfsNhVP6bfq9Jv3WxR9pAPLx4nsD35WtSpcV6FQ2Yb4wXZC3EMcVq8CLb46BfjCv] 交易失败，跳过"}
{"time":"2026-06-11T22:01:20.264119+08:00","level":"INFO","service":"base-api","caller":"app/base/api/internal/task/scan.go:641","msg":"pos业务 - market buy token - solana 处理扫描到的交易 - 处理交易所购买token交易，交易Id[3sSiJ1wnkcXghWPyMXQuReisY36uYRgEFZE88fghnqD3ubY7mvbks6NnBUxMGCr51wHi4NuxkLqwmgbT3DNz9L7P] "}
{"time":"2026-06-11T22:01:20.274368+08:00","level":"INFO","service":"base-api","caller":"app/base/api/internal/task/scan.go:641","msg":"pos业务 - market buy token - solana 处理扫描到的交易 - 处理交易所购买token交易，交易Id[3hKyHFbxkuHRniKnxSZKnEsjdoHVhz323zoktajS862oNrxAydCiKuumb4qfFi4oHwv9t4d6Y3yZUXjWeDLyACAh] "}
{"time":"2026-06-11T22:01:20.280209+08:00","level":"INFO","service":"base-api","caller":"app/base/api/internal/task/scan.go:641","msg":"pos业务 - market buy token - solana 处理扫描到的交易 - 处理交易所购买token交易，交易Id[2kWa7VveMXC2dqx6QTXJ7vaXABzo6xaGXDqCMoK51kkkZZVbUKTRbNcBokg4nVy9HNuvzaRUnP6ExLeGL3G7mfY6] "}
{"time":"2026-06-11T22:01:20.285594+08:00","level":"INFO","service":"base-api","caller":"app/base/api/internal/task/scan.go:641","msg":"pos业务 - market buy token - solana 处理扫描到的交易 - 处理交易所购买token交易，交易Id[53zBwCCfm7BdjaaLfo7iM1U987uAjeLCNK8RgvW1kxLpEeZvUKwnvAgjhhDLh4nAMC58KaFqutxFRPXbau2iHZ2Z] "}
{"time":"2026-06-11T22:01:20.297982+08:00","level":"INFO","service":"base-api","caller":"app/base/api/internal/task/scan.go:641","msg":"pos业务 - market buy token - solana 处理扫描到的交易 - 处理交易所购买token交易，交易Id[FC9EidNb8MjX9SoAdgtkmXjb39Wj6pbT8agaxyrn3fxAkgRV5QxYGZGRMUM5YuVCjctcxKrTiiFgJ6F1r14exTk] "}
{"time":"2026-06-11T22:01:20.309818+08:00","level":"INFO","service":"base-api","caller":"app/base/api/internal/task/scan.go:641","msg":"pos业务 - market buy token - solana 处理扫描到的交易 - 处理交易所购买token交易，交易Id[4uyyJHhVxyZ3pM7NvN8YgTyYWk7LsCCAHQYWeiRDo5o7mrph3kDA9RhEaqpfbHAZYf7sTAQd51HRmgDPnkXeo6DM] "}
{"time":"2026-06-11T22:01:20.322569+08:00","level":"INFO","service":"base-api","caller":"app/base/api/internal/task/scan.go:641","msg":"pos业务 - market buy token - solana 处理扫描到的交易 - 处理交易所购买token交易，交易Id[2LSVdqmwP9awR5FhfNKHkARFHgvvni7hEQAaucTpX5pYV7P4k9Nw68Aq6SGcDCaa5hXSpCgxX7FBXx1h5rYLvd4j] "}
{"time":"2026-06-11T22:01:20.334946+08:00","level":"INFO","service":"base-api","caller":"app/base/api/internal/task/scan.go:641","msg":"pos业务 - market buy token - solana 处理扫描到的交易 - 处理交易所购买token交易，交易Id[3xmdp7s3GsDHuGaukmQAMCR1kBGKNvuJH47S6ngEhc5MoguoAANBpuv4S19ARNeA3qfdQ9fnmqh1dTVfeAs71HVA] "}
{"time":"2026-06-11T22:01:20.347263+08:00","level":"INFO","service":"base-api","caller":"app/base/api/internal/task/scan.go:641","msg":"pos业务 - market buy token - solana 处理扫描到的交易 - 处理交易所购买token交易，交易Id[3cntMyhGtqo4s5G6ruebyoZHVx5BvMs9dSoLM46fjPQdamFuAXtVFcV27ETKReaR3NYSt8vXnxKxcGsA3qXUW1zh] "}
{"time":"2026-06-11T22:01:20.371319+08:00","level":"INFO","service":"base-api","caller":"app/base/api/internal/task/scan.go:641","msg":"pos业务 - market buy token - solana 处理扫描到的交易 - 处理交易所购买token交易，交易Id[2sgWRymobZsWHzjzimVfbxoQftr7RtPAqJm1NJbGamcgvEfr3fDsDh5AfzZz2BUxBLsWPJjM1ZSh6h2UF4Dmstqg] "}
{"time":"2026-06-11T22:01:20.371356+08:00","level":"INFO","service":"base-api","caller":"app/base/api/internal/task/scan.go:641","msg":"pos业务 - market buy token - solana 处理扫描到的交易 - 处理交易所购买token交易，交易Id[37FEE1ZvqrPBYpkkkdL49569Sv2X2if9QDDyKf961q9jSc8voQSuJGeD3ZiiHMMKCbat3GX8nu3tWceRriVMczca] "}
{"time":"2026-06-11T22:01:20.37139+08:00","level":"INFO","service":"base-api","caller":"app/base/api/internal/task/scan.go:641","msg":"pos业务 - market buy token - solana 处理扫描到的交易 - 处理交易所购买token交易，交易Id[36ocLrWKUwUWGP9yNMJ4btkbnfVVgKZU4kVdH1Jco5hYdWMXi64KxDLUijpGMerBG1H3QGRPPzKXiXnDQm5oVsN2] "}
{"time":"2026-06-11T22:01:20.371437+08:00","level":"INFO","service":"base-api","caller":"app/base/api/internal/task/scan.go:641","msg":"pos业务 - market buy token - solana 处理扫描到的交易 - 处理交易所购买token交易，交易Id[42iDfB2w3pdKUqJx73aigXx9UYGevTa12ZdwNRmnWKuxm5FhYjafU5SgzqHrm2AufQ8BPWj77vyHqurSpdakfJDh] "}
{"time":"2026-06-11T22:01:20.371452+08:00","level":"INFO","service":"base-api","caller":"app/base/api/internal/task/scan.go:641","msg":"pos业务 - market buy token - solana 处理扫描到的交易 - 处理交易所购买token交易，交易Id[5UrA7oSa7Yeg55N5eAyMihpmW1dJbHTjsD1ok9Caoi2msDjg9RBSS7R3fHmwk6HrWTkAmzLjXiHBwwd1opTcWxaV] "}
{"time":"2026-06-11T22:01:20.371435+08:00","level":"INFO","service":"base-api","caller":"app/base/api/internal/task/scan.go:641","msg":"pos业务 - market buy token - solana 处理扫描到的交易 - 处理交易所购买token交易，交易Id[4ZWzoVxKnFvBSYTGEkeiY2h1H2sBiNTmxa22tQkW7T5zWeZdRJBD3jNvMHddV3ybf7hTdSVvcAhLzfJrUygoihFT] "}
{"time":"2026-06-11T22:01:20.371522+08:00","level":"INFO","service":"base-api","caller":"app/base/api/internal/task/scan.go:641","msg":"pos业务 - market buy token - solana 处理扫描到的交易 - 处理交易所购买token交易，交易Id[LmuuurzVZQrhxzkanNEjQqqdGBFwbUhjDHUJNnVNMYaA42T8yRcPe3mRQ16735SQbPwnPa8B3wsEFF2PfA6vrZq] "}
{"time":"2026-06-11T22:01:20.371459+08:00","level":"INFO","service":"base-api","caller":"app/base/api/internal/task/scan.go:641","msg":"pos业务 - market buy token - solana 处理扫描到的交易 - 处理交易所购买token交易，交易Id[531xpaRURkum7XgPGGQqMTjq646VqZ6AsMJcL9JUevphUmLmWpP7UwoVAz2EStKJQEVEDpD9nCnsmypHV5VQ8KeQ] "}
{"time":"2026-06-11T22:01:20.371518+08:00","level":"INFO","service":"base-api","caller":"app/base/api/internal/task/scan.go:641","msg":"pos业务 - market buy token - solana 处理扫描到的交易 - 处理交易所购买token交易，交易Id[5XoLsGDHnZdF4xHtDUy5k2wF5vE7fHfiP4LcTToeQ8JdiMUXfUB5uYHDkmvjQQVA5JrntSNz3guqFKVc1ViGDQ6x] "}
{"time":"2026-06-11T22:01:20.371612+08:00","level":"INFO","service":"base-api","caller":"app/base/api/internal/task/scan.go:644","msg":"pos业务 - market buy token - solana 处理扫描到的交易 - 交易Id[5XoLsGDHnZdF4xHtDUy5k2wF5vE7fHfiP4LcTToeQ8JdiMUXfUB5uYHDkmvjQQVA5JrntSNz3guqFKVc1ViGDQ6x] 交易失败，跳过"}
{"time":"2026-06-11T22:01:20.371572+08:00","level":"INFO","service":"base-api","caller":"app/base/api/internal/task/scan.go:641","msg":"pos业务 - market buy token - solana 处理扫描到的交易 - 处理交易所购买token交易，交易Id[2ftvSsVA8WMKaox7DkME3g5cT5XJL6bojaZVjd2dQV27zRNP5fb9eNVxv5refmJgV3qiZFm189YaYkMu6Lr8ARgU] "}
{"time":"2026-06-11T22:01:20.371644+08:00","level":"INFO","service":"base-api","caller":"app/base/api/internal/task/scan.go:641","msg":"pos业务 - market buy token - solana 处理扫描到的交易 - 处理交易所购买token交易，交易Id[4E9L9fo8xPJ4yZz8qTivLxXEwPN9X9c8ThG9pNs2tDuZurMSonwpB1XtSNuDkmtn23bKWk2SRGF5hVai168WjAkC] "}
{"time":"2026-06-11T22:01:20.371574+08:00","level":"INFO","service":"base-api","caller":"app/base/api/internal/task/scan.go:641","msg":"pos业务 - market buy token - solana 处理扫描到的交易 - 处理交易所购买token交易，交易Id[4pDjccjT9bvCo97L3qYL5JEw86nbKjjXgSWLC1RoFPoASeXwAeZgUEC77iQqmkqraczYdkTQ2Www3V2Ner18B3gj] "}
{"time":"2026-06-11T22:01:20.37168+08:00","level":"INFO","service":"base-api","caller":"app/base/api/internal/task/scan.go:641","msg":"pos业务 - market buy token - solana 处理扫描到的交易 - 处理交易所购买token交易，交易Id[4BxMmrFLMUFFGffH82QCUMcUCC2RX41o9d2YWKdGAQ5j4VzwcVGpdHVirkbjVLTDLPytMDXpgyZ4zRzc5j8Tf5EM] "}
{"time":"2026-06-11T22:01:20.371581+08:00","level":"INFO","service":"base-api","caller":"app/base/api/internal/task/scan.go:641","msg":"pos业务 - market buy token - solana 处理扫描到的交易 - 处理交易所购买token交易，交易Id[4VoY9GjqmtYRZg5z5pak4oeHGY42TxnSBG1WoTxyEH74AK3xssncALCbkdZHHScqNGvP3TN4djhWpSxqsai68QGT] "}
{"time":"2026-06-11T22:01:20.371595+08:00","level":"INFO","service":"base-api","caller":"app/base/api/internal/task/scan.go:641","msg":"pos业务 - market buy token - solana 处理扫描到的交易 - 处理交易所购买token交易，交易Id[5EEACTDPLjMxUQ8WdVHiXGh5yBjjKz94U4RUZu5zVkAkdp61mPHVYuurqjsKWdSBDtxSFbEqkU6xQm4V4JgpQsQd] "}
{"time":"2026-06-11T22:01:20.371734+08:00","level":"INFO","service":"base-api","caller":"app/base/api/internal/task/scan.go:641","msg":"pos业务 - market buy token - solana 处理扫描到的交易 - 处理交易所购买token交易，交易Id[SomwsAQAnegqG6fDwaZUZFyc9PXyiZruFeeNRDA4gEzPjyZeWFApaxXrazMCkxMRGsEKdwhWJJKiWshrgZnNKrL] "}
{"time":"2026-06-11T22:01:20.371791+08:00","level":"INFO","service":"base-api","caller":"app/base/api/internal/task/scan.go:641","msg":"pos业务 - market buy token - solana 处理扫描到的交易 - 处理交易所购买token交易，交易Id[4Cswj2ZDunqrLbiNYqgZHK4u7hmDrT6mcDgBJh64f36PmG5KdZY3hxNw52HSgM5zxesJCENRSCi1N9B2r2ESvoHw] "}
{"time":"2026-06-11T22:01:20.422497+08:00","level":"INFO","service":"base-api","caller":"app/base/api/internal/task/scan.go:641","msg":"pos业务 - market buy token - solana 处理扫描到的交易 - 处理交易所购买token交易，交易Id[4DX7tf5m1kG6aQqZ1bNCMusLfrAL62FWgg4VB3oJhFinUFHi64KfZ2nDBX1cB7yQurqrvthcYeKLitkoBFEfYwab] "}
{"time":"2026-06-11T22:01:20.422621+08:00","level":"INFO","service":"base-api","caller":"app/base/api/internal/task/scan.go:641","msg":"pos业务 - market buy token - solana 处理扫描到的交易 - 处理交易所购买token交易，交易Id[3Fvwb6NR7N6Bfv7xTdoi2Vg8Hhmov3MXcYuCCrTYz94PTseE7jE9VaZaN7zphpJzhaSJieXZBnaNBSstcpx8avFx] "}
{"time":"2026-06-11T22:01:20.522574+08:00","level":"INFO","service":"base-api","caller":"app/base/api/internal/task/scan.go:641","msg":"pos业务 - market buy token - solana 处理扫描到的交易 - 处理交易所购买token交易，交易Id[PLFHHeAZ5fszuTCy1CxWEnxh7CvQJoc6YaoeX2QHTwb18XsZyRkyEAbWcBKarcXdWz1WbAgcBHAPJ38KTs2B51R] "}
{"time":"2026-06-11T22:01:20.522681+08:00","level":"INFO","service":"base-api","caller":"app/base/api/internal/task/scan.go:641","msg":"pos业务 - market buy token - solana 处理扫描到的交易 - 处理交易所购买token交易，交易Id[3x9k1y1sVVFVKHTXKDTmEymy8EDhysGMofmhP86RWxUH5HHxHt9WpUEyuLQDUfxSo84q3HDyBGRD1rVqqAUQhWct] "}
{"time":"2026-06-11T22:01:20.522685+08:00","level":"INFO","service":"base-api","caller":"app/base/api/internal/task/scan.go:641","msg":"pos业务 - market buy token - solana 处理扫描到的交易 - 处理交易所购买token交易，交易Id[2Zg322ycemJUk8tCZBcGvvQYAkfYBnzHNwKkTJsiDTNYmNmMKPEmi4yf9NbVi2xMQWA7rGJ3J4zrpUVP3apM7zFE] "}
{"time":"2026-06-11T22:01:20.522687+08:00","level":"INFO","service":"base-api","caller":"app/base/api/internal/task/scan.go:641","msg":"pos业务 - market buy token - solana 处理扫描到的交易 - 处理交易所购买token交易，交易Id[5Yb926tvd5o9UGzBBGzu7ZFRqbg4sPg5dvLiMyW4byZf8ppwE9Wt7cN2YYVHx1gX8JZTH4pJUqSybNzJqqmEUWiU] "}
{"time":"2026-06-11T22:01:20.522702+08:00","level":"INFO","service":"base-api","caller":"app/base/api/internal/task/scan.go:641","msg":"pos业务 - market buy token - solana 处理扫描到的交易 - 处理交易所购买token交易，交易Id[2YbbG8fM6csW3wqw3S8tKANA75tQoKP5Lctuofy3GshLkk95AwgFNr8CkqXR48tHHTJa8e6gL1a3rArMJhqckzjW] "}
{"time":"2026-06-11T22:01:20.522722+08:00","level":"INFO","service":"base-api","caller":"app/base/api/internal/task/scan.go:641","msg":"pos业务 - market buy token - solana 处理扫描到的交易 - 处理交易所购买token交易，交易Id[2KNngkHGch9FgieDtYFd8CsUgGroCQJca8rHdFik2eikKAxEV6FRTpAPo1DrzP6HM4uyqJrvMaqNeTxqSoH7eiAJ] "}
{"time":"2026-06-11T22:01:20.522767+08:00","level":"INFO","service":"base-api","caller":"app/base/api/internal/task/scan.go:641","msg":"pos业务 - market buy token - solana 处理扫描到的交易 - 处理交易所购买token交易，交易Id[34zfBsTmUqa12BtvJ4h8ei5vbV9EKiSMpyata1h7vZRLVnoWjHN6kZ4AGniwC2FBDspiusbfpGf45kzaqVRsjL44] "}
{"time":"2026-06-11T22:01:20.522883+08:00","level":"INFO","service":"base-api","caller":"app/base/api/internal/task/scan.go:641","msg":"pos业务 - market buy token - solana 处理扫描到的交易 - 处理交易所购买token交易，交易Id[3pzb7SCgJqzyx4g9EFtJNe2rZmvADju5LyEE11z4Lm2WqQbjfjaRyj3Z335u6kudGiXETvaGagmEm997uenrZXBX] "}
{"time":"2026-06-11T22:01:20.522884+08:00","level":"INFO","service":"base-api","caller":"app/base/api/internal/task/scan.go:641","msg":"pos业务 - market buy token - solana 处理扫描到的交易 - 处理交易所购买token交易，交易Id[31DgipZcahFPoptwuPsEqPfFpG8dei55RzhZ6sCxSFUNbMYjWb5ZNrJ32h8Y1LFozaLjEMRcbxXQRVYne13BQeDe] "}
{"time":"2026-06-11T22:01:20.523039+08:00","level":"INFO","service":"base-api","caller":"app/base/api/internal/task/scan.go:641","msg":"pos业务 - market buy token - solana 处理扫描到的交易 - 处理交易所购买token交易，交易Id[5tY8nsACS3jUcSVsdyvRrt5kKHsvGeszBW6dcqrLnUHJXrj7DnLwaCpodUtYRT6E4hjax5LAhej7gxTVkry4X5uJ] "}
{"time":"2026-06-11T22:01:20.523052+08:00","level":"INFO","service":"base-api","caller":"app/base/api/internal/task/scan.go:641","msg":"pos业务 - market buy token - solana 处理扫描到的交易 - 处理交易所购买token交易，交易Id[5hAVXx96u4xBkQ9ga1nfiidcMFXFQpgTaV8hrYKCTJDGMNug4sUSNX6uXpxx6dqB1eAKqnCeHULNJcToAQDsKrVc] "}
{"time":"2026-06-11T22:01:20.523107+08:00","level":"INFO","service":"base-api","caller":"app/base/api/internal/task/scan.go:641","msg":"pos业务 - market buy token - solana 处理扫描到的交易 - 处理交易所购买token交易，交易Id[esBsZNLq3QbHHMRWndY9HgFZkQ5iYotJL6wn4ZDNDn7y3rXTMGheBjNJuPRxkPxZ96vh9PN4YCYxvvNNpoyNeTd] "}
{"time":"2026-06-11T22:01:20.523447+08:00","level":"INFO","service":"base-api","caller":"app/base/api/internal/task/scan.go:641","msg":"pos业务 - market buy token - solana 处理扫描到的交易 - 处理交易所购买token交易，交易Id[3UoooAGFsTEMrpfXCZepoCppWkB6xyzYy71m1eJGmp4XxwJAkbjP79qgNiE8Ub87LJw2P5YFgnFRbhP9KSgDbYuz] "}
{"time":"2026-06-11T22:01:20.523487+08:00","level":"INFO","service":"base-api","caller":"app/base/api/internal/task/scan.go:641","msg":"pos业务 - market buy token - solana 处理扫描到的交易 - 处理交易所购买token交易，交易Id[2oicWQc5uhJLJgPncBDw5C8pjiDZzJTMDwzFEyu1rNNvSej1jNGZwiR7TjUkNdsn4FCBThokgeDnrQTWhH6hequY] "}
{"time":"2026-06-11T22:01:20.52359+08:00","level":"INFO","service":"base-api","caller":"app/base/api/internal/task/scan.go:641","msg":"pos业务 - market buy token - solana 处理扫描到的交易 - 处理交易所购买token交易，交易Id[2WFU9skvaFf8oMLvorajuo568Sqxx6WciXn9qEGgrbexpCmdQJUnx7c8weNVT9UioRqiypxHr3jQ5nVQyCMwLH6N] "}
{"time":"2026-06-11T22:01:20.560993+08:00","level":"INFO","service":"base-api","caller":"app/base/api/internal/task/scan.go:641","msg":"pos业务 - market buy token - solana 处理扫描到的交易 - 处理交易所购买token交易，交易Id[2w5nwRESFkkpVXYDbVC9EhT5R6RdqZr8AyVg7GSiidJXSYth7hVy6ayAVsr6pA6uzGuoGh9WHnkNcZ4bv1KkFE86] "}
{"time":"2026-06-11T22:01:20.560991+08:00","level":"INFO","service":"base-api","caller":"app/base/api/internal/task/scan.go:641","msg":"pos业务 - market buy token - solana 处理扫描到的交易 - 处理交易所购买token交易，交易Id[3JnvwLBbueSWhc8v5QjdwwZoUbymzo51iFpxG3V7ARBnoCnhsRzD85rdpUmV4uQWnHzpcrJ2o2Ze3bdBDPBiHXzL] "}
{"time":"2026-06-11T22:01:20.561062+08:00","level":"INFO","service":"base-api","caller":"app/base/api/internal/task/scan.go:641","msg":"pos业务 - market buy token - solana 处理扫描到的交易 - 处理交易所购买token交易，交易Id[33NXX5hMAiwo9F3h5Cb1ukq2Z7PPYKZri8mdq4mF1A1LVeepFeEZkJ5nPUBy2aXFZgdCuBkJ6EqnFowADULWnGG8] "}
{"time":"2026-06-11T22:01:20.561204+08:00","level":"INFO","service":"base-api","caller":"app/base/api/internal/task/scan.go:641","msg":"pos业务 - market buy token - solana 处理扫描到的交易 - 处理交易所购买token交易，交易Id[2C7Fb1fCHhhP5Tprr8BZJbySgjoZk6Mz9LoFk663v9Ab5C6oVwWCEryjTd6bHWLKpjM2mvXg12NfWwGdbkv5wBES] "}
{"time":"2026-06-11T22:01:20.576802+08:00","level":"INFO","service":"base-api","caller":"app/base/api/internal/task/scan.go:641","msg":"pos业务 - market buy token - solana 处理扫描到的交易 - 处理交易所购买token交易，交易Id[66iB7A4smkr2yMxBsjpMU1b5UcPwDVrwcWvugiZRE75MgeZL45qnvBWZgXncFu85vtH2zFy3ssSzz5QCgBFfWSDV] "}
{"time":"2026-06-11T22:01:20.57686+08:00","level":"INFO","service":"base-api","caller":"app/base/api/internal/task/scan.go:641","msg":"pos业务 - market buy token - solana 处理扫描到的交易 - 处理交易所购买token交易，交易Id[49GmTJNeHLZMpcvWNDTtZadzjGSAoDWwVNyqoR1oCCXQgiMmx5JzNfbCg3QoTgXAohxCfbJRsuJabhanDsnHh1Ey] "}
{"time":"2026-06-11T22:01:20.577076+08:00","level":"INFO","service":"base-api","caller":"app/base/api/internal/task/scan.go:641","msg":"pos业务 - market buy token - solana 处理扫描到的交易 - 处理交易所购买token交易，交易Id[2X1n7Zsa64v6VGhpLLxoKr7gpfKS8auMVLAcwPrHBkBBGXQrgASKiTpXvMgX4zHKESx115bndsqWohdjt2kixA5U] "}
{"time":"2026-06-11T22:01:20.577124+08:00","level":"INFO","service":"base-api","caller":"app/base/api/internal/task/scan.go:641","msg":"pos业务 - market buy token - solana 处理扫描到的交易 - 处理交易所购买token交易，交易Id[2K1VP1z8Fdry43KR8BoQSSYznyidT4mGqFakXJGkpsLwy1FBVA9GY2ST37NetRPG7TBSswSR7gcJ4EeCexBJ5dST] "}
{"time":"2026-06-11T22:01:20.679293+08:00","level":"INFO","service":"base-api","caller":"app/base/api/internal/task/scan.go:641","msg":"pos业务 - market buy token - solana 处理扫描到的交易 - 处理交易所购买token交易，交易Id[5ewNALuYbVLwjDggoFuNRfVV4eAitapCE3UufH4RMEewEEXxfLXhEqx8qfkTXvCEPcb2AdVPA1umkHtXGrVYCqZZ] "}
{"time":"2026-06-11T22:01:20.681642+08:00","level":"INFO","service":"base-api","caller":"app/base/api/internal/task/scan.go:641","msg":"pos业务 - market buy token - solana 处理扫描到的交易 - 处理交易所购买token交易，交易Id[2qwawR11SR7iEaWY7RtnENbjzQGpFSB584J2hP8cb6J7AocsVzJNfXCVgL78ErEU1vFZkGaSUNTKPwVuKuGHsos8] "}
{"time":"2026-06-11T22:01:20.681782+08:00","level":"INFO","service":"base-api","caller":"app/base/api/internal/task/scan.go:641","msg":"pos业务 - market buy token - solana 处理扫描到的交易 - 处理交易所购买token交易，交易Id[2pqjQen4dsvPVSPffvKBT97Aanbg7P4uSGT4DvSgkGTBNCGuqTYpH9h9DHD7kf7ySsmp219Pq7PLPesdbuHDBRV3] "}
{"time":"2026-06-11T22:01:20.681808+08:00","level":"INFO","service":"base-api","caller":"app/base/api/internal/task/scan.go:641","msg":"pos业务 - market buy token - solana 处理扫描到的交易 - 处理交易所购买token交易，交易Id[4oeGQ1LqiRKV3iupEjgTQDeY7BMhEr8jfuS9y9ZCAhLgy9w49noousKz3r1DTP5CSdMujh7yJjXoNc7KbWypjVBE] "}
{"time":"2026-06-11T22:01:20.681849+08:00","level":"INFO","service":"base-api","caller":"app/base/api/internal/task/scan.go:641","msg":"pos业务 - market buy token - solana 处理扫描到的交易 - 处理交易所购买token交易，交易Id[nwuWK9twiTjbMre3rnopf31EcXzQSDsWnTwNfWsA5iPveL8fnZNpResbmi1uvUPCj1xTcyrzuTssuT1Gzm4hJJL] "}
{"time":"2026-06-11T22:01:20.681783+08:00","level":"INFO","service":"base-api","caller":"app/base/api/internal/task/scan.go:641","msg":"pos业务 - market buy token - solana 处理扫描到的交易 - 处理交易所购买token交易，交易Id[2UsqcXhXL2EQqtNeM5StJ2h4KLUp5zL3TNYxo81YoefmztiT6NQHUs7UBxAgXM1zzGZ3fQawoFtSZJaLV9DR2jNu] "}
{"time":"2026-06-11T22:01:20.681866+08:00","level":"INFO","service":"base-api","caller":"app/base/api/internal/task/scan.go:641","msg":"pos业务 - market buy token - solana 处理扫描到的交易 - 处理交易所购买token交易，交易Id[3gnpxZ4NLJxoxXM6w6FfQGj5ZYLnMHCnYYhDxPdMDpFyn1BVYYSLKrYC9gVh7C4U7xFL8KsRJTs1YhcJM3mUrRBA] "}
{"time":"2026-06-11T22:01:20.682062+08:00","level":"INFO","service":"base-api","caller":"app/base/api/internal/task/scan.go:641","msg":"pos业务 - market buy token - solana 处理扫描到的交易 - 处理交易所购买token交易，交易Id[5pomX2vvTdcd4o97CWA6iSboc8rZaJ59hrXxWzXzW2pzPt7g9Tr6N7iwqWfzMjZ1v8VskTZuzLbwAwoBjQg4erza] "}
{"time":"2026-06-11T22:01:20.682064+08:00","level":"INFO","service":"base-api","caller":"app/base/api/internal/task/scan.go:641","msg":"pos业务 - market buy token - solana 处理扫描到的交易 - 处理交易所购买token交易，交易Id[3257qiKYhiCsYqpZ2bRE29KovxVNSkSBSiHeGKPU4awEqLkn87m3nAWCgRa1PDr9HGtSaG54e2xEHD2h1nuaDiaV] "}
{"time":"2026-06-11T22:01:20.682123+08:00","level":"INFO","service":"base-api","caller":"app/base/api/internal/task/scan.go:641","msg":"pos业务 - market buy token - solana 处理扫描到的交易 - 处理交易所购买token交易，交易Id[4ze7ZR7gAJ4GJGh854jDvs1rHrau9FM2rdgZPpf7woqE6npuruPVgVUk3GKYVsCBRbGqvXrjSNXpYW9qVRdVCbdT] "}
{"time":"2026-06-11T22:01:20.682199+08:00","level":"INFO","service":"base-api","caller":"app/base/api/internal/task/scan.go:641","msg":"pos业务 - market buy token - solana 处理扫描到的交易 - 处理交易所购买token交易，交易Id[3KMqXNJQGXHX8dVGcM2PszKUUbbLC4Wixw3dJb3W4FeacrfjCP27q7kbTjiDazh9Bqw784P4LtwBH44TFp1USniE] "}
{"time":"2026-06-11T22:01:20.682211+08:00","level":"INFO","service":"base-api","caller":"app/base/api/internal/task/scan.go:641","msg":"pos业务 - market buy token - solana 处理扫描到的交易 - 处理交易所购买token交易，交易Id[5igdiHSBVEFJiALQvZ9SyrbqiDdYnUPHbHqJf91pyqqga56VxJe8svmf7Zz6SXc8bvydrhGH7CgvutiTVdZRRP8Y] "}
{"time":"2026-06-11T22:01:20.694832+08:00","level":"INFO","service":"base-api","caller":"app/base/api/internal/task/scan.go:641","msg":"pos业务 - market buy token - solana 处理扫描到的交易 - 处理交易所购买token交易，交易Id[2cb493xTHRqqhf9Kj4FKq2nW2Zh835fn9cQh2uWKPSjYYspEeDwrnKfirD8TEFkVNjv2pQx2PcTaRNHEYBM6NrJn] "}
{"time":"2026-06-11T22:01:20.699625+08:00","level":"INFO","service":"base-api","caller":"app/base/api/internal/task/scan.go:641","msg":"pos业务 - market buy token - solana 处理扫描到的交易 - 处理交易所购买token交易，交易Id[4nArjd28suDd76zPhmWb1HskXfh53kn97NLLqX8i4moXdxM19HgFb2byFjfUTqpkQoUpHsDBuSwSxdMBbhBiH3VW] "}
{"time":"2026-06-11T22:01:20.702958+08:00","level":"INFO","service":"base-api","caller":"app/base/api/internal/task/scan.go:641","msg":"pos业务 - market buy token - solana 处理扫描到的交易 - 处理交易所购买token交易，交易Id[2rNkwpM9LLoQCerqfxSoDiSYhEBBxaP35ttQZttehM2JciyxUatzRkpydz2GKueaVDYYWW2hFM8p1vBnDdU7dkr4] "}
{"time":"2026-06-11T22:01:20.708839+08:00","level":"INFO","service":"base-api","caller":"app/base/api/internal/task/scan.go:641","msg":"pos业务 - market buy token - solana 处理扫描到的交易 - 处理交易所购买token交易，交易Id[5aJiMwofPxaGvetne6zJK91FwE7KcFAk4J3kTQ84E3ayqG4pfq4s5hYcQ4R2tVB7zgk78XWmphauWZLAyUVnBSNc] "}
{"time":"2026-06-11T22:01:20.71167+08:00","level":"INFO","service":"base-api","caller":"app/base/api/internal/task/scan.go:641","msg":"pos业务 - market buy token - solana 处理扫描到的交易 - 处理交易所购买token交易，交易Id[5z4mFwvqhmwFnLoax7tB77w3hy1cXUjT9oNDkDWLZVgfEc8AXKz6DCV3VPqfzuYJa6N7JhUjVVgkvPgWimDFgsm9] "}
{"time":"2026-06-11T22:01:20.717791+08:00","level":"INFO","service":"base-api","caller":"app/base/api/internal/task/scan.go:641","msg":"pos业务 - market buy token - solana 处理扫描到的交易 - 处理交易所购买token交易，交易Id[2cj2XVCtTN2RPN1UXhFhkRftZhXZFuyXPRK1RsMbJPEaCQ4nqTb6JpyAUoxGNPpwYUE9HByXRrTuu1mD3N5Ceu3D] "}
{"time":"2026-06-11T22:01:20.937144+08:00","level":"INFO","service":"base-api","caller":"app/base/api/internal/task/scan.go:641","msg":"pos业务 - market buy token - solana 处理扫描到的交易 - 处理交易所购买token交易，交易Id[2DeqV3boj4Svdw6DgVjr1eiQDEub9FsbaBx2gGgThb6Wcqhx9DbHbeACHewYQRSsPvm6m3WoUeBujbFydiYBReyV] "}
{"time":"2026-06-11T22:01:20.937146+08:00","level":"INFO","service":"base-api","caller":"app/base/api/internal/task/scan.go:641","msg":"pos业务 - market buy token - solana 处理扫描到的交易 - 处理交易所购买token交易，交易Id[4aL6xAu9KaDkYrc79hsXubwiTQNKUmmNeL1gniquZ58EW31cKLHweTriKoacLj1z7jCxj6tvZomNJGy3WYWydaDh] "}
{"time":"2026-06-11T22:01:20.9373+08:00","level":"INFO","service":"base-api","caller":"app/base/api/internal/task/scan.go:641","msg":"pos业务 - market buy token - solana 处理扫描到的交易 - 处理交易所购买token交易，交易Id[4hnR6KFM9aTPJJiDEjbzAmdSxwvsko9G9DxXMeLACexK7vP9u4RPrgZDt4XR8RzSpJwY9nRWwmvn4L2zGu5SKFSD] "}
{"time":"2026-06-11T22:01:20.937289+08:00","level":"INFO","service":"base-api","caller":"app/base/api/internal/task/scan.go:641","msg":"pos业务 - market buy token - solana 处理扫描到的交易 - 处理交易所购买token交易，交易Id[3wsoJ7XYm6rGzCJ6AmtR9Ardg6LQHoEyqYwi9yfNSnqF3bbSCTrApqF3DSyQ7NmSU8Rk25obqiNtyQccoxQck3We] "}
{"time":"2026-06-11T22:01:20.937308+08:00","level":"INFO","service":"base-api","caller":"app/base/api/internal/task/scan.go:641","msg":"pos业务 - market buy token - solana 处理扫描到的交易 - 处理交易所购买token交易，交易Id[3HMyjLKYA1CVTG5SAQ2rQWrHXjTqHHTdiK5i2qMZe9NEaenWopqZvWw2S4r9AmYVj59B8dSZ9yLp26wA8joM9AxA] "}
{"time":"2026-06-11T22:01:20.937409+08:00","level":"INFO","service":"base-api","caller":"app/base/api/internal/task/scan.go:644","msg":"pos业务 - market buy token - solana 处理扫描到的交易 - 交易Id[3HMyjLKYA1CVTG5SAQ2rQWrHXjTqHHTdiK5i2qMZe9NEaenWopqZvWw2S4r9AmYVj59B8dSZ9yLp26wA8joM9AxA] 交易失败，跳过"}
{"time":"2026-06-11T22:01:20.963206+08:00","level":"INFO","service":"base-api","caller":"app/base/api/internal/task/scan.go:641","msg":"pos业务 - market buy token - solana 处理扫描到的交易 - 处理交易所购买token交易，交易Id[q8fqcdrDZ8T9MHGRdHrvtiCGq8tsty1bAj1GKsCZs9aAbAJE88Bp6Qwe5M7VLYdxrShMrskQ2fTdSofgZ3eMFXL] "}
{"time":"2026-06-11T22:01:20.963405+08:00","level":"INFO","service":"base-api","caller":"app/base/api/internal/task/scan.go:641","msg":"pos业务 - market buy token - solana 处理扫描到的交易 - 处理交易所购买token交易，交易Id[25BqzBxVp7NCftSeoB4EnpBowYDt1AgvcchWAzmag4BGqjM2HGwDJmbcgQ11VtvUSZTMTKVccaoAiixHyD9CzqpE] "}
{"time":"2026-06-11T22:01:20.963531+08:00","level":"INFO","service":"base-api","caller":"app/base/api/internal/task/scan.go:641","msg":"pos业务 - market buy token - solana 处理扫描到的交易 - 处理交易所购买token交易，交易Id[4Mzwzy6UvoiSvK4SqEdB1dJs7fL3SW6tBMFiVmk7sUgAYW5xi4qZg8FVrkFScKTebJ7xBzYqPHJP1UiG4aP1W3pD] "}
{"time":"2026-06-11T22:01:20.963552+08:00","level":"INFO","service":"base-api","caller":"app/base/api/internal/task/scan.go:641","msg":"pos业务 - market buy token - solana 处理扫描到的交易 - 处理交易所购买token交易，交易Id[4hGRHq45wsprXefvwDsHVa2jyJYSEo1NQKeHG8q4yfpXA6cbVNJKPMkwhMb1XFRhY4bf21EmkM9B3UruJLV6dsi9] "}
{"time":"2026-06-11T22:01:20.963232+08:00","level":"INFO","service":"base-api","caller":"app/base/api/internal/task/scan.go:641","msg":"pos业务 - market buy token - solana 处理扫描到的交易 - 处理交易所购买token交易，交易Id[5Krj58SgANYVzzKTJF44uupRPJF3yhEXrBJGZidiuD4vBvVgRYrE1Dv4anQvN7QxGVMC1V2u2yEjZTvwAvorZCJR] "}
{"time":"2026-06-11T22:01:20.963629+08:00","level":"INFO","service":"base-api","caller":"app/base/api/internal/task/scan.go:641","msg":"pos业务 - market buy token - solana 处理扫描到的交易 - 处理交易所购买token交易，交易Id[3GbzGfega4RKDzVkB5BhXKEVWWcNH8v4raPJdRfJaFnFuwr8pyBHLKKA5JeRBhHrVP3RHAqcY4DhuK611h86qMzT] "}
{"time":"2026-06-11T22:01:20.963681+08:00","level":"INFO","service":"base-api","caller":"app/base/api/internal/task/scan.go:641","msg":"pos业务 - market buy token - solana 处理扫描到的交易 - 处理交易所购买token交易，交易Id[63g39LhsGZKVhjd5v5fWt5V7YPokY3ikfNCP3aQyLbzAozLf2p7YPteetBkihReDm1Eugv8feTb65SBPiyneDB4h] "}
{"time":"2026-06-11T22:01:20.96377+08:00","level":"INFO","service":"base-api","caller":"app/base/api/internal/task/scan.go:641","msg":"pos业务 - market buy token - solana 处理扫描到的交易 - 处理交易所购买token交易，交易Id[4aoTiZ3ULSKJkJc4WnHqhMgX8C6B6Wxe2Ry1SfupAemkJczctDYj3h85LPL5F1DKjEAmDheoAJFcxPZ6vXfz8am9] "}
{"time":"2026-06-11T22:01:21.022358+08:00","level":"INFO","service":"base-api","caller":"app/base/api/internal/task/scan.go:641","msg":"pos业务 - market buy token - solana 处理扫描到的交易 - 处理交易所购买token交易，交易Id[4GxyTfrXpwHCYwLoCgxMbU25FwAPffgExL3KsA3CbmGMY11SKF19Nkxwjjf5NwNjqmWZRUvopacPqko3E42RoGiP] "}
{"time":"2026-06-11T22:01:21.022455+08:00","level":"INFO","service":"base-api","caller":"app/base/api/internal/task/scan.go:641","msg":"pos业务 - market buy token - solana 处理扫描到的交易 - 处理交易所购买token交易，交易Id[3Nb3exDF4QhmJpxAtxSFgCkG8qL9q1FWjMqHQwNZzdkmdJamZEcEzSHp2uEwcJqn56SwC4ydW1KbLWmPgPRHoj9W] "}
{"time":"2026-06-11T22:01:21.022524+08:00","level":"INFO","service":"base-api","caller":"app/base/api/internal/task/scan.go:641","msg":"pos业务 - market buy token - solana 处理扫描到的交易 - 处理交易所购买token交易，交易Id[4ATeoNmmeEfgBALFJeqheuuP3WM2CnBbEqCsQPQwyunqoFW9cbf3je7aW8y27iEct91nBr9LJJT1S6TJxGe6iUmn] "}
{"time":"2026-06-11T22:01:21.078059+08:00","level":"INFO","service":"base-api","caller":"app/base/api/internal/task/scan.go:641","msg":"pos业务 - market buy token - solana 处理扫描到的交易 - 处理交易所购买token交易，交易Id[cjdDVrQnKUSS2w7oKq3p3Cd5giHkBu7krtbdcoNv36WLoBbdyH9y7bQvRMtuPneaNaBS8yD7vY7kbiBuKmvqJba] "}
{"time":"2026-06-11T22:01:21.089774+08:00","level":"INFO","service":"base-api","caller":"app/base/api/internal/task/scan.go:641","msg":"pos业务 - market buy token - solana 处理扫描到的交易 - 处理交易所购买token交易，交易Id[7yi6NyFRwYWnr9dau3dnmPD5Hjz4UGaQHBPkPWoqZWzCCBBc9LCnGnPirJUHBPLVTUdH3MUDPdyhu17RwXoShQm] "}
{"time":"2026-06-11T22:01:21.090598+08:00","level":"INFO","service":"base-api","caller":"app/base/api/internal/task/scan.go:641","msg":"pos业务 - market buy token - solana 处理扫描到的交易 - 处理交易所购买token交易，交易Id[4igTG4pHYYFuDWEQPeDMfVhjCRLhfiNqtLbsgUUno8w7H9fijTnW2rw9DTiWFWCeHZRwntDFTLTzqjLMjaCydEzD] "}
{"time":"2026-06-11T22:01:21.090844+08:00","level":"INFO","service":"base-api","caller":"app/base/api/internal/task/scan.go:641","msg":"pos业务 - market buy token - solana 处理扫描到的交易 - 处理交易所购买token交易，交易Id[4rSTB685T2c8YUiWkRQpxp3z95ZCeJRMLWQA4k4ktMpYdU41kPtPFsQFRcUugPBHvT33LfKRjGsf15djonZqNb4G] "}
{"time":"2026-06-11T22:01:21.108842+08:00","level":"INFO","service":"base-api","caller":"app/base/api/internal/task/scan.go:641","msg":"pos业务 - market buy token - solana 处理扫描到的交易 - 处理交易所购买token交易，交易Id[33Fgww6AdJnMCXSXGre2rafEcH81STLRy7MGNdYGGG1jDPZsfVcxLpidbTRJZnTiYpczmFykecgdPaNPz93PzB3W] "}
{"time":"2026-06-11T22:01:21.108896+08:00","level":"INFO","service":"base-api","caller":"app/base/api/internal/task/scan.go:641","msg":"pos业务 - market buy token - solana 处理扫描到的交易 - 处理交易所购买token交易，交易Id[5rNgzCXsJfWJGHw8GxbYwkFbMvc48uBYbfP6jye9LTN2aaeCrwMWxReH9pP1ASjtCVx1W4o4eyN3fr3arovsiWUj] "}
{"time":"2026-06-11T22:01:21.10904+08:00","level":"INFO","service":"base-api","caller":"app/base/api/internal/task/scan.go:641","msg":"pos业务 - market buy token - solana 处理扫描到的交易 - 处理交易所购买token交易，交易Id[4f259Kn5w5HAwyg61kRa83iRjytMYDbjNzc7v6gJFKnX8HtwkVC3dgBeLtBAc63xu4jd4PgzzRhT2RCB4Nvtcq4E] "}
{"time":"2026-06-11T22:01:21.135016+08:00","level":"INFO","service":"base-api","caller":"app/base/api/internal/task/scan.go:641","msg":"pos业务 - market buy token - solana 处理扫描到的交易 - 处理交易所购买token交易，交易Id[3bUzYmukRw5u74SeVNygY4C3ymc1aVRNXJCNq9zec7NS7bozsr4EMnB1QfrtipD1ZRJAXveP9v9Ao4RYsAUens3S] "}
{"time":"2026-06-11T22:01:21.135016+08:00","level":"INFO","service":"base-api","caller":"app/base/api/internal/task/scan.go:641","msg":"pos业务 - market buy token - solana 处理扫描到的交易 - 处理交易所购买token交易，交易Id[4C8TMKJK5wNvMFdDwXfyBBoTQLvDysscSAjyD4T6qKJge2hkqpLLMmZckQDVA3dFVBwiJhrmvkJZJLr2mVCLh9t3] "}
{"time":"2026-06-11T22:01:21.135095+08:00","level":"INFO","service":"base-api","caller":"app/base/api/internal/task/scan.go:641","msg":"pos业务 - market buy token - solana 处理扫描到的交易 - 处理交易所购买token交易，交易Id[d6o362aAuueprWD4RQkmW9aayd9htuFxhTcb4JYgMYsFxZEnRRsh7GBhTbfjNkB1K4M9CjLFvmGBeXAmGBNyM68] "}
{"time":"2026-06-11T22:01:21.135207+08:00","level":"INFO","service":"base-api","caller":"app/base/api/internal/task/scan.go:641","msg":"pos业务 - market buy token - solana 处理扫描到的交易 - 处理交易所购买token交易，交易Id[2W9LeQEGS5hmKwLMnPHHJtSKEcqd4EwQtQRnNAfDSeW8nLVkaRBsGfgfL9USYmj52jnARR2XHuJFc7hVxy3HSoJF] "}
{"time":"2026-06-11T22:01:21.358603+08:00","level":"INFO","service":"base-api","caller":"app/base/api/internal/task/scan.go:641","msg":"pos业务 - market buy token - solana 处理扫描到的交易 - 处理交易所购买token交易，交易Id[4KTHUGugWf3Rn4ouR526vBx97ZyVVrmNPf7yPz9KY2GUznqf2kRz34QAukF1VLnapBiizke8PLmTNzcSkxjtyQnm] "}
{"time":"2026-06-11T22:01:21.358631+08:00","level":"INFO","service":"base-api","caller":"app/base/api/internal/task/scan.go:641","msg":"pos业务 - market buy token - solana 处理扫描到的交易 - 处理交易所购买token交易，交易Id[31ogtiFq4aoEe8hKmKhrSxKDvJmjf4wL6Y3wVuTUJQz29xSpJJhpsC682MRhphUcWq1ngVNjftkJb5qGj7K79P3X] "}
{"time":"2026-06-11T22:01:21.358652+08:00","level":"INFO","service":"base-api","caller":"app/base/api/internal/task/scan.go:641","msg":"pos业务 - market buy token - solana 处理扫描到的交易 - 处理交易所购买token交易，交易Id[443kCnKhUEctb4Ck8FpzAemYJ7s7LUNHaoAsa4KQXstqcq2vaLVdg5ph1Qi2bar2yGUQajmTsETq7NzjhPtdMAqa] "}
{"time":"2026-06-11T22:01:21.358702+08:00","level":"INFO","service":"base-api","caller":"app/base/api/internal/task/scan.go:641","msg":"pos业务 - market buy token - solana 处理扫描到的交易 - 处理交易所购买token交易，交易Id[5ty8PU5f2nNqW69XdjLw8cBUcT3vVcfK3kw3q7xNxox1y2fkqoqjJckLptkgdYzsAtNKPf6jigGrTCXuAmxWoGgz] "}
{"time":"2026-06-11T22:01:21.532492+08:00","level":"INFO","service":"base-api","caller":"app/base/api/internal/task/scan.go:641","msg":"pos业务 - market buy token - solana 处理扫描到的交易 - 处理交易所购买token交易，交易Id[5Lbz6sax3gA5dFRXpmgKk8gzuTurNeRZPAWNkuZUjFVnrkKRjihcunV3j8h1MBywKAdEx8fCvxDEMoEBDusQkBYt] "}
{"time":"2026-06-11T22:01:21.532619+08:00","level":"INFO","service":"base-api","caller":"app/base/api/internal/task/scan.go:641","msg":"pos业务 - market buy token - solana 处理扫描到的交易 - 处理交易所购买token交易，交易Id[3S318epQvChrTR8Tte1kDHM9tUQnnbdmEHU8hQsBgDooG7JLUSvJAHrMT3m4xh9zs69Hg9EFcJ9q2VgiW1rdSpPn] "}
{"time":"2026-06-11T22:01:21.53263+08:00","level":"INFO","service":"base-api","caller":"app/base/api/internal/task/scan.go:641","msg":"pos业务 - market buy token - solana 处理扫描到的交易 - 处理交易所购买token交易，交易Id[5Ducvx9t5B49tzd9WYoN3VpjUiJZypYqVByLQA2uDSs64FpzNVhaXRjrQAgV7iy2KJm3u6LnfWndLfMhYa2PrHdr] "}
{"time":"2026-06-11T22:01:21.53267+08:00","level":"INFO","service":"base-api","caller":"app/base/api/internal/task/scan.go:641","msg":"pos业务 - market buy token - solana 处理扫描到的交易 - 处理交易所购买token交易，交易Id[AQmBA56ioL1tDD2ScvZoXuD8EofnEaDCPoLmKKTD7D548psU9LM1tR279cqPrmNUoTvmBZrDdAhg2HnDWAh7Wjf] "}
{"time":"2026-06-11T22:01:21.532639+08:00","level":"INFO","service":"base-api","caller":"app/base/api/internal/task/scan.go:641","msg":"pos业务 - market buy token - solana 处理扫描到的交易 - 处理交易所购买token交易，交易Id[4eeAwkMTz9qntj7QmKWWxMu1sSkox9i1zXmGEBAtf8UZ6CNCN9cGF3dyqvL9KP8LDkPoVrSuuVidCo5VAi4y6t9d] "}
{"time":"2026-06-11T22:01:21.532761+08:00","level":"INFO","service":"base-api","caller":"app/base/api/internal/task/scan.go:641","msg":"pos业务 - market buy token - solana 处理扫描到的交易 - 处理交易所购买token交易，交易Id[piASQoH2ZCHo3LsCXjZ9yU9bnojnWFLRhcBxsYskgUYERsoQYVMepLsUS8jg7hQ7wm5W2wUmZCXh9kALsqQvdUT] "}
{"time":"2026-06-11T22:01:21.532787+08:00","level":"INFO","service":"base-api","caller":"app/base/api/internal/task/scan.go:641","msg":"pos业务 - market buy token - solana 处理扫描到的交易 - 处理交易所购买token交易，交易Id[2y2XotfFUoN7v3dMYCWPRFhVsvPohwcUayx5gYkJby2ocyBrkYBxroytK3Ar3XZCaMcpsNj6nABJ3JohT6MEknnz] "}
{"time":"2026-06-11T22:01:21.532823+08:00","level":"INFO","service":"base-api","caller":"app/base/api/internal/task/scan.go:641","msg":"pos业务 - market buy token - solana 处理扫描到的交易 - 处理交易所购买token交易，交易Id[26VMQhPE1aP7W2MCWUX7nBfcP5SB9LjUV52tLNF4NTto1AEQPFVGnd53se4MYKuLH6dqgcuBb6JP4r5jdku8tMCD] "}
{"time":"2026-06-11T22:01:21.532867+08:00","level":"INFO","service":"base-api","caller":"app/base/api/internal/task/scan.go:641","msg":"pos业务 - market buy token - solana 处理扫描到的交易 - 处理交易所购买token交易，交易Id[2RC8cWXsSKQ71ZCbEzvR6e1BuMcsxH6iRdSJRXHcHPmmEPVzoK5jikh2WzrbjSJ7aVapwjqjwZjnCVLayJDie3xw] "}
{"time":"2026-06-11T22:01:21.532876+08:00","level":"INFO","service":"base-api","caller":"app/base/api/internal/task/scan.go:641","msg":"pos业务 - market buy token - solana 处理扫描到的交易 - 处理交易所购买token交易，交易Id[3nN7ujL52uXN46c4GwNniT288kzGKohKUp1tyuGAqyvjVZLqeYqk2jQX6r21YB9nCn4Z3JhNw4LuCAc1YHCydrRo] "}
{"time":"2026-06-11T22:01:21.532888+08:00","level":"INFO","service":"base-api","caller":"app/base/api/internal/task/scan.go:641","msg":"pos业务 - market buy token - solana 处理扫描到的交易 - 处理交易所购买token交易，交易Id[2x4qEUnieqHvtG69JwDKxNZdyakFeqhYNmckxNZe6C32g7sKzety7Ko4XUcaRdEZJcHyMz6hkcC1EpKyZ4TektkR] "}
{"time":"2026-06-11T22:01:21.532938+08:00","level":"INFO","service":"base-api","caller":"app/base/api/internal/task/scan.go:641","msg":"pos业务 - market buy token - solana 处理扫描到的交易 - 处理交易所购买token交易，交易Id[DkotkAXsDAsGtzHpggXckbLSosrpzBREKqyAzpYiCmyGM3uJMp7LseTjcSmMggPvWKA56WfbSQ3zBSdvq2QdxEr] "}
{"time":"2026-06-11T22:01:21.533045+08:00","level":"INFO","service":"base-api","caller":"app/base/api/internal/task/scan.go:641","msg":"pos业务 - market buy token - solana 处理扫描到的交易 - 处理交易所购买token交易，交易Id[zj1VRaLkGNSGFTueSh7BScDNtz3KYLNM3T3ZwTDLa4BFpqccuwGMhweart2gRojyAHdFNToi7HsJybUaydFqBAz] "}
{"time":"2026-06-11T22:01:21.533074+08:00","level":"INFO","service":"base-api","caller":"app/base/api/internal/task/scan.go:641","msg":"pos业务 - market buy token - solana 处理扫描到的交易 - 处理交易所购买token交易，交易Id[2WkY83hCkqJCk81uwhwAtQhYp6hQqAjBjfi1jXvhtgQaJtLmz5yqAtKR3a5yDBFckhHJeueq7Cz74k7v5DfTFZTM] "}
{"time":"2026-06-11T22:01:21.533151+08:00","level":"INFO","service":"base-api","caller":"app/base/api/internal/task/scan.go:641","msg":"pos业务 - market buy token - solana 处理扫描到的交易 - 处理交易所购买token交易，交易Id[4v2geB9yTKjuQJ2McXpA5JB3fWAitQo9dzgLYGVKdkgkgieWxG4MYiqG97vW5o9AnV77CmYR1T6htzVyNmXBtRHw] "}
{"time":"2026-06-11T22:01:24.724796+08:00","level":"INFO","service":"base-api","caller":"app/base/api/internal/task/holders.go:69","msg":"token 持有者数量更新: 6437"}
{"time":"2026-06-11T22:01:35.236619+08:00","level":"INFO","service":"base-api","caller":"app/base/api/internal/task/price.go:144","msg":"价格更新成功: SHIT=$0.000072, SOL=$65.38, token/SOL=1097 lamports, token/USDT=71, USDT/SOL=0.015295808"}
{"time":"2026-06-11T22:01:50.336569+08:00","level":"INFO","service":"base-api","caller":"app/base/api/internal/task/price.go:144","msg":"价格更新成功: SHIT=$0.000072, SOL=$65.38, token/SOL=1097 lamports, token/USDT=71, USDT/SOL=0.015295808"}
{"time":"2026-06-11T22:02:05.323366+08:00","level":"INFO","service":"base-api","caller":"app/base/api/internal/task/price.go:144","msg":"价格更新成功: SHIT=$0.000072, SOL=$65.38, token/SOL=1097 lamports, token/USDT=71, USDT/SOL=0.015295808"}
{"time":"2026-06-11T22:02:05.99312+08:00","level":"ERROR","service":"base-api","caller":"app/base/api/internal/task/kline.go:88","msg":"获取Bird Eye Data错误，创建浏览器上下文错误: context canceled"}
{"time":"2026-06-11T22:02:05.99312+08:00","level":"ERROR","service":"base-api","caller":"app/base/api/internal/task/kline.go:88","msg":"获取Bird Eye Data错误，创建浏览器上下文错误: context canceled"}
{"time":"2026-06-11T22:02:05.993154+08:00","level":"ERROR","service":"base-api","caller":"app/base/api/internal/task/kline.go:88","msg":"获取Bird Eye Data错误，创建浏览器上下文错误: context canceled"}
{"time":"2026-06-11T22:06:34.371017+08:00","level":"INFO","service":"base-api","caller":"app/base/api/internal/task/scan.go:169","msg":"启动扫描任务 [reward:take token:EHEu46gQMTFw1ieiok5XVYLV9MrKUFyk6sRLDjUpEQAd]"}
{"time":"2026-06-11T22:06:34.380998+08:00","level":"INFO","service":"base-api","caller":"app/base/api/internal/task/scan.go:169","msg":"启动扫描任务 [reward:give token:6zimN4MMo5CJW7VwhD3nAdXt6EpVoc5V7SCnZiS1kLPd]"}
{"time":"2026-06-11T22:06:34.382612+08:00","level":"INFO","service":"base-api","caller":"app/base/api/internal/task/scan.go:169","msg":"启动扫描任务 [reward:lottery:EHEu46gQMTFw1ieiok5XVYLV9MrKUFyk6sRLDjUpEQAd]"}
{"time":"2026-06-11T22:06:34.383096+08:00","level":"INFO","service":"base-api","caller":"app/base/api/internal/task/scan.go:169","msg":"启动扫描任务 [reward:reward code:7AqjQqMB6WGUd6Tc84b81GDRVz65pcCiEePcZZtMBjSm]"}
{"time":"2026-06-11T22:06:34.38605+08:00","level":"INFO","service":"base-api","caller":"app/base/api/internal/task/scan.go:169","msg":"启动扫描任务 [reward:campaign quote:2NVji8RvQAFhg4YJKuxqhdMjWMLJmWbKm5MBvSJmTUHL]"}
{"time":"2026-06-11T22:06:34.393287+08:00","level":"INFO","service":"base-api","caller":"app/base/api/internal/task/scan.go:169","msg":"启动扫描任务 [pos:pos reward:2q66HpBbncGSy3iTMoJhhFZFeSsc6JofwV8xoRdGxtdK]"}
{"time":"2026-06-11T22:06:34.39406+08:00","level":"INFO","service":"base-api","caller":"app/base/api/internal/task/scan.go:169","msg":"启动扫描任务 [pos:stake token:CyLTEgvmqVF9dPJkT6bMgccfXL7G26EXRAM9FEuP5ki6]"}
{"time":"2026-06-11T22:06:34.394532+08:00","level":"INFO","service":"base-api","caller":"app/base/api/internal/task/scan.go:169","msg":"启动扫描任务 [pos:stake reward:ERYPoieDaHoh9jz1Gbmi9whHLd1QyWPKANvtZTnECufw]"}
{"time":"2026-06-11T22:06:34.395829+08:00","level":"INFO","service":"base-api","caller":"app/base/api/internal/task/scan.go:169","msg":"启动扫描任务 [pos:stake leader reward:HqAp7uFZAckGA9jKFCZXg7rq1GX9CB2kwpGBKoq5geg6]"}
{"time":"2026-06-11T22:06:34.396519+08:00","level":"INFO","service":"base-api","caller":"app/base/api/internal/task/scan.go:169","msg":"启动扫描任务 [gs-relay:contribution:7BV3LUAhoq4JpsLYejzx5dCdPpesB2ubAevxMNEoSbWE]"}
{"time":"2026-06-11T22:06:34.397061+08:00","level":"INFO","service":"base-api","caller":"app/base/api/internal/task/scan.go:169","msg":"启动扫描任务 [gs-relay:payout:7BV3LUAhoq4JpsLYejzx5dCdPpesB2ubAevxMNEoSbWE]"}
{"time":"2026-06-11T22:06:34.397694+08:00","level":"INFO","service":"base-api","caller":"app/base/api/internal/task/scan.go:169","msg":"启动扫描任务 [gs-relay:refund:7BV3LUAhoq4JpsLYejzx5dCdPpesB2ubAevxMNEoSbWE]"}
{"time":"2026-06-11T22:06:34.398372+08:00","level":"INFO","service":"base-api","caller":"app/base/api/internal/task/scan.go:169","msg":"启动扫描任务 [pos:market buy token:HtNfUbDaBamCBPWCFiESkXpewvwVLkwrSWRjjV8FNT7i]"}
Base API starting on :1100
{"time":"2026-06-11T22:06:34.420089+08:00","level":"INFO","service":"base-api","caller":"app/base/api/internal/server/dubbo.go:66","msg":"dubbo: BaseService listening on :20880 (nacos=127.0.0.1:8848)"}
{"time":"2026-06-11T22:06:35.880617+08:00","level":"INFO","service":"base-api","caller":"app/base/api/internal/task/price.go:144","msg":"价格更新成功: SHIT=$0.000072, SOL=$65.38, token/SOL=1097 lamports, token/USDT=71, USDT/SOL=0.015295808"}
{"time":"2026-06-11T22:06:42.409812+08:00","level":"INFO","service":"base-api","caller":"app/base/api/internal/task/holders.go:69","msg":"token 持有者数量更新: 6437"}
{"time":"2026-06-11T22:06:51.437265+08:00","level":"INFO","service":"base-api","caller":"app/base/api/internal/task/price.go:144","msg":"价格更新成功: SHIT=$0.000072, SOL=$65.38, token/SOL=1097 lamports, token/USDT=71, USDT/SOL=0.015295808"}
{"time":"2026-06-11T22:07:06.430313+08:00","level":"INFO","service":"base-api","caller":"app/base/api/internal/task/price.go:144","msg":"价格更新成功: SHIT=$0.000072, SOL=$65.38, token/SOL=1097 lamports, token/USDT=71, USDT/SOL=0.015295808"}
{"time":"2026-06-11T22:07:17.272099+08:00","level":"ERROR","service":"base-api","caller":"app/base/api/internal/task/kline.go:88","msg":"获取Bird Eye Data错误，创建浏览器上下文错误: context canceled"}
{"time":"2026-06-11T22:07:17.272156+08:00","level":"ERROR","service":"base-api","caller":"app/base/api/internal/task/kline.go:88","msg":"获取Bird Eye Data错误，创建浏览器上下文错误: context canceled"}
{"time":"2026-06-11T22:07:17.272258+08:00","level":"ERROR","service":"base-api","caller":"app/base/api/internal/task/kline.go:88","msg":"获取Bird Eye Data错误，创建浏览器上下文错误: context canceled"}
