can not load reward level dist from database: record not found
can not load reward level dist from database: record not found
can not load reward level dist from database: record not found
can not load reward level dist from database: record not found
can not load reward level dist from database: record not found
can not load reward level dist from database: record not found
can not load reward level dist from database: record not found
can not load reward level dist from database: record not found
{"time":"2026-06-11T22:01:24.46737+08:00","level":"INFO","service":"reward-api","caller":"app/reward/api/internal/svc/nacos_config.go:313","msg":"loaded base runtime config from nacos"}
{"time":"2026-06-11T22:01:24.473975+08:00","level":"INFO","service":"reward-api","caller":"app/reward/api/internal/svc/nacos_config.go:413","msg":"loaded reward runtime config from nacos"}
Reward API starting on :1200
{"time":"2026-06-11T22:01:27.56569+08:00","level":"INFO","service":"reward-api","caller":"app/reward/api/internal/task/kafka.go:93","msg":"KafkaConsumerTask: 收到已扫描交易 service=pos subService=market buy token txID=2w5nwRESFkkpVXYDbVC9EhT5R6RdqZr8AyVg7GSiidJXSYth7hVy6ayAVsr6pA6uzGuoGh9WHnkNcZ4bv1KkFE86"}
{"time":"2026-06-11T22:01:27.565723+08:00","level":"INFO","service":"reward-api","caller":"app/reward/api/internal/task/kafka.go:101","msg":"KafkaConsumerTask: 跳过非本服务消息 service=pos subService=market buy token"}
{"time":"2026-06-11T22:01:27.566629+08:00","level":"INFO","service":"reward-api","caller":"app/reward/api/internal/task/kafka.go:93","msg":"KafkaConsumerTask: 收到已扫描交易 service=pos subService=market buy token txID=5pomX2vvTdcd4o97CWA6iSboc8rZaJ59hrXxWzXzW2pzPt7g9Tr6N7iwqWfzMjZ1v8VskTZuzLbwAwoBjQg4erza"}
{"time":"2026-06-11T22:01:27.566653+08:00","level":"INFO","service":"reward-api","caller":"app/reward/api/internal/task/kafka.go:101","msg":"KafkaConsumerTask: 跳过非本服务消息 service=pos subService=market buy token"}
{"time":"2026-06-11T22:01:27.567229+08:00","level":"INFO","service":"reward-api","caller":"app/reward/api/internal/task/kafka.go:93","msg":"KafkaConsumerTask: 收到已扫描交易 service=pos subService=market buy token txID=duR5obqHqfwnNtweK9uAZbiD1MZmnS6dxCT48sSLu5aEnfCVDnHd9NtFEYm6yNG5xKbKEtbYM7gE3dAJZbsiYVG"}
{"time":"2026-06-11T22:01:27.56724+08:00","level":"INFO","service":"reward-api","caller":"app/reward/api/internal/task/kafka.go:101","msg":"KafkaConsumerTask: 跳过非本服务消息 service=pos subService=market buy token"}
{"time":"2026-06-11T22:01:27.567862+08:00","level":"INFO","service":"reward-api","caller":"app/reward/api/internal/task/kafka.go:93","msg":"KafkaConsumerTask: 收到已扫描交易 service=pos subService=market buy token txID=584jE3FfUJx2qp1gFjFEEXMnCiuQLrCuGtnUHAzNKPTwowHbEDC3AQULL7byU3iK6t6xTSGR1C6cy3XSQQJs3bTD"}
{"time":"2026-06-11T22:01:27.567876+08:00","level":"INFO","service":"reward-api","caller":"app/reward/api/internal/task/kafka.go:101","msg":"KafkaConsumerTask: 跳过非本服务消息 service=pos subService=market buy token"}
{"time":"2026-06-11T22:01:27.568591+08:00","level":"INFO","service":"reward-api","caller":"app/reward/api/internal/task/kafka.go:93","msg":"KafkaConsumerTask: 收到已扫描交易 service=pos subService=market buy token txID=3nN7ujL52uXN46c4GwNniT288kzGKohKUp1tyuGAqyvjVZLqeYqk2jQX6r21YB9nCn4Z3JhNw4LuCAc1YHCydrRo"}
{"time":"2026-06-11T22:01:27.568612+08:00","level":"INFO","service":"reward-api","caller":"app/reward/api/internal/task/kafka.go:101","msg":"KafkaConsumerTask: 跳过非本服务消息 service=pos subService=market buy token"}
{"time":"2026-06-11T22:01:27.569699+08:00","level":"INFO","service":"reward-api","caller":"app/reward/api/internal/task/kafka.go:93","msg":"KafkaConsumerTask: 收到已扫描交易 service=pos subService=market buy token txID=39JLvQsstPJhQ49KUu9L3behdNia4qtVtAM8yjG4J842n4iDToPuuvyGysnfgGPKfruiY1WBrM7kGg1YAAzTTjJp"}
{"time":"2026-06-11T22:01:27.569726+08:00","level":"INFO","service":"reward-api","caller":"app/reward/api/internal/task/kafka.go:101","msg":"KafkaConsumerTask: 跳过非本服务消息 service=pos subService=market buy token"}
{"time":"2026-06-11T22:01:27.570543+08:00","level":"INFO","service":"reward-api","caller":"app/reward/api/internal/task/kafka.go:93","msg":"KafkaConsumerTask: 收到已扫描交易 service=pos subService=market buy token txID=5Ducvx9t5B49tzd9WYoN3VpjUiJZypYqVByLQA2uDSs64FpzNVhaXRjrQAgV7iy2KJm3u6LnfWndLfMhYa2PrHdr"}
{"time":"2026-06-11T22:01:27.570563+08:00","level":"INFO","service":"reward-api","caller":"app/reward/api/internal/task/kafka.go:101","msg":"KafkaConsumerTask: 跳过非本服务消息 service=pos subService=market buy token"}
{"time":"2026-06-11T22:01:27.571178+08:00","level":"INFO","service":"reward-api","caller":"app/reward/api/internal/task/kafka.go:93","msg":"KafkaConsumerTask: 收到已扫描交易 service=pos subService=market buy token txID=2kWa7VveMXC2dqx6QTXJ7vaXABzo6xaGXDqCMoK51kkkZZVbUKTRbNcBokg4nVy9HNuvzaRUnP6ExLeGL3G7mfY6"}
{"time":"2026-06-11T22:01:27.571189+08:00","level":"INFO","service":"reward-api","caller":"app/reward/api/internal/task/kafka.go:101","msg":"KafkaConsumerTask: 跳过非本服务消息 service=pos subService=market buy token"}
{"time":"2026-06-11T22:01:27.571777+08:00","level":"INFO","service":"reward-api","caller":"app/reward/api/internal/task/kafka.go:93","msg":"KafkaConsumerTask: 收到已扫描交易 service=pos subService=market buy token txID=5juEa8ymfZ4KZxFGJfPLpwF1ZeKzzxqZYNvBJ5cKsPQfiKyGJbQV7XPQN5wiJJRfQdfGKTzXmqFAoXaa5Jh5PyAv"}
{"time":"2026-06-11T22:01:27.571786+08:00","level":"INFO","service":"reward-api","caller":"app/reward/api/internal/task/kafka.go:101","msg":"KafkaConsumerTask: 跳过非本服务消息 service=pos subService=market buy token"}
{"time":"2026-06-11T22:01:27.572361+08:00","level":"INFO","service":"reward-api","caller":"app/reward/api/internal/task/kafka.go:93","msg":"KafkaConsumerTask: 收到已扫描交易 service=pos subService=market buy token txID=3JnvwLBbueSWhc8v5QjdwwZoUbymzo51iFpxG3V7ARBnoCnhsRzD85rdpUmV4uQWnHzpcrJ2o2Ze3bdBDPBiHXzL"}
{"time":"2026-06-11T22:01:27.57237+08:00","level":"INFO","service":"reward-api","caller":"app/reward/api/internal/task/kafka.go:101","msg":"KafkaConsumerTask: 跳过非本服务消息 service=pos subService=market buy token"}
{"time":"2026-06-11T22:01:27.572975+08:00","level":"INFO","service":"reward-api","caller":"app/reward/api/internal/task/kafka.go:93","msg":"KafkaConsumerTask: 收到已扫描交易 service=pos subService=market buy token txID=3bUzYmukRw5u74SeVNygY4C3ymc1aVRNXJCNq9zec7NS7bozsr4EMnB1QfrtipD1ZRJAXveP9v9Ao4RYsAUens3S"}
{"time":"2026-06-11T22:01:27.572985+08:00","level":"INFO","service":"reward-api","caller":"app/reward/api/internal/task/kafka.go:101","msg":"KafkaConsumerTask: 跳过非本服务消息 service=pos subService=market buy token"}
{"time":"2026-06-11T22:01:27.573596+08:00","level":"INFO","service":"reward-api","caller":"app/reward/api/internal/task/kafka.go:93","msg":"KafkaConsumerTask: 收到已扫描交易 service=pos subService=market buy token txID=2K1VP1z8Fdry43KR8BoQSSYznyidT4mGqFakXJGkpsLwy1FBVA9GY2ST37NetRPG7TBSswSR7gcJ4EeCexBJ5dST"}
{"time":"2026-06-11T22:01:27.573603+08:00","level":"INFO","service":"reward-api","caller":"app/reward/api/internal/task/kafka.go:101","msg":"KafkaConsumerTask: 跳过非本服务消息 service=pos subService=market buy token"}
{"time":"2026-06-11T22:01:27.574162+08:00","level":"INFO","service":"reward-api","caller":"app/reward/api/internal/task/kafka.go:93","msg":"KafkaConsumerTask: 收到已扫描交易 service=pos subService=market buy token txID=3pzb7SCgJqzyx4g9EFtJNe2rZmvADju5LyEE11z4Lm2WqQbjfjaRyj3Z335u6kudGiXETvaGagmEm997uenrZXBX"}
{"time":"2026-06-11T22:01:27.57417+08:00","level":"INFO","service":"reward-api","caller":"app/reward/api/internal/task/kafka.go:101","msg":"KafkaConsumerTask: 跳过非本服务消息 service=pos subService=market buy token"}
{"time":"2026-06-11T22:01:27.57473+08:00","level":"INFO","service":"reward-api","caller":"app/reward/api/internal/task/kafka.go:93","msg":"KafkaConsumerTask: 收到已扫描交易 service=pos subService=market buy token txID=5z4mFwvqhmwFnLoax7tB77w3hy1cXUjT9oNDkDWLZVgfEc8AXKz6DCV3VPqfzuYJa6N7JhUjVVgkvPgWimDFgsm9"}
{"time":"2026-06-11T22:01:27.57475+08:00","level":"INFO","service":"reward-api","caller":"app/reward/api/internal/task/kafka.go:101","msg":"KafkaConsumerTask: 跳过非本服务消息 service=pos subService=market buy token"}
{"time":"2026-06-11T22:01:27.575359+08:00","level":"INFO","service":"reward-api","caller":"app/reward/api/internal/task/kafka.go:93","msg":"KafkaConsumerTask: 收到已扫描交易 service=pos subService=market buy token txID=5yfU1hSSx86yYTQuepLVdzNYTUbua2pRkmai4yhtdtDxMghhNtfp8EDJXPiT9Hh2ThK5DsoUrueCrpTAKqPzu9VU"}
{"time":"2026-06-11T22:01:27.575365+08:00","level":"INFO","service":"reward-api","caller":"app/reward/api/internal/task/kafka.go:101","msg":"KafkaConsumerTask: 跳过非本服务消息 service=pos subService=market buy token"}
{"time":"2026-06-11T22:01:27.576208+08:00","level":"INFO","service":"reward-api","caller":"app/reward/api/internal/task/kafka.go:93","msg":"KafkaConsumerTask: 收到已扫描交易 service=pos subService=market buy token txID=utGiohiXCjrC9N94zRqJVa3Wu9ooayub5FfoN8XYMHDE4xTJNGTR4nRqyRWrXErd3gUwTPc3pQkVk12w6S4bHwf"}
{"time":"2026-06-11T22:01:27.576217+08:00","level":"INFO","service":"reward-api","caller":"app/reward/api/internal/task/kafka.go:101","msg":"KafkaConsumerTask: 跳过非本服务消息 service=pos subService=market buy token"}
{"time":"2026-06-11T22:01:27.577664+08:00","level":"INFO","service":"reward-api","caller":"app/reward/api/internal/task/kafka.go:93","msg":"KafkaConsumerTask: 收到已扫描交易 service=pos subService=market buy token txID=2pqjQen4dsvPVSPffvKBT97Aanbg7P4uSGT4DvSgkGTBNCGuqTYpH9h9DHD7kf7ySsmp219Pq7PLPesdbuHDBRV3"}
{"time":"2026-06-11T22:01:27.577681+08:00","level":"INFO","service":"reward-api","caller":"app/reward/api/internal/task/kafka.go:101","msg":"KafkaConsumerTask: 跳过非本服务消息 service=pos subService=market buy token"}
{"time":"2026-06-11T22:01:27.57849+08:00","level":"INFO","service":"reward-api","caller":"app/reward/api/internal/task/kafka.go:93","msg":"KafkaConsumerTask: 收到已扫描交易 service=pos subService=market buy token txID=2RC8cWXsSKQ71ZCbEzvR6e1BuMcsxH6iRdSJRXHcHPmmEPVzoK5jikh2WzrbjSJ7aVapwjqjwZjnCVLayJDie3xw"}
{"time":"2026-06-11T22:01:27.578505+08:00","level":"INFO","service":"reward-api","caller":"app/reward/api/internal/task/kafka.go:101","msg":"KafkaConsumerTask: 跳过非本服务消息 service=pos subService=market buy token"}
{"time":"2026-06-11T22:01:27.579236+08:00","level":"INFO","service":"reward-api","caller":"app/reward/api/internal/task/kafka.go:93","msg":"KafkaConsumerTask: 收到已扫描交易 service=pos subService=market buy token txID=3KMqXNJQGXHX8dVGcM2PszKUUbbLC4Wixw3dJb3W4FeacrfjCP27q7kbTjiDazh9Bqw784P4LtwBH44TFp1USniE"}
{"time":"2026-06-11T22:01:27.579246+08:00","level":"INFO","service":"reward-api","caller":"app/reward/api/internal/task/kafka.go:101","msg":"KafkaConsumerTask: 跳过非本服务消息 service=pos subService=market buy token"}
{"time":"2026-06-11T22:01:27.579795+08:00","level":"INFO","service":"reward-api","caller":"app/reward/api/internal/task/kafka.go:93","msg":"KafkaConsumerTask: 收到已扫描交易 service=pos subService=market buy token txID=nhQMV4GkkpHKY6R6SSfskUzXvFHEkWRLBKoSpyNFDi5sRkMFoJJtvSFJU8Q9EBJ5YcX8UT4vZsVR98HLCeWvfdA"}
{"time":"2026-06-11T22:01:27.579803+08:00","level":"INFO","service":"reward-api","caller":"app/reward/api/internal/task/kafka.go:101","msg":"KafkaConsumerTask: 跳过非本服务消息 service=pos subService=market buy token"}
{"time":"2026-06-11T22:01:27.580394+08:00","level":"INFO","service":"reward-api","caller":"app/reward/api/internal/task/kafka.go:93","msg":"KafkaConsumerTask: 收到已扫描交易 service=pos subService=market buy token txID=33aRny2HbWrphu49aL7LRvT418fQpz7XGyckDFz3PQnjVDrjsZjzc5VwkD1YGbfwZJD9SoLUUKqZc7DNwnBxjdRC"}
{"time":"2026-06-11T22:01:27.580401+08:00","level":"INFO","service":"reward-api","caller":"app/reward/api/internal/task/kafka.go:101","msg":"KafkaConsumerTask: 跳过非本服务消息 service=pos subService=market buy token"}
{"time":"2026-06-11T22:01:27.580929+08:00","level":"INFO","service":"reward-api","caller":"app/reward/api/internal/task/kafka.go:93","msg":"KafkaConsumerTask: 收到已扫描交易 service=pos subService=market buy token txID=3s5xWiPLdjBtBkzSiCmM96wKy9Uvzx6ES4XXkSKkPHHLNBpuDoU2gWYJCMAnxedqPnUF725ajGcQ3iQjNjhcifPS"}
{"time":"2026-06-11T22:01:27.580936+08:00","level":"INFO","service":"reward-api","caller":"app/reward/api/internal/task/kafka.go:101","msg":"KafkaConsumerTask: 跳过非本服务消息 service=pos subService=market buy token"}
{"time":"2026-06-11T22:01:27.581447+08:00","level":"INFO","service":"reward-api","caller":"app/reward/api/internal/task/kafka.go:93","msg":"KafkaConsumerTask: 收到已扫描交易 service=pos subService=market buy token txID=3MXneXET4A3rGrSLdsc9RrZDGHFWwm2mAp4ktfeVkSQEEhwTkysR5tdJHDFBZZMuWtF4xQFTdt4Muo25AV8HhdHr"}
{"time":"2026-06-11T22:01:27.581457+08:00","level":"INFO","service":"reward-api","caller":"app/reward/api/internal/task/kafka.go:101","msg":"KafkaConsumerTask: 跳过非本服务消息 service=pos subService=market buy token"}
{"time":"2026-06-11T22:01:27.581958+08:00","level":"INFO","service":"reward-api","caller":"app/reward/api/internal/task/kafka.go:93","msg":"KafkaConsumerTask: 收到已扫描交易 service=pos subService=market buy token txID=S8kFkZBXCHnDkLbeyYaUR7JHwoiafnr3iJ5dSJyGJLBYE6nuggn24Gp9VmxHSkyNyMq8NF13MqHnegNrshvQscd"}
{"time":"2026-06-11T22:01:27.581967+08:00","level":"INFO","service":"reward-api","caller":"app/reward/api/internal/task/kafka.go:101","msg":"KafkaConsumerTask: 跳过非本服务消息 service=pos subService=market buy token"}
{"time":"2026-06-11T22:01:27.58256+08:00","level":"INFO","service":"reward-api","caller":"app/reward/api/internal/task/kafka.go:93","msg":"KafkaConsumerTask: 收到已扫描交易 service=pos subService=market buy token txID=48hJ8vaMNSQVnRonoGKvFhxAsYQhRp35y4Cby3wb2MmDH9JKBTHtEoegTbQnkSut4eaW46FeHPmArFjPu2kd373J"}
{"time":"2026-06-11T22:01:27.582566+08:00","level":"INFO","service":"reward-api","caller":"app/reward/api/internal/task/kafka.go:101","msg":"KafkaConsumerTask: 跳过非本服务消息 service=pos subService=market buy token"}
{"time":"2026-06-11T22:01:27.583713+08:00","level":"INFO","service":"reward-api","caller":"app/reward/api/internal/task/kafka.go:93","msg":"KafkaConsumerTask: 收到已扫描交易 service=pos subService=market buy token txID=4oeGQ1LqiRKV3iupEjgTQDeY7BMhEr8jfuS9y9ZCAhLgy9w49noousKz3r1DTP5CSdMujh7yJjXoNc7KbWypjVBE"}
{"time":"2026-06-11T22:01:27.583738+08:00","level":"INFO","service":"reward-api","caller":"app/reward/api/internal/task/kafka.go:101","msg":"KafkaConsumerTask: 跳过非本服务消息 service=pos subService=market buy token"}
{"time":"2026-06-11T22:01:27.584522+08:00","level":"INFO","service":"reward-api","caller":"app/reward/api/internal/task/kafka.go:93","msg":"KafkaConsumerTask: 收到已扫描交易 service=pos subService=market buy token txID=4Xo57FaKQyEFNubHDfsZXm9NmEAKLicm1HFEyBAsz4UjTGjcpBEy2iZPppwNh1gFroxhpXBnGoahAQf7Xn8QJmAF"}
{"time":"2026-06-11T22:01:27.58454+08:00","level":"INFO","service":"reward-api","caller":"app/reward/api/internal/task/kafka.go:101","msg":"KafkaConsumerTask: 跳过非本服务消息 service=pos subService=market buy token"}
{"time":"2026-06-11T22:01:27.585083+08:00","level":"INFO","service":"reward-api","caller":"app/reward/api/internal/task/kafka.go:93","msg":"KafkaConsumerTask: 收到已扫描交易 service=pos subService=market buy token txID=4BvjmBzyxkPorfFWwxeZA8CmDikQzXoZhYpUXU2kKGKprCCaJ7xzySFAAAi4HwQeyebsbz3hM2B92BjMFCqE9kPh"}
{"time":"2026-06-11T22:01:27.585092+08:00","level":"INFO","service":"reward-api","caller":"app/reward/api/internal/task/kafka.go:101","msg":"KafkaConsumerTask: 跳过非本服务消息 service=pos subService=market buy token"}
{"time":"2026-06-11T22:01:27.585597+08:00","level":"INFO","service":"reward-api","caller":"app/reward/api/internal/task/kafka.go:93","msg":"KafkaConsumerTask: 收到已扫描交易 service=pos subService=market buy token txID=UqhkwuLMV3Fx9tsvtULZR6q3gYu6DM9ibtbqmXmZRDcNi83zRV41ySTRn9e1Q5epq5dNRAWpxtmBTTJXMMLHtp6"}
{"time":"2026-06-11T22:01:27.585619+08:00","level":"INFO","service":"reward-api","caller":"app/reward/api/internal/task/kafka.go:101","msg":"KafkaConsumerTask: 跳过非本服务消息 service=pos subService=market buy token"}
{"time":"2026-06-11T22:01:27.586139+08:00","level":"INFO","service":"reward-api","caller":"app/reward/api/internal/task/kafka.go:93","msg":"KafkaConsumerTask: 收到已扫描交易 service=pos subService=market buy token txID=25mraeoiPP2AePmgbqpxkCMRqHe82qLFxANyrqADJyxfEPFQoNvEFZQvKQSmXceycrLi67m2De53pNWyDmPRGucr"}
{"time":"2026-06-11T22:01:27.586149+08:00","level":"INFO","service":"reward-api","caller":"app/reward/api/internal/task/kafka.go:101","msg":"KafkaConsumerTask: 跳过非本服务消息 service=pos subService=market buy token"}
{"time":"2026-06-11T22:01:27.586673+08:00","level":"INFO","service":"reward-api","caller":"app/reward/api/internal/task/kafka.go:93","msg":"KafkaConsumerTask: 收到已扫描交易 service=pos subService=market buy token txID=26VMQhPE1aP7W2MCWUX7nBfcP5SB9LjUV52tLNF4NTto1AEQPFVGnd53se4MYKuLH6dqgcuBb6JP4r5jdku8tMCD"}
{"time":"2026-06-11T22:01:27.586684+08:00","level":"INFO","service":"reward-api","caller":"app/reward/api/internal/task/kafka.go:101","msg":"KafkaConsumerTask: 跳过非本服务消息 service=pos subService=market buy token"}
{"time":"2026-06-11T22:01:27.587188+08:00","level":"INFO","service":"reward-api","caller":"app/reward/api/internal/task/kafka.go:93","msg":"KafkaConsumerTask: 收到已扫描交易 service=pos subService=market buy token txID=YuLnJc9JCqk1xkARPE3nukFgT3qCD32EjgEFVj7VkVDLusSHXzViDJPZDiF2bHXsjS1YxWqwvLSGKpvidikj5zk"}
{"time":"2026-06-11T22:01:27.587196+08:00","level":"INFO","service":"reward-api","caller":"app/reward/api/internal/task/kafka.go:101","msg":"KafkaConsumerTask: 跳过非本服务消息 service=pos subService=market buy token"}
{"time":"2026-06-11T22:01:27.587815+08:00","level":"INFO","service":"reward-api","caller":"app/reward/api/internal/task/kafka.go:93","msg":"KafkaConsumerTask: 收到已扫描交易 service=pos subService=market buy token txID=5pxye1hSPmEqXozWBnyW4HWQtNsLhAoRUnQVkGgnz3H1GiPFSh3qVDT5nXvtNC8kmz7xtHdWBy2mGsYMTENDqxHG"}
{"time":"2026-06-11T22:01:27.587822+08:00","level":"INFO","service":"reward-api","caller":"app/reward/api/internal/task/kafka.go:101","msg":"KafkaConsumerTask: 跳过非本服务消息 service=pos subService=market buy token"}
{"time":"2026-06-11T22:01:27.588478+08:00","level":"INFO","service":"reward-api","caller":"app/reward/api/internal/task/kafka.go:93","msg":"KafkaConsumerTask: 收到已扫描交易 service=pos subService=market buy token txID=2oicWQc5uhJLJgPncBDw5C8pjiDZzJTMDwzFEyu1rNNvSej1jNGZwiR7TjUkNdsn4FCBThokgeDnrQTWhH6hequY"}
{"time":"2026-06-11T22:01:27.588487+08:00","level":"INFO","service":"reward-api","caller":"app/reward/api/internal/task/kafka.go:101","msg":"KafkaConsumerTask: 跳过非本服务消息 service=pos subService=market buy token"}
{"time":"2026-06-11T22:01:27.589117+08:00","level":"INFO","service":"reward-api","caller":"app/reward/api/internal/task/kafka.go:93","msg":"KafkaConsumerTask: 收到已扫描交易 service=pos subService=market buy token txID=2C7Fb1fCHhhP5Tprr8BZJbySgjoZk6Mz9LoFk663v9Ab5C6oVwWCEryjTd6bHWLKpjM2mvXg12NfWwGdbkv5wBES"}
{"time":"2026-06-11T22:01:27.589131+08:00","level":"INFO","service":"reward-api","caller":"app/reward/api/internal/task/kafka.go:101","msg":"KafkaConsumerTask: 跳过非本服务消息 service=pos subService=market buy token"}
{"time":"2026-06-11T22:01:27.590311+08:00","level":"INFO","service":"reward-api","caller":"app/reward/api/internal/task/kafka.go:93","msg":"KafkaConsumerTask: 收到已扫描交易 service=pos subService=market buy token txID=3cntMyhGtqo4s5G6ruebyoZHVx5BvMs9dSoLM46fjPQdamFuAXtVFcV27ETKReaR3NYSt8vXnxKxcGsA3qXUW1zh"}
{"time":"2026-06-11T22:01:27.590325+08:00","level":"INFO","service":"reward-api","caller":"app/reward/api/internal/task/kafka.go:101","msg":"KafkaConsumerTask: 跳过非本服务消息 service=pos subService=market buy token"}
{"time":"2026-06-11T22:01:27.591257+08:00","level":"INFO","service":"reward-api","caller":"app/reward/api/internal/task/kafka.go:93","msg":"KafkaConsumerTask: 收到已扫描交易 service=pos subService=market buy token txID=5ty8PU5f2nNqW69XdjLw8cBUcT3vVcfK3kw3q7xNxox1y2fkqoqjJckLptkgdYzsAtNKPf6jigGrTCXuAmxWoGgz"}
{"time":"2026-06-11T22:01:27.591288+08:00","level":"INFO","service":"reward-api","caller":"app/reward/api/internal/task/kafka.go:101","msg":"KafkaConsumerTask: 跳过非本服务消息 service=pos subService=market buy token"}
{"time":"2026-06-11T22:01:27.591948+08:00","level":"INFO","service":"reward-api","caller":"app/reward/api/internal/task/kafka.go:93","msg":"KafkaConsumerTask: 收到已扫描交易 service=pos subService=market buy token txID=53zBwCCfm7BdjaaLfo7iM1U987uAjeLCNK8RgvW1kxLpEeZvUKwnvAgjhhDLh4nAMC58KaFqutxFRPXbau2iHZ2Z"}
{"time":"2026-06-11T22:01:27.591957+08:00","level":"INFO","service":"reward-api","caller":"app/reward/api/internal/task/kafka.go:101","msg":"KafkaConsumerTask: 跳过非本服务消息 service=pos subService=market buy token"}
{"time":"2026-06-11T22:01:27.592647+08:00","level":"INFO","service":"reward-api","caller":"app/reward/api/internal/task/kafka.go:93","msg":"KafkaConsumerTask: 收到已扫描交易 service=pos subService=market buy token txID=2crS3phSpN9WqtCh2TyAC8ytPCjtbpiFYgFAXqkUj8FbKiqGe8ZRhhFKqLd1GsKndSUuisdfnCEMsWPSH2Zj8zgu"}
{"time":"2026-06-11T22:01:27.592653+08:00","level":"INFO","service":"reward-api","caller":"app/reward/api/internal/task/kafka.go:101","msg":"KafkaConsumerTask: 跳过非本服务消息 service=pos subService=market buy token"}
{"time":"2026-06-11T22:01:27.593299+08:00","level":"INFO","service":"reward-api","caller":"app/reward/api/internal/task/kafka.go:93","msg":"KafkaConsumerTask: 收到已扫描交易 service=pos subService=market buy token txID=66iB7A4smkr2yMxBsjpMU1b5UcPwDVrwcWvugiZRE75MgeZL45qnvBWZgXncFu85vtH2zFy3ssSzz5QCgBFfWSDV"}
{"time":"2026-06-11T22:01:27.593311+08:00","level":"INFO","service":"reward-api","caller":"app/reward/api/internal/task/kafka.go:101","msg":"KafkaConsumerTask: 跳过非本服务消息 service=pos subService=market buy token"}
{"time":"2026-06-11T22:01:27.59398+08:00","level":"INFO","service":"reward-api","caller":"app/reward/api/internal/task/kafka.go:93","msg":"KafkaConsumerTask: 收到已扫描交易 service=pos subService=market buy token txID=4Cswj2ZDunqrLbiNYqgZHK4u7hmDrT6mcDgBJh64f36PmG5KdZY3hxNw52HSgM5zxesJCENRSCi1N9B2r2ESvoHw"}
{"time":"2026-06-11T22:01:27.593989+08:00","level":"INFO","service":"reward-api","caller":"app/reward/api/internal/task/kafka.go:101","msg":"KafkaConsumerTask: 跳过非本服务消息 service=pos subService=market buy token"}
{"time":"2026-06-11T22:01:27.594625+08:00","level":"INFO","service":"reward-api","caller":"app/reward/api/internal/task/kafka.go:93","msg":"KafkaConsumerTask: 收到已扫描交易 service=pos subService=market buy token txID=5aJiMwofPxaGvetne6zJK91FwE7KcFAk4J3kTQ84E3ayqG4pfq4s5hYcQ4R2tVB7zgk78XWmphauWZLAyUVnBSNc"}
{"time":"2026-06-11T22:01:27.594638+08:00","level":"INFO","service":"reward-api","caller":"app/reward/api/internal/task/kafka.go:101","msg":"KafkaConsumerTask: 跳过非本服务消息 service=pos subService=market buy token"}
{"time":"2026-06-11T22:01:27.595478+08:00","level":"INFO","service":"reward-api","caller":"app/reward/api/internal/task/kafka.go:93","msg":"KafkaConsumerTask: 收到已扫描交易 service=pos subService=market buy token txID=34zfBsTmUqa12BtvJ4h8ei5vbV9EKiSMpyata1h7vZRLVnoWjHN6kZ4AGniwC2FBDspiusbfpGf45kzaqVRsjL44"}
{"time":"2026-06-11T22:01:27.595487+08:00","level":"INFO","service":"reward-api","caller":"app/reward/api/internal/task/kafka.go:101","msg":"KafkaConsumerTask: 跳过非本服务消息 service=pos subService=market buy token"}
{"time":"2026-06-11T22:01:27.596409+08:00","level":"INFO","service":"reward-api","caller":"app/reward/api/internal/task/kafka.go:93","msg":"KafkaConsumerTask: 收到已扫描交易 service=pos subService=market buy token txID=58ZdE9nJhPhrufvoVinerQgp5YeTs37w1YKeTw71tff1iQTaZjvmKCB8Excy8w4BgNJnStq3YbnctXpvXFmBXf7C"}
{"time":"2026-06-11T22:01:27.596443+08:00","level":"INFO","service":"reward-api","caller":"app/reward/api/internal/task/kafka.go:101","msg":"KafkaConsumerTask: 跳过非本服务消息 service=pos subService=market buy token"}
{"time":"2026-06-11T22:01:27.597434+08:00","level":"INFO","service":"reward-api","caller":"app/reward/api/internal/task/kafka.go:93","msg":"KafkaConsumerTask: 收到已扫描交易 service=pos subService=market buy token txID=4E9L9fo8xPJ4yZz8qTivLxXEwPN9X9c8ThG9pNs2tDuZurMSonwpB1XtSNuDkmtn23bKWk2SRGF5hVai168WjAkC"}
{"time":"2026-06-11T22:01:27.597447+08:00","level":"INFO","service":"reward-api","caller":"app/reward/api/internal/task/kafka.go:101","msg":"KafkaConsumerTask: 跳过非本服务消息 service=pos subService=market buy token"}
{"time":"2026-06-11T22:01:27.598435+08:00","level":"INFO","service":"reward-api","caller":"app/reward/api/internal/task/kafka.go:93","msg":"KafkaConsumerTask: 收到已扫描交易 service=pos subService=market buy token txID=25HLFsxFkuNr2ppr3e6htk13djjkWwc62Dotnnzr3mzB23UhXWiJsxCHCcENp9M7vYoziaNkBWP9yCGa8upFsLN7"}
{"time":"2026-06-11T22:01:27.598447+08:00","level":"INFO","service":"reward-api","caller":"app/reward/api/internal/task/kafka.go:101","msg":"KafkaConsumerTask: 跳过非本服务消息 service=pos subService=market buy token"}
{"time":"2026-06-11T22:01:27.599108+08:00","level":"INFO","service":"reward-api","caller":"app/reward/api/internal/task/kafka.go:93","msg":"KafkaConsumerTask: 收到已扫描交易 service=pos subService=market buy token txID=2UA5Ans6RApNN2X9NG7dbCoZrx2moMxXqWUZrZBmdCoJMYTJK38iXMsKYA8w2ShWtQyTUL4CRzo6SS8m4Mt4e5YL"}
{"time":"2026-06-11T22:01:27.599115+08:00","level":"INFO","service":"reward-api","caller":"app/reward/api/internal/task/kafka.go:101","msg":"KafkaConsumerTask: 跳过非本服务消息 service=pos subService=market buy token"}
{"time":"2026-06-11T22:01:27.599734+08:00","level":"INFO","service":"reward-api","caller":"app/reward/api/internal/task/kafka.go:93","msg":"KafkaConsumerTask: 收到已扫描交易 service=pos subService=market buy token txID=2DeqV3boj4Svdw6DgVjr1eiQDEub9FsbaBx2gGgThb6Wcqhx9DbHbeACHewYQRSsPvm6m3WoUeBujbFydiYBReyV"}
{"time":"2026-06-11T22:01:27.599742+08:00","level":"INFO","service":"reward-api","caller":"app/reward/api/internal/task/kafka.go:101","msg":"KafkaConsumerTask: 跳过非本服务消息 service=pos subService=market buy token"}
{"time":"2026-06-11T22:01:27.600411+08:00","level":"INFO","service":"reward-api","caller":"app/reward/api/internal/task/kafka.go:93","msg":"KafkaConsumerTask: 收到已扫描交易 service=pos subService=market buy token txID=2KNngkHGch9FgieDtYFd8CsUgGroCQJca8rHdFik2eikKAxEV6FRTpAPo1DrzP6HM4uyqJrvMaqNeTxqSoH7eiAJ"}
{"time":"2026-06-11T22:01:27.60042+08:00","level":"INFO","service":"reward-api","caller":"app/reward/api/internal/task/kafka.go:101","msg":"KafkaConsumerTask: 跳过非本服务消息 service=pos subService=market buy token"}
{"time":"2026-06-11T22:01:27.601042+08:00","level":"INFO","service":"reward-api","caller":"app/reward/api/internal/task/kafka.go:93","msg":"KafkaConsumerTask: 收到已扫描交易 service=pos subService=market buy token txID=47VxjDcWRfXu27eTTKti5NNbwKsWR19zSGx1pRXtnpmd37rxCyNz7nejwjEKYxFrf8WJcDxpARr6txQyvqp51kpp"}
{"time":"2026-06-11T22:01:27.601048+08:00","level":"INFO","service":"reward-api","caller":"app/reward/api/internal/task/kafka.go:101","msg":"KafkaConsumerTask: 跳过非本服务消息 service=pos subService=market buy token"}
{"time":"2026-06-11T22:01:27.601666+08:00","level":"INFO","service":"reward-api","caller":"app/reward/api/internal/task/kafka.go:93","msg":"KafkaConsumerTask: 收到已扫描交易 service=pos subService=market buy token txID=4ZWzoVxKnFvBSYTGEkeiY2h1H2sBiNTmxa22tQkW7T5zWeZdRJBD3jNvMHddV3ybf7hTdSVvcAhLzfJrUygoihFT"}
{"time":"2026-06-11T22:01:27.601672+08:00","level":"INFO","service":"reward-api","caller":"app/reward/api/internal/task/kafka.go:101","msg":"KafkaConsumerTask: 跳过非本服务消息 service=pos subService=market buy token"}
{"time":"2026-06-11T22:01:27.602292+08:00","level":"INFO","service":"reward-api","caller":"app/reward/api/internal/task/kafka.go:93","msg":"KafkaConsumerTask: 收到已扫描交易 service=pos subService=market buy token txID=4BxMmrFLMUFFGffH82QCUMcUCC2RX41o9d2YWKdGAQ5j4VzwcVGpdHVirkbjVLTDLPytMDXpgyZ4zRzc5j8Tf5EM"}
{"time":"2026-06-11T22:01:27.602311+08:00","level":"INFO","service":"reward-api","caller":"app/reward/api/internal/task/kafka.go:101","msg":"KafkaConsumerTask: 跳过非本服务消息 service=pos subService=market buy token"}
{"time":"2026-06-11T22:01:27.603216+08:00","level":"INFO","service":"reward-api","caller":"app/reward/api/internal/task/kafka.go:93","msg":"KafkaConsumerTask: 收到已扫描交易 service=pos subService=market buy token txID=2guPbHvTey8SStNPNoZKrkyRUspvmcASAccjcoKk6i9LQb6ngC2n8aMVJDKRvWfmmtxSwDaHDdzFhGpCNQaaNAj1"}
{"time":"2026-06-11T22:01:27.603226+08:00","level":"INFO","service":"reward-api","caller":"app/reward/api/internal/task/kafka.go:101","msg":"KafkaConsumerTask: 跳过非本服务消息 service=pos subService=market buy token"}
{"time":"2026-06-11T22:01:27.604152+08:00","level":"INFO","service":"reward-api","caller":"app/reward/api/internal/task/kafka.go:93","msg":"KafkaConsumerTask: 收到已扫描交易 service=pos subService=market buy token txID=esBsZNLq3QbHHMRWndY9HgFZkQ5iYotJL6wn4ZDNDn7y3rXTMGheBjNJuPRxkPxZ96vh9PN4YCYxvvNNpoyNeTd"}
{"time":"2026-06-11T22:01:27.604162+08:00","level":"INFO","service":"reward-api","caller":"app/reward/api/internal/task/kafka.go:101","msg":"KafkaConsumerTask: 跳过非本服务消息 service=pos subService=market buy token"}
{"time":"2026-06-11T22:01:27.605162+08:00","level":"INFO","service":"reward-api","caller":"app/reward/api/internal/task/kafka.go:93","msg":"KafkaConsumerTask: 收到已扫描交易 service=pos subService=market buy token txID=2Zg322ycemJUk8tCZBcGvvQYAkfYBnzHNwKkTJsiDTNYmNmMKPEmi4yf9NbVi2xMQWA7rGJ3J4zrpUVP3apM7zFE"}
{"time":"2026-06-11T22:01:27.605175+08:00","level":"INFO","service":"reward-api","caller":"app/reward/api/internal/task/kafka.go:101","msg":"KafkaConsumerTask: 跳过非本服务消息 service=pos subService=market buy token"}
{"time":"2026-06-11T22:01:27.60605+08:00","level":"INFO","service":"reward-api","caller":"app/reward/api/internal/task/kafka.go:93","msg":"KafkaConsumerTask: 收到已扫描交易 service=pos subService=market buy token txID=2izqsuvF4Ggv2gW9qFBK8hKmnNQYNz3p4gHBPkYqYkqXWgoVfVxV9tgwqEG96p1DkBrDrVaF9qRhPwXakXdagnv9"}
{"time":"2026-06-11T22:01:27.606071+08:00","level":"INFO","service":"reward-api","caller":"app/reward/api/internal/task/kafka.go:101","msg":"KafkaConsumerTask: 跳过非本服务消息 service=pos subService=market buy token"}
{"time":"2026-06-11T22:01:27.606904+08:00","level":"INFO","service":"reward-api","caller":"app/reward/api/internal/task/kafka.go:93","msg":"KafkaConsumerTask: 收到已扫描交易 service=pos subService=market buy token txID=3UoooAGFsTEMrpfXCZepoCppWkB6xyzYy71m1eJGmp4XxwJAkbjP79qgNiE8Ub87LJw2P5YFgnFRbhP9KSgDbYuz"}
{"time":"2026-06-11T22:01:27.606915+08:00","level":"INFO","service":"reward-api","caller":"app/reward/api/internal/task/kafka.go:101","msg":"KafkaConsumerTask: 跳过非本服务消息 service=pos subService=market buy token"}
{"time":"2026-06-11T22:01:27.607595+08:00","level":"INFO","service":"reward-api","caller":"app/reward/api/internal/task/kafka.go:93","msg":"KafkaConsumerTask: 收到已扫描交易 service=pos subService=market buy token txID=5ewNALuYbVLwjDggoFuNRfVV4eAitapCE3UufH4RMEewEEXxfLXhEqx8qfkTXvCEPcb2AdVPA1umkHtXGrVYCqZZ"}
{"time":"2026-06-11T22:01:27.60761+08:00","level":"INFO","service":"reward-api","caller":"app/reward/api/internal/task/kafka.go:101","msg":"KafkaConsumerTask: 跳过非本服务消息 service=pos subService=market buy token"}
{"time":"2026-06-11T22:01:27.608314+08:00","level":"INFO","service":"reward-api","caller":"app/reward/api/internal/task/kafka.go:93","msg":"KafkaConsumerTask: 收到已扫描交易 service=pos subService=market buy token txID=SomwsAQAnegqG6fDwaZUZFyc9PXyiZruFeeNRDA4gEzPjyZeWFApaxXrazMCkxMRGsEKdwhWJJKiWshrgZnNKrL"}
{"time":"2026-06-11T22:01:27.60833+08:00","level":"INFO","service":"reward-api","caller":"app/reward/api/internal/task/kafka.go:101","msg":"KafkaConsumerTask: 跳过非本服务消息 service=pos subService=market buy token"}
{"time":"2026-06-11T22:01:27.608971+08:00","level":"INFO","service":"reward-api","caller":"app/reward/api/internal/task/kafka.go:93","msg":"KafkaConsumerTask: 收到已扫描交易 service=pos subService=market buy token txID=36ocLrWKUwUWGP9yNMJ4btkbnfVVgKZU4kVdH1Jco5hYdWMXi64KxDLUijpGMerBG1H3QGRPPzKXiXnDQm5oVsN2"}
{"time":"2026-06-11T22:01:27.608983+08:00","level":"INFO","service":"reward-api","caller":"app/reward/api/internal/task/kafka.go:101","msg":"KafkaConsumerTask: 跳过非本服务消息 service=pos subService=market buy token"}
{"time":"2026-06-11T22:01:27.610169+08:00","level":"INFO","service":"reward-api","caller":"app/reward/api/internal/task/kafka.go:93","msg":"KafkaConsumerTask: 收到已扫描交易 service=pos subService=market buy token txID=HDykE2MHnjsXRVgkYF8RmWf4pQAxwD48d8ApaQg8cPTpBZcB9x9Y4TLrD1cDweupSapJi1A28kyDJpX69zkaCVp"}
{"time":"2026-06-11T22:01:27.610189+08:00","level":"INFO","service":"reward-api","caller":"app/reward/api/internal/task/kafka.go:101","msg":"KafkaConsumerTask: 跳过非本服务消息 service=pos subService=market buy token"}
{"time":"2026-06-11T22:01:27.611684+08:00","level":"INFO","service":"reward-api","caller":"app/reward/api/internal/task/kafka.go:93","msg":"KafkaConsumerTask: 收到已扫描交易 service=pos subService=market buy token txID=2KQzZYcQNG9V9e8EukTDH4Vn1KCYx19uxmYKj43cdEfq4mNzMoLL9jtrsbKs7QreZVsdpRdcjiPpEabnoVmLcEqk"}
{"time":"2026-06-11T22:01:27.611697+08:00","level":"INFO","service":"reward-api","caller":"app/reward/api/internal/task/kafka.go:101","msg":"KafkaConsumerTask: 跳过非本服务消息 service=pos subService=market buy token"}
{"time":"2026-06-11T22:01:27.612377+08:00","level":"INFO","service":"reward-api","caller":"app/reward/api/internal/task/kafka.go:93","msg":"KafkaConsumerTask: 收到已扫描交易 service=pos subService=market buy token txID=2YbbG8fM6csW3wqw3S8tKANA75tQoKP5Lctuofy3GshLkk95AwgFNr8CkqXR48tHHTJa8e6gL1a3rArMJhqckzjW"}
{"time":"2026-06-11T22:01:27.612384+08:00","level":"INFO","service":"reward-api","caller":"app/reward/api/internal/task/kafka.go:101","msg":"KafkaConsumerTask: 跳过非本服务消息 service=pos subService=market buy token"}
{"time":"2026-06-11T22:01:27.612986+08:00","level":"INFO","service":"reward-api","caller":"app/reward/api/internal/task/kafka.go:93","msg":"KafkaConsumerTask: 收到已扫描交易 service=pos subService=market buy token txID=4ATeoNmmeEfgBALFJeqheuuP3WM2CnBbEqCsQPQwyunqoFW9cbf3je7aW8y27iEct91nBr9LJJT1S6TJxGe6iUmn"}
{"time":"2026-06-11T22:01:27.612994+08:00","level":"INFO","service":"reward-api","caller":"app/reward/api/internal/task/kafka.go:101","msg":"KafkaConsumerTask: 跳过非本服务消息 service=pos subService=market buy token"}
{"time":"2026-06-11T22:01:27.613603+08:00","level":"INFO","service":"reward-api","caller":"app/reward/api/internal/task/kafka.go:93","msg":"KafkaConsumerTask: 收到已扫描交易 service=pos subService=market buy token txID=2ywkdJmQL3wwPLFnfjimiQmFtnSXh1QvxjzRtwZmYLzDJa5MqjTW9wJCNUdK2ZNEkXmN1yVjmsz2N9QsJZ9eNhKv"}
{"time":"2026-06-11T22:01:27.613615+08:00","level":"INFO","service":"reward-api","caller":"app/reward/api/internal/task/kafka.go:101","msg":"KafkaConsumerTask: 跳过非本服务消息 service=pos subService=market buy token"}
{"time":"2026-06-11T22:01:27.614212+08:00","level":"INFO","service":"reward-api","caller":"app/reward/api/internal/task/kafka.go:93","msg":"KafkaConsumerTask: 收到已扫描交易 service=pos subService=market buy token txID=531xpaRURkum7XgPGGQqMTjq646VqZ6AsMJcL9JUevphUmLmWpP7UwoVAz2EStKJQEVEDpD9nCnsmypHV5VQ8KeQ"}
{"time":"2026-06-11T22:01:27.614224+08:00","level":"INFO","service":"reward-api","caller":"app/reward/api/internal/task/kafka.go:101","msg":"KafkaConsumerTask: 跳过非本服务消息 service=pos subService=market buy token"}
{"time":"2026-06-11T22:01:27.61481+08:00","level":"INFO","service":"reward-api","caller":"app/reward/api/internal/task/kafka.go:93","msg":"KafkaConsumerTask: 收到已扫描交易 service=pos subService=market buy token txID=2QNZthhR8STWEk4LQEg6T3fccmKDH19dEvp9PhaYc7iaPfzX5w4tAcZfPRa2mRBXGByz7aeRezCZMLJcPgx7veqg"}
{"time":"2026-06-11T22:01:27.614838+08:00","level":"INFO","service":"reward-api","caller":"app/reward/api/internal/task/kafka.go:101","msg":"KafkaConsumerTask: 跳过非本服务消息 service=pos subService=market buy token"}
{"time":"2026-06-11T22:01:27.615407+08:00","level":"INFO","service":"reward-api","caller":"app/reward/api/internal/task/kafka.go:93","msg":"KafkaConsumerTask: 收到已扫描交易 service=pos subService=market buy token txID=2H54QMhDycG5njWHrJro7F7R1SCFrVhNDVoYPgtRb5rY6ZvdNjbVAJxiEB1cQBVAupDNDgsuNjXgcLgQ388R9oau"}
{"time":"2026-06-11T22:01:27.615416+08:00","level":"INFO","service":"reward-api","caller":"app/reward/api/internal/task/kafka.go:101","msg":"KafkaConsumerTask: 跳过非本服务消息 service=pos subService=market buy token"}
{"time":"2026-06-11T22:01:27.615964+08:00","level":"INFO","service":"reward-api","caller":"app/reward/api/internal/task/kafka.go:93","msg":"KafkaConsumerTask: 收到已扫描交易 service=pos subService=market buy token txID=5Y3R9KH2EhHyvKvV1A2PtAF7vYVmu3nzqA714pMJaqcx7a6xf6D2CX777Ud7nfsQFhzu79DjGpxssfroW5xYWKU4"}
{"time":"2026-06-11T22:01:27.615978+08:00","level":"INFO","service":"reward-api","caller":"app/reward/api/internal/task/kafka.go:101","msg":"KafkaConsumerTask: 跳过非本服务消息 service=pos subService=market buy token"}
{"time":"2026-06-11T22:01:27.618046+08:00","level":"INFO","service":"reward-api","caller":"app/reward/api/internal/task/kafka.go:93","msg":"KafkaConsumerTask: 收到已扫描交易 service=pos subService=market buy token txID=qMK7ghkpoUqNQYZ3eLqAT5jwZMS86LRdDKhM4Leo93GgFubhDYr57jBUTx1AxZzfgTK3RZdEBZnRLkr7Rhx878H"}
{"time":"2026-06-11T22:01:27.618068+08:00","level":"INFO","service":"reward-api","caller":"app/reward/api/internal/task/kafka.go:101","msg":"KafkaConsumerTask: 跳过非本服务消息 service=pos subService=market buy token"}
{"time":"2026-06-11T22:01:27.618962+08:00","level":"INFO","service":"reward-api","caller":"app/reward/api/internal/task/kafka.go:93","msg":"KafkaConsumerTask: 收到已扫描交易 service=pos subService=market buy token txID=43Do71dBb8XsyAeWA9Hw1s1rgsbJJv3KNMDMiBUTz2JC7ktXEFKJS3b7yBxapTh1td15iRtEYWEcUYw2J4ZndAPT"}
{"time":"2026-06-11T22:01:27.61898+08:00","level":"INFO","service":"reward-api","caller":"app/reward/api/internal/task/kafka.go:101","msg":"KafkaConsumerTask: 跳过非本服务消息 service=pos subService=market buy token"}
{"time":"2026-06-11T22:01:27.620441+08:00","level":"INFO","service":"reward-api","caller":"app/reward/api/internal/task/kafka.go:93","msg":"KafkaConsumerTask: 收到已扫描交易 service=pos subService=market buy token txID=3s34yirDfa6AmtoyUrnBHVBaHUVPQqCYomnkNqaS3qYm5jXj6smLVdhVyE6zGhsfvwDYMfNsr3MYhPmMVHfQVW2n"}
{"time":"2026-06-11T22:01:27.620458+08:00","level":"INFO","service":"reward-api","caller":"app/reward/api/internal/task/kafka.go:101","msg":"KafkaConsumerTask: 跳过非本服务消息 service=pos subService=market buy token"}
{"time":"2026-06-11T22:01:27.62107+08:00","level":"INFO","service":"reward-api","caller":"app/reward/api/internal/task/kafka.go:93","msg":"KafkaConsumerTask: 收到已扫描交易 service=pos subService=market buy token txID=4aoTiZ3ULSKJkJc4WnHqhMgX8C6B6Wxe2Ry1SfupAemkJczctDYj3h85LPL5F1DKjEAmDheoAJFcxPZ6vXfz8am9"}
{"time":"2026-06-11T22:01:27.621081+08:00","level":"INFO","service":"reward-api","caller":"app/reward/api/internal/task/kafka.go:101","msg":"KafkaConsumerTask: 跳过非本服务消息 service=pos subService=market buy token"}
{"time":"2026-06-11T22:01:27.621605+08:00","level":"INFO","service":"reward-api","caller":"app/reward/api/internal/task/kafka.go:93","msg":"KafkaConsumerTask: 收到已扫描交易 service=pos subService=market buy token txID=3wzX6AjavD2catXNmK1p491mxwR7h6QZkdah6dDZdnSDC82J4JEu6ubUG7qtgVdH25MNzdARVVyX78fknkHY3tiR"}
{"time":"2026-06-11T22:01:27.621614+08:00","level":"INFO","service":"reward-api","caller":"app/reward/api/internal/task/kafka.go:101","msg":"KafkaConsumerTask: 跳过非本服务消息 service=pos subService=market buy token"}
{"time":"2026-06-11T22:01:27.622199+08:00","level":"INFO","service":"reward-api","caller":"app/reward/api/internal/task/kafka.go:93","msg":"KafkaConsumerTask: 收到已扫描交易 service=pos subService=market buy token txID=4M2fdVr6NNYgBXfjoZzHx7zNqNk4pijGSzzs2YyksSv5yX55HLxBHeU5G4RP9pVzL9zyFWXLwSevWQd3ic8cJHFe"}
{"time":"2026-06-11T22:01:27.622207+08:00","level":"INFO","service":"reward-api","caller":"app/reward/api/internal/task/kafka.go:101","msg":"KafkaConsumerTask: 跳过非本服务消息 service=pos subService=market buy token"}
{"time":"2026-06-11T22:01:27.622735+08:00","level":"INFO","service":"reward-api","caller":"app/reward/api/internal/task/kafka.go:93","msg":"KafkaConsumerTask: 收到已扫描交易 service=pos subService=market buy token txID=4igTG4pHYYFuDWEQPeDMfVhjCRLhfiNqtLbsgUUno8w7H9fijTnW2rw9DTiWFWCeHZRwntDFTLTzqjLMjaCydEzD"}
{"time":"2026-06-11T22:01:27.622742+08:00","level":"INFO","service":"reward-api","caller":"app/reward/api/internal/task/kafka.go:101","msg":"KafkaConsumerTask: 跳过非本服务消息 service=pos subService=market buy token"}
{"time":"2026-06-11T22:01:27.623449+08:00","level":"INFO","service":"reward-api","caller":"app/reward/api/internal/task/kafka.go:93","msg":"KafkaConsumerTask: 收到已扫描交易 service=pos subService=market buy token txID=Sm49S3dyeNBtcw8RqD9enrrUj57GGzweaxGWBi6Stp97nLT8jAS3pP67QrCZmt29HsyET4QP2oNaeYGds8NcwHa"}
{"time":"2026-06-11T22:01:27.623469+08:00","level":"INFO","service":"reward-api","caller":"app/reward/api/internal/task/kafka.go:101","msg":"KafkaConsumerTask: 跳过非本服务消息 service=pos subService=market buy token"}
{"time":"2026-06-11T22:01:27.624573+08:00","level":"INFO","service":"reward-api","caller":"app/reward/api/internal/task/kafka.go:93","msg":"KafkaConsumerTask: 收到已扫描交易 service=pos subService=market buy token txID=2LSVdqmwP9awR5FhfNKHkARFHgvvni7hEQAaucTpX5pYV7P4k9Nw68Aq6SGcDCaa5hXSpCgxX7FBXx1h5rYLvd4j"}
{"time":"2026-06-11T22:01:27.624595+08:00","level":"INFO","service":"reward-api","caller":"app/reward/api/internal/task/kafka.go:101","msg":"KafkaConsumerTask: 跳过非本服务消息 service=pos subService=market buy token"}
{"time":"2026-06-11T22:01:27.625493+08:00","level":"INFO","service":"reward-api","caller":"app/reward/api/internal/task/kafka.go:93","msg":"KafkaConsumerTask: 收到已扫描交易 service=pos subService=market buy token txID=58NUMHM1id1iJcgnngqbhQqoAGWkgjHUfBR2MC3EKfFVhJFbvxyKy3XtrRicoPxG2H9RftAMHysYeBhtJZyEnShV"}
{"time":"2026-06-11T22:01:27.625503+08:00","level":"INFO","service":"reward-api","caller":"app/reward/api/internal/task/kafka.go:101","msg":"KafkaConsumerTask: 跳过非本服务消息 service=pos subService=market buy token"}
{"time":"2026-06-11T22:01:27.626198+08:00","level":"INFO","service":"reward-api","caller":"app/reward/api/internal/task/kafka.go:93","msg":"KafkaConsumerTask: 收到已扫描交易 service=pos subService=market buy token txID=piASQoH2ZCHo3LsCXjZ9yU9bnojnWFLRhcBxsYskgUYERsoQYVMepLsUS8jg7hQ7wm5W2wUmZCXh9kALsqQvdUT"}
{"time":"2026-06-11T22:01:27.626208+08:00","level":"INFO","service":"reward-api","caller":"app/reward/api/internal/task/kafka.go:101","msg":"KafkaConsumerTask: 跳过非本服务消息 service=pos subService=market buy token"}
{"time":"2026-06-11T22:01:27.626919+08:00","level":"INFO","service":"reward-api","caller":"app/reward/api/internal/task/kafka.go:93","msg":"KafkaConsumerTask: 收到已扫描交易 service=pos subService=market buy token txID=3sSiJ1wnkcXghWPyMXQuReisY36uYRgEFZE88fghnqD3ubY7mvbks6NnBUxMGCr51wHi4NuxkLqwmgbT3DNz9L7P"}
{"time":"2026-06-11T22:01:27.626926+08:00","level":"INFO","service":"reward-api","caller":"app/reward/api/internal/task/kafka.go:101","msg":"KafkaConsumerTask: 跳过非本服务消息 service=pos subService=market buy token"}
{"time":"2026-06-11T22:01:27.62774+08:00","level":"INFO","service":"reward-api","caller":"app/reward/api/internal/task/kafka.go:93","msg":"KafkaConsumerTask: 收到已扫描交易 service=pos subService=market buy token txID=3oXVet8issW6NST5doWJCZ8Dsh1Wnz1uYjCJ8dWyHmBXgqYfKSWFmd7Dm5TcUieCDP1GtnqYRaqivuuSAc86frhq"}
{"time":"2026-06-11T22:01:27.627764+08:00","level":"INFO","service":"reward-api","caller":"app/reward/api/internal/task/kafka.go:101","msg":"KafkaConsumerTask: 跳过非本服务消息 service=pos subService=market buy token"}
{"time":"2026-06-11T22:01:27.628488+08:00","level":"INFO","service":"reward-api","caller":"app/reward/api/internal/task/kafka.go:93","msg":"KafkaConsumerTask: 收到已扫描交易 service=pos subService=market buy token txID=3PFghqaAL8RBhtLknhp9EmWkgoBGWhgwnWGzn2gv3oXA2giYLZT7mpq7b8axorcWJHtyMUb5Nn3stgAPRnqC9Cdc"}
{"time":"2026-06-11T22:01:27.628496+08:00","level":"INFO","service":"reward-api","caller":"app/reward/api/internal/task/kafka.go:101","msg":"KafkaConsumerTask: 跳过非本服务消息 service=pos subService=market buy token"}
{"time":"2026-06-11T22:01:27.629341+08:00","level":"INFO","service":"reward-api","caller":"app/reward/api/internal/task/kafka.go:93","msg":"KafkaConsumerTask: 收到已扫描交易 service=pos subService=market buy token txID=4QRQfbggjtdoeL2nJjaYBDqVBzaRpoBi2Nid56uFBb7NJzmSju8Mym8gh4fKqkrgH38GYEn3QSUMdY3kSQfu5V1r"}
{"time":"2026-06-11T22:01:27.629352+08:00","level":"INFO","service":"reward-api","caller":"app/reward/api/internal/task/kafka.go:101","msg":"KafkaConsumerTask: 跳过非本服务消息 service=pos subService=market buy token"}
{"time":"2026-06-11T22:01:27.630229+08:00","level":"INFO","service":"reward-api","caller":"app/reward/api/internal/task/kafka.go:93","msg":"KafkaConsumerTask: 收到已扫描交易 service=pos subService=market buy token txID=3xmdp7s3GsDHuGaukmQAMCR1kBGKNvuJH47S6ngEhc5MoguoAANBpuv4S19ARNeA3qfdQ9fnmqh1dTVfeAs71HVA"}
{"time":"2026-06-11T22:01:27.630245+08:00","level":"INFO","service":"reward-api","caller":"app/reward/api/internal/task/kafka.go:101","msg":"KafkaConsumerTask: 跳过非本服务消息 service=pos subService=market buy token"}
{"time":"2026-06-11T22:01:27.631521+08:00","level":"INFO","service":"reward-api","caller":"app/reward/api/internal/task/kafka.go:93","msg":"KafkaConsumerTask: 收到已扫描交易 service=pos subService=market buy token txID=nwuWK9twiTjbMre3rnopf31EcXzQSDsWnTwNfWsA5iPveL8fnZNpResbmi1uvUPCj1xTcyrzuTssuT1Gzm4hJJL"}
{"time":"2026-06-11T22:01:27.631559+08:00","level":"INFO","service":"reward-api","caller":"app/reward/api/internal/task/kafka.go:101","msg":"KafkaConsumerTask: 跳过非本服务消息 service=pos subService=market buy token"}
{"time":"2026-06-11T22:01:27.632614+08:00","level":"INFO","service":"reward-api","caller":"app/reward/api/internal/task/kafka.go:93","msg":"KafkaConsumerTask: 收到已扫描交易 service=pos subService=market buy token txID=XhgrBXpnDQdzuhYAdHhsw4LEMxvtQXHSh9DPMLY6TpyzgNrk1VrFPw212EhpwJcSjFDtmBvwHhdP96J6aRkpfkm"}
{"time":"2026-06-11T22:01:27.632629+08:00","level":"INFO","service":"reward-api","caller":"app/reward/api/internal/task/kafka.go:101","msg":"KafkaConsumerTask: 跳过非本服务消息 service=pos subService=market buy token"}
{"time":"2026-06-11T22:01:27.6335+08:00","level":"INFO","service":"reward-api","caller":"app/reward/api/internal/task/kafka.go:93","msg":"KafkaConsumerTask: 收到已扫描交易 service=pos subService=market buy token txID=3ET9aDDxVfRAGro9iFVcFm7FndLYB4vvS5RoDLpTzwUaAMo4vQxEFvQxhW5S3iSYxHJTHruJcnudMJvbNRiMkPbj"}
{"time":"2026-06-11T22:01:27.63351+08:00","level":"INFO","service":"reward-api","caller":"app/reward/api/internal/task/kafka.go:101","msg":"KafkaConsumerTask: 跳过非本服务消息 service=pos subService=market buy token"}
{"time":"2026-06-11T22:01:27.634315+08:00","level":"INFO","service":"reward-api","caller":"app/reward/api/internal/task/kafka.go:93","msg":"KafkaConsumerTask: 收到已扫描交易 service=pos subService=market buy token txID=fbbM7AvMyYku14FehjDGXUJGVrP3bhdZxKfxZod81mpsqURZhQAacPVQu76Qfb6x7fzShHwExDVhome6KF61qw3"}
{"time":"2026-06-11T22:01:27.634325+08:00","level":"INFO","service":"reward-api","caller":"app/reward/api/internal/task/kafka.go:101","msg":"KafkaConsumerTask: 跳过非本服务消息 service=pos subService=market buy token"}
{"time":"2026-06-11T22:01:27.635012+08:00","level":"INFO","service":"reward-api","caller":"app/reward/api/internal/task/kafka.go:93","msg":"KafkaConsumerTask: 收到已扫描交易 service=pos subService=market buy token txID=2cj2XVCtTN2RPN1UXhFhkRftZhXZFuyXPRK1RsMbJPEaCQ4nqTb6JpyAUoxGNPpwYUE9HByXRrTuu1mD3N5Ceu3D"}
{"time":"2026-06-11T22:01:27.635023+08:00","level":"INFO","service":"reward-api","caller":"app/reward/api/internal/task/kafka.go:101","msg":"KafkaConsumerTask: 跳过非本服务消息 service=pos subService=market buy token"}
{"time":"2026-06-11T22:01:27.635706+08:00","level":"INFO","service":"reward-api","caller":"app/reward/api/internal/task/kafka.go:93","msg":"KafkaConsumerTask: 收到已扫描交易 service=pos subService=market buy token txID=2rNkwpM9LLoQCerqfxSoDiSYhEBBxaP35ttQZttehM2JciyxUatzRkpydz2GKueaVDYYWW2hFM8p1vBnDdU7dkr4"}
{"time":"2026-06-11T22:01:27.635713+08:00","level":"INFO","service":"reward-api","caller":"app/reward/api/internal/task/kafka.go:101","msg":"KafkaConsumerTask: 跳过非本服务消息 service=pos subService=market buy token"}
{"time":"2026-06-11T22:01:27.636427+08:00","level":"INFO","service":"reward-api","caller":"app/reward/api/internal/task/kafka.go:93","msg":"KafkaConsumerTask: 收到已扫描交易 service=pos subService=market buy token txID=LmuuurzVZQrhxzkanNEjQqqdGBFwbUhjDHUJNnVNMYaA42T8yRcPe3mRQ16735SQbPwnPa8B3wsEFF2PfA6vrZq"}
{"time":"2026-06-11T22:01:27.636443+08:00","level":"INFO","service":"reward-api","caller":"app/reward/api/internal/task/kafka.go:101","msg":"KafkaConsumerTask: 跳过非本服务消息 service=pos subService=market buy token"}
{"time":"2026-06-11T22:01:27.637145+08:00","level":"INFO","service":"reward-api","caller":"app/reward/api/internal/task/kafka.go:93","msg":"KafkaConsumerTask: 收到已扫描交易 service=pos subService=market buy token txID=4ATS8Xe36G98j7YhcG4H66FpBasvor3xR4Uin4Wmgg8GN6pm76PpgFPARhWvbN87fxq3XMzAQHqVz7uj87dBEBsi"}
{"time":"2026-06-11T22:01:27.637154+08:00","level":"INFO","service":"reward-api","caller":"app/reward/api/internal/task/kafka.go:101","msg":"KafkaConsumerTask: 跳过非本服务消息 service=pos subService=market buy token"}
{"time":"2026-06-11T22:01:27.638188+08:00","level":"INFO","service":"reward-api","caller":"app/reward/api/internal/task/kafka.go:93","msg":"KafkaConsumerTask: 收到已扫描交易 service=pos subService=market buy token txID=LVsM9qhvX7gyHC5zg1otc2i3kWiMRXSdbf1mc3AZ6xd4f6wkng7wRZdr35mLLwtbnUAYnS1U2ph7YZvv165UDvz"}
{"time":"2026-06-11T22:01:27.638207+08:00","level":"INFO","service":"reward-api","caller":"app/reward/api/internal/task/kafka.go:101","msg":"KafkaConsumerTask: 跳过非本服务消息 service=pos subService=market buy token"}
{"time":"2026-06-11T22:01:27.664169+08:00","level":"INFO","service":"reward-api","caller":"app/reward/api/internal/task/kafka.go:93","msg":"KafkaConsumerTask: 收到已扫描交易 service=pos subService=market buy token txID=37FEE1ZvqrPBYpkkkdL49569Sv2X2if9QDDyKf961q9jSc8voQSuJGeD3ZiiHMMKCbat3GX8nu3tWceRriVMczca"}
{"time":"2026-06-11T22:01:27.664189+08:00","level":"INFO","service":"reward-api","caller":"app/reward/api/internal/task/kafka.go:101","msg":"KafkaConsumerTask: 跳过非本服务消息 service=pos subService=market buy token"}
{"time":"2026-06-11T22:01:27.664913+08:00","level":"INFO","service":"reward-api","caller":"app/reward/api/internal/task/kafka.go:93","msg":"KafkaConsumerTask: 收到已扫描交易 service=pos subService=market buy token txID=4GxyTfrXpwHCYwLoCgxMbU25FwAPffgExL3KsA3CbmGMY11SKF19Nkxwjjf5NwNjqmWZRUvopacPqko3E42RoGiP"}
{"time":"2026-06-11T22:01:27.664926+08:00","level":"INFO","service":"reward-api","caller":"app/reward/api/internal/task/kafka.go:101","msg":"KafkaConsumerTask: 跳过非本服务消息 service=pos subService=market buy token"}
{"time":"2026-06-11T22:01:27.665583+08:00","level":"INFO","service":"reward-api","caller":"app/reward/api/internal/task/kafka.go:93","msg":"KafkaConsumerTask: 收到已扫描交易 service=pos subService=market buy token txID=DhpujYqfo2GoNhPnT3auydPBtntWrgJ5RWWGEW9nW78xFdw3u8sk3jzzehPv45Pyi4h6hWNgVCcoNTVK8EZ93Gu"}
{"time":"2026-06-11T22:01:27.665614+08:00","level":"INFO","service":"reward-api","caller":"app/reward/api/internal/task/kafka.go:101","msg":"KafkaConsumerTask: 跳过非本服务消息 service=pos subService=market buy token"}
{"time":"2026-06-11T22:01:27.666645+08:00","level":"INFO","service":"reward-api","caller":"app/reward/api/internal/task/kafka.go:93","msg":"KafkaConsumerTask: 收到已扫描交易 service=pos subService=market buy token txID=31DgipZcahFPoptwuPsEqPfFpG8dei55RzhZ6sCxSFUNbMYjWb5ZNrJ32h8Y1LFozaLjEMRcbxXQRVYne13BQeDe"}
{"time":"2026-06-11T22:01:27.666669+08:00","level":"INFO","service":"reward-api","caller":"app/reward/api/internal/task/kafka.go:101","msg":"KafkaConsumerTask: 跳过非本服务消息 service=pos subService=market buy token"}
{"time":"2026-06-11T22:01:27.667618+08:00","level":"INFO","service":"reward-api","caller":"app/reward/api/internal/task/kafka.go:93","msg":"KafkaConsumerTask: 收到已扫描交易 service=pos subService=market buy token txID=4uyyJHhVxyZ3pM7NvN8YgTyYWk7LsCCAHQYWeiRDo5o7mrph3kDA9RhEaqpfbHAZYf7sTAQd51HRmgDPnkXeo6DM"}
{"time":"2026-06-11T22:01:27.667636+08:00","level":"INFO","service":"reward-api","caller":"app/reward/api/internal/task/kafka.go:101","msg":"KafkaConsumerTask: 跳过非本服务消息 service=pos subService=market buy token"}
{"time":"2026-06-11T22:01:27.668287+08:00","level":"INFO","service":"reward-api","caller":"app/reward/api/internal/task/kafka.go:93","msg":"KafkaConsumerTask: 收到已扫描交易 service=pos subService=market buy token txID=5Lbz6sax3gA5dFRXpmgKk8gzuTurNeRZPAWNkuZUjFVnrkKRjihcunV3j8h1MBywKAdEx8fCvxDEMoEBDusQkBYt"}
{"time":"2026-06-11T22:01:27.6683+08:00","level":"INFO","service":"reward-api","caller":"app/reward/api/internal/task/kafka.go:101","msg":"KafkaConsumerTask: 跳过非本服务消息 service=pos subService=market buy token"}
{"time":"2026-06-11T22:01:27.668926+08:00","level":"INFO","service":"reward-api","caller":"app/reward/api/internal/task/kafka.go:93","msg":"KafkaConsumerTask: 收到已扫描交易 service=pos subService=market buy token txID=2Lumg8hqwGkjVfFv8ppMm784pjKz286PZp6DHmqxQZb3grZvZDq5LAz5W5pHtcGmSudBvMKV4h3aZip1XjF7wDZ2"}
{"time":"2026-06-11T22:01:27.668934+08:00","level":"INFO","service":"reward-api","caller":"app/reward/api/internal/task/kafka.go:101","msg":"KafkaConsumerTask: 跳过非本服务消息 service=pos subService=market buy token"}
{"time":"2026-06-11T22:01:27.669551+08:00","level":"INFO","service":"reward-api","caller":"app/reward/api/internal/task/kafka.go:93","msg":"KafkaConsumerTask: 收到已扫描交易 service=pos subService=market buy token txID=4hhgFPLfjfxs7ZBKqGeR7gY2e5FwGbH4aMrPiGuqMy6L3S5AHmnWqwgXsYb4H95ZuSRD3BgRdtiofdb5C4zTBrEg"}
{"time":"2026-06-11T22:01:27.66956+08:00","level":"INFO","service":"reward-api","caller":"app/reward/api/internal/task/kafka.go:101","msg":"KafkaConsumerTask: 跳过非本服务消息 service=pos subService=market buy token"}
{"time":"2026-06-11T22:01:27.670166+08:00","level":"INFO","service":"reward-api","caller":"app/reward/api/internal/task/kafka.go:93","msg":"KafkaConsumerTask: 收到已扫描交易 service=pos subService=market buy token txID=4ze7ZR7gAJ4GJGh854jDvs1rHrau9FM2rdgZPpf7woqE6npuruPVgVUk3GKYVsCBRbGqvXrjSNXpYW9qVRdVCbdT"}
{"time":"2026-06-11T22:01:27.670178+08:00","level":"INFO","service":"reward-api","caller":"app/reward/api/internal/task/kafka.go:101","msg":"KafkaConsumerTask: 跳过非本服务消息 service=pos subService=market buy token"}
{"time":"2026-06-11T22:01:27.67073+08:00","level":"INFO","service":"reward-api","caller":"app/reward/api/internal/task/kafka.go:93","msg":"KafkaConsumerTask: 收到已扫描交易 service=pos subService=market buy token txID=67ANt9oiywimXmKtA4quPSyzRkLy24KVrTB4RPevWNWAFaRTpyzCYv4SrzQW7tidsz1Gxwq4xmPEw5e9ZHgJS7Sf"}
{"time":"2026-06-11T22:01:27.670737+08:00","level":"INFO","service":"reward-api","caller":"app/reward/api/internal/task/kafka.go:101","msg":"KafkaConsumerTask: 跳过非本服务消息 service=pos subService=market buy token"}
{"time":"2026-06-11T22:01:27.67132+08:00","level":"INFO","service":"reward-api","caller":"app/reward/api/internal/task/kafka.go:93","msg":"KafkaConsumerTask: 收到已扫描交易 service=pos subService=market buy token txID=4TuQQW1RsLuZFf8jkuyq9pyJoS8VBrbnNr2WryKpTpnHSRZRAntkcr2ZcNXP2ATG6vMNWepPbYeE6U96c59osXfB"}
{"time":"2026-06-11T22:01:27.67133+08:00","level":"INFO","service":"reward-api","caller":"app/reward/api/internal/task/kafka.go:101","msg":"KafkaConsumerTask: 跳过非本服务消息 service=pos subService=market buy token"}
{"time":"2026-06-11T22:01:27.67193+08:00","level":"INFO","service":"reward-api","caller":"app/reward/api/internal/task/kafka.go:93","msg":"KafkaConsumerTask: 收到已扫描交易 service=pos subService=market buy token txID=49GmTJNeHLZMpcvWNDTtZadzjGSAoDWwVNyqoR1oCCXQgiMmx5JzNfbCg3QoTgXAohxCfbJRsuJabhanDsnHh1Ey"}
{"time":"2026-06-11T22:01:27.671937+08:00","level":"INFO","service":"reward-api","caller":"app/reward/api/internal/task/kafka.go:101","msg":"KafkaConsumerTask: 跳过非本服务消息 service=pos subService=market buy token"}
{"time":"2026-06-11T22:01:27.672837+08:00","level":"INFO","service":"reward-api","caller":"app/reward/api/internal/task/kafka.go:93","msg":"KafkaConsumerTask: 收到已扫描交易 service=pos subService=market buy token txID=3xXRJFkp3ZBiM3z498eaxpjbJZvJhJB9EpgzcyoMA9HsXUpZdNhXyCaKCjEUcyKaxxnJppCNxYJNffwDcb6MDfwu"}
{"time":"2026-06-11T22:01:27.67294+08:00","level":"INFO","service":"reward-api","caller":"app/reward/api/internal/task/kafka.go:101","msg":"KafkaConsumerTask: 跳过非本服务消息 service=pos subService=market buy token"}
{"time":"2026-06-11T22:01:27.673958+08:00","level":"INFO","service":"reward-api","caller":"app/reward/api/internal/task/kafka.go:93","msg":"KafkaConsumerTask: 收到已扫描交易 service=pos subService=market buy token txID=3257qiKYhiCsYqpZ2bRE29KovxVNSkSBSiHeGKPU4awEqLkn87m3nAWCgRa1PDr9HGtSaG54e2xEHD2h1nuaDiaV"}
{"time":"2026-06-11T22:01:27.67397+08:00","level":"INFO","service":"reward-api","caller":"app/reward/api/internal/task/kafka.go:101","msg":"KafkaConsumerTask: 跳过非本服务消息 service=pos subService=market buy token"}
{"time":"2026-06-11T22:01:27.674706+08:00","level":"INFO","service":"reward-api","caller":"app/reward/api/internal/task/kafka.go:93","msg":"KafkaConsumerTask: 收到已扫描交易 service=pos subService=market buy token txID=AQmBA56ioL1tDD2ScvZoXuD8EofnEaDCPoLmKKTD7D548psU9LM1tR279cqPrmNUoTvmBZrDdAhg2HnDWAh7Wjf"}
{"time":"2026-06-11T22:01:27.674716+08:00","level":"INFO","service":"reward-api","caller":"app/reward/api/internal/task/kafka.go:101","msg":"KafkaConsumerTask: 跳过非本服务消息 service=pos subService=market buy token"}
{"time":"2026-06-11T22:01:27.675405+08:00","level":"INFO","service":"reward-api","caller":"app/reward/api/internal/task/kafka.go:93","msg":"KafkaConsumerTask: 收到已扫描交易 service=pos subService=market buy token txID=4v2geB9yTKjuQJ2McXpA5JB3fWAitQo9dzgLYGVKdkgkgieWxG4MYiqG97vW5o9AnV77CmYR1T6htzVyNmXBtRHw"}
{"time":"2026-06-11T22:01:27.675413+08:00","level":"INFO","service":"reward-api","caller":"app/reward/api/internal/task/kafka.go:101","msg":"KafkaConsumerTask: 跳过非本服务消息 service=pos subService=market buy token"}
{"time":"2026-06-11T22:01:27.676102+08:00","level":"INFO","service":"reward-api","caller":"app/reward/api/internal/task/kafka.go:93","msg":"KafkaConsumerTask: 收到已扫描交易 service=pos subService=market buy token txID=4X6o2w3q7Epfy9XE9Ndhyv4CEsrnPysPh1oQm1X7jZCrdEqYukUMegzKTQJA9NxpeV9N9uagJJWJgsbMT5XYRvEq"}
{"time":"2026-06-11T22:01:27.67611+08:00","level":"INFO","service":"reward-api","caller":"app/reward/api/internal/task/kafka.go:101","msg":"KafkaConsumerTask: 跳过非本服务消息 service=pos subService=market buy token"}
{"time":"2026-06-11T22:01:27.676882+08:00","level":"INFO","service":"reward-api","caller":"app/reward/api/internal/task/kafka.go:93","msg":"KafkaConsumerTask: 收到已扫描交易 service=pos subService=market buy token txID=5QJHhyNtnMfVGxoJGCPhW5ac4jNdGK1AU26qAGJbZbvPeEYxjSjMK6Wvm34tZxSmJP8CqD9nzCUGWjoy4CxuML2V"}
{"time":"2026-06-11T22:01:27.676911+08:00","level":"INFO","service":"reward-api","caller":"app/reward/api/internal/task/kafka.go:101","msg":"KafkaConsumerTask: 跳过非本服务消息 service=pos subService=market buy token"}
{"time":"2026-06-11T22:01:27.67756+08:00","level":"INFO","service":"reward-api","caller":"app/reward/api/internal/task/kafka.go:93","msg":"KafkaConsumerTask: 收到已扫描交易 service=pos subService=market buy token txID=3EpgJdaRvaBF6zc6FnNh2NbNABGBrYnWHErx6yAiLwSJfKPbUau6dpAWmcokwfXk6mts7e7uvu74v9FVfj1XBVYh"}
{"time":"2026-06-11T22:01:27.677572+08:00","level":"INFO","service":"reward-api","caller":"app/reward/api/internal/task/kafka.go:101","msg":"KafkaConsumerTask: 跳过非本服务消息 service=pos subService=market buy token"}
{"time":"2026-06-11T22:01:27.678238+08:00","level":"INFO","service":"reward-api","caller":"app/reward/api/internal/task/kafka.go:93","msg":"KafkaConsumerTask: 收到已扫描交易 service=pos subService=market buy token txID=7yi6NyFRwYWnr9dau3dnmPD5Hjz4UGaQHBPkPWoqZWzCCBBc9LCnGnPirJUHBPLVTUdH3MUDPdyhu17RwXoShQm"}
{"time":"2026-06-11T22:01:27.678246+08:00","level":"INFO","service":"reward-api","caller":"app/reward/api/internal/task/kafka.go:101","msg":"KafkaConsumerTask: 跳过非本服务消息 service=pos subService=market buy token"}
{"time":"2026-06-11T22:01:27.678814+08:00","level":"INFO","service":"reward-api","caller":"app/reward/api/internal/task/kafka.go:93","msg":"KafkaConsumerTask: 收到已扫描交易 service=pos subService=market buy token txID=2UPDmqpKhNcvJSTvnXESNPVTjZcYG1E2oq5kmvyRYzmF1nfZPhGUvVY57eUu2BS547o2Zr8rDyjwL7ce3BEeemhC"}
{"time":"2026-06-11T22:01:27.678829+08:00","level":"INFO","service":"reward-api","caller":"app/reward/api/internal/task/kafka.go:101","msg":"KafkaConsumerTask: 跳过非本服务消息 service=pos subService=market buy token"}
{"time":"2026-06-11T22:01:27.679821+08:00","level":"INFO","service":"reward-api","caller":"app/reward/api/internal/task/kafka.go:93","msg":"KafkaConsumerTask: 收到已扫描交易 service=pos subService=market buy token txID=3a5Aw1N7eYUkAF2XVxKFwMaS6JqaMeSLLk1PXiQjBMDCwtFnNqYqGXRvRyzubsa4RPACbrjLaCSC8EY9Wdn4YsFf"}
{"time":"2026-06-11T22:01:27.679844+08:00","level":"INFO","service":"reward-api","caller":"app/reward/api/internal/task/kafka.go:101","msg":"KafkaConsumerTask: 跳过非本服务消息 service=pos subService=market buy token"}
{"time":"2026-06-11T22:01:27.680633+08:00","level":"INFO","service":"reward-api","caller":"app/reward/api/internal/task/kafka.go:93","msg":"KafkaConsumerTask: 收到已扫描交易 service=pos subService=market buy token txID=2sgWRymobZsWHzjzimVfbxoQftr7RtPAqJm1NJbGamcgvEfr3fDsDh5AfzZz2BUxBLsWPJjM1ZSh6h2UF4Dmstqg"}
{"time":"2026-06-11T22:01:27.680644+08:00","level":"INFO","service":"reward-api","caller":"app/reward/api/internal/task/kafka.go:101","msg":"KafkaConsumerTask: 跳过非本服务消息 service=pos subService=market buy token"}
{"time":"2026-06-11T22:01:27.681213+08:00","level":"INFO","service":"reward-api","caller":"app/reward/api/internal/task/kafka.go:93","msg":"KafkaConsumerTask: 收到已扫描交易 service=pos subService=market buy token txID=2KTGeD85WUrUu6qLNuUG7Y127HNyXfXJt1bcA8o7pGZL8oVfuN683mPHKm51qgGcMJaPVuLeGGyvH29hLs5uUpie"}
{"time":"2026-06-11T22:01:27.68122+08:00","level":"INFO","service":"reward-api","caller":"app/reward/api/internal/task/kafka.go:101","msg":"KafkaConsumerTask: 跳过非本服务消息 service=pos subService=market buy token"}
{"time":"2026-06-11T22:01:27.681923+08:00","level":"INFO","service":"reward-api","caller":"app/reward/api/internal/task/kafka.go:93","msg":"KafkaConsumerTask: 收到已扫描交易 service=pos subService=market buy token txID=2x4qEUnieqHvtG69JwDKxNZdyakFeqhYNmckxNZe6C32g7sKzety7Ko4XUcaRdEZJcHyMz6hkcC1EpKyZ4TektkR"}
{"time":"2026-06-11T22:01:27.681938+08:00","level":"INFO","service":"reward-api","caller":"app/reward/api/internal/task/kafka.go:101","msg":"KafkaConsumerTask: 跳过非本服务消息 service=pos subService=market buy token"}
{"time":"2026-06-11T22:01:27.682749+08:00","level":"INFO","service":"reward-api","caller":"app/reward/api/internal/task/kafka.go:93","msg":"KafkaConsumerTask: 收到已扫描交易 service=pos subService=market buy token txID=3Pp4aHEjexRCp7bxbp8ATuA5mMB2Z34KjqD1kupJXhxEXZKCBz4ViGFYp5yz8L6ipJ61j1pTSXM7vpiTLKiZDJYd"}
{"time":"2026-06-11T22:01:27.682761+08:00","level":"INFO","service":"reward-api","caller":"app/reward/api/internal/task/kafka.go:101","msg":"KafkaConsumerTask: 跳过非本服务消息 service=pos subService=market buy token"}
{"time":"2026-06-11T22:01:27.68349+08:00","level":"INFO","service":"reward-api","caller":"app/reward/api/internal/task/kafka.go:93","msg":"KafkaConsumerTask: 收到已扫描交易 service=pos subService=market buy token txID=3wsoJ7XYm6rGzCJ6AmtR9Ardg6LQHoEyqYwi9yfNSnqF3bbSCTrApqF3DSyQ7NmSU8Rk25obqiNtyQccoxQck3We"}
{"time":"2026-06-11T22:01:27.683501+08:00","level":"INFO","service":"reward-api","caller":"app/reward/api/internal/task/kafka.go:101","msg":"KafkaConsumerTask: 跳过非本服务消息 service=pos subService=market buy token"}
{"time":"2026-06-11T22:01:27.684155+08:00","level":"INFO","service":"reward-api","caller":"app/reward/api/internal/task/kafka.go:93","msg":"KafkaConsumerTask: 收到已扫描交易 service=pos subService=market buy token txID=3gnpxZ4NLJxoxXM6w6FfQGj5ZYLnMHCnYYhDxPdMDpFyn1BVYYSLKrYC9gVh7C4U7xFL8KsRJTs1YhcJM3mUrRBA"}
{"time":"2026-06-11T22:01:27.684165+08:00","level":"INFO","service":"reward-api","caller":"app/reward/api/internal/task/kafka.go:101","msg":"KafkaConsumerTask: 跳过非本服务消息 service=pos subService=market buy token"}
{"time":"2026-06-11T22:01:27.71145+08:00","level":"INFO","service":"reward-api","caller":"app/reward/api/internal/task/kafka.go:93","msg":"KafkaConsumerTask: 收到已扫描交易 service=pos subService=market buy token txID=2cyEyxhiHtQz4aH34woSpqJ7tYbcRLdbB9oHmsepzNoPJjHqAtstWC4ujef2KsoEBwf1vVZTzoo8YPVqoyd229rW"}
{"time":"2026-06-11T22:01:27.711472+08:00","level":"INFO","service":"reward-api","caller":"app/reward/api/internal/task/kafka.go:101","msg":"KafkaConsumerTask: 跳过非本服务消息 service=pos subService=market buy token"}
{"time":"2026-06-11T22:01:27.712216+08:00","level":"INFO","service":"reward-api","caller":"app/reward/api/internal/task/kafka.go:93","msg":"KafkaConsumerTask: 收到已扫描交易 service=pos subService=market buy token txID=4aL6xAu9KaDkYrc79hsXubwiTQNKUmmNeL1gniquZ58EW31cKLHweTriKoacLj1z7jCxj6tvZomNJGy3WYWydaDh"}
{"time":"2026-06-11T22:01:27.712234+08:00","level":"INFO","service":"reward-api","caller":"app/reward/api/internal/task/kafka.go:101","msg":"KafkaConsumerTask: 跳过非本服务消息 service=pos subService=market buy token"}
{"time":"2026-06-11T22:01:27.713284+08:00","level":"INFO","service":"reward-api","caller":"app/reward/api/internal/task/kafka.go:93","msg":"KafkaConsumerTask: 收到已扫描交易 service=pos subService=market buy token txID=5Voz1HpyxLEswmJvP6Xe3TT9A1z6WsH77pXodLHuEZhEPkrFRMAoCbGrZZmnS2AGQjnoVb1z4ogxmXrs96LFJEVs"}
{"time":"2026-06-11T22:01:27.713307+08:00","level":"INFO","service":"reward-api","caller":"app/reward/api/internal/task/kafka.go:101","msg":"KafkaConsumerTask: 跳过非本服务消息 service=pos subService=market buy token"}
{"time":"2026-06-11T22:01:27.714446+08:00","level":"INFO","service":"reward-api","caller":"app/reward/api/internal/task/kafka.go:93","msg":"KafkaConsumerTask: 收到已扫描交易 service=pos subService=market buy token txID=44yKgtytKVLK6UxBgwFrEZbspEivzAqbixyEJFokEhovH21KCXWin6cjPoxmPVDGqbKWrXcMjNGissoBYbXBG4T1"}
{"time":"2026-06-11T22:01:27.714462+08:00","level":"INFO","service":"reward-api","caller":"app/reward/api/internal/task/kafka.go:101","msg":"KafkaConsumerTask: 跳过非本服务消息 service=pos subService=market buy token"}
{"time":"2026-06-11T22:01:27.715139+08:00","level":"INFO","service":"reward-api","caller":"app/reward/api/internal/task/kafka.go:93","msg":"KafkaConsumerTask: 收到已扫描交易 service=pos subService=market buy token txID=6tkHJXBWHe8Yxh99frFTtYF3cbXnCXLYVxQbvBgAyxMpDYgkwueVqVMDapRGjuAN8VpYiEkar8A86mNjPa6Qbn2"}
{"time":"2026-06-11T22:01:27.715159+08:00","level":"INFO","service":"reward-api","caller":"app/reward/api/internal/task/kafka.go:101","msg":"KafkaConsumerTask: 跳过非本服务消息 service=pos subService=market buy token"}
{"time":"2026-06-11T22:01:27.715912+08:00","level":"INFO","service":"reward-api","caller":"app/reward/api/internal/task/kafka.go:93","msg":"KafkaConsumerTask: 收到已扫描交易 service=pos subService=market buy token txID=33Fgww6AdJnMCXSXGre2rafEcH81STLRy7MGNdYGGG1jDPZsfVcxLpidbTRJZnTiYpczmFykecgdPaNPz93PzB3W"}
{"time":"2026-06-11T22:01:27.715919+08:00","level":"INFO","service":"reward-api","caller":"app/reward/api/internal/task/kafka.go:101","msg":"KafkaConsumerTask: 跳过非本服务消息 service=pos subService=market buy token"}
{"time":"2026-06-11T22:01:27.71682+08:00","level":"INFO","service":"reward-api","caller":"app/reward/api/internal/task/kafka.go:93","msg":"KafkaConsumerTask: 收到已扫描交易 service=pos subService=market buy token txID=4nR8mRmerkuYXaLPAFjD844St66MS6TLaj4qJ2qVJFwwCqs6DmBz1iiJfUma73JjvsprK8jwQ5dw9Tq8erffjFjV"}
{"time":"2026-06-11T22:01:27.716842+08:00","level":"INFO","service":"reward-api","caller":"app/reward/api/internal/task/kafka.go:101","msg":"KafkaConsumerTask: 跳过非本服务消息 service=pos subService=market buy token"}
{"time":"2026-06-11T22:01:27.717555+08:00","level":"INFO","service":"reward-api","caller":"app/reward/api/internal/task/kafka.go:93","msg":"KafkaConsumerTask: 收到已扫描交易 service=pos subService=market buy token txID=KZ3VivXLsvSbv5tkeBHLkBx7JQJjxPyQUGmTxTv5Ery4vyfYNe56AdHRcYihakceM1GnT2y1XqaSkSTNtgHrjuH"}
{"time":"2026-06-11T22:01:27.717565+08:00","level":"INFO","service":"reward-api","caller":"app/reward/api/internal/task/kafka.go:101","msg":"KafkaConsumerTask: 跳过非本服务消息 service=pos subService=market buy token"}
{"time":"2026-06-11T22:01:27.71824+08:00","level":"INFO","service":"reward-api","caller":"app/reward/api/internal/task/kafka.go:93","msg":"KafkaConsumerTask: 收到已扫描交易 service=pos subService=market buy token txID=4eeAwkMTz9qntj7QmKWWxMu1sSkox9i1zXmGEBAtf8UZ6CNCN9cGF3dyqvL9KP8LDkPoVrSuuVidCo5VAi4y6t9d"}
{"time":"2026-06-11T22:01:27.71825+08:00","level":"INFO","service":"reward-api","caller":"app/reward/api/internal/task/kafka.go:101","msg":"KafkaConsumerTask: 跳过非本服务消息 service=pos subService=market buy token"}
{"time":"2026-06-11T22:01:27.719127+08:00","level":"INFO","service":"reward-api","caller":"app/reward/api/internal/task/kafka.go:93","msg":"KafkaConsumerTask: 收到已扫描交易 service=pos subService=market buy token txID=2DenXTwETtmrUune5c9LuTsX7H5rk1WRZay8Hopa6dHW3KgFANVuNieX9VMtLswvmkxeJyfLe9ZHpxtTEx1svsQg"}
{"time":"2026-06-11T22:01:27.719138+08:00","level":"INFO","service":"reward-api","caller":"app/reward/api/internal/task/kafka.go:101","msg":"KafkaConsumerTask: 跳过非本服务消息 service=pos subService=market buy token"}
{"time":"2026-06-11T22:01:27.719917+08:00","level":"INFO","service":"reward-api","caller":"app/reward/api/internal/task/kafka.go:93","msg":"KafkaConsumerTask: 收到已扫描交易 service=pos subService=market buy token txID=4f259Kn5w5HAwyg61kRa83iRjytMYDbjNzc7v6gJFKnX8HtwkVC3dgBeLtBAc63xu4jd4PgzzRhT2RCB4Nvtcq4E"}
{"time":"2026-06-11T22:01:27.719942+08:00","level":"INFO","service":"reward-api","caller":"app/reward/api/internal/task/kafka.go:101","msg":"KafkaConsumerTask: 跳过非本服务消息 service=pos subService=market buy token"}
{"time":"2026-06-11T22:01:27.720981+08:00","level":"INFO","service":"reward-api","caller":"app/reward/api/internal/task/kafka.go:93","msg":"KafkaConsumerTask: 收到已扫描交易 service=pos subService=market buy token txID=2UsqcXhXL2EQqtNeM5StJ2h4KLUp5zL3TNYxo81YoefmztiT6NQHUs7UBxAgXM1zzGZ3fQawoFtSZJaLV9DR2jNu"}
{"time":"2026-06-11T22:01:27.720993+08:00","level":"INFO","service":"reward-api","caller":"app/reward/api/internal/task/kafka.go:101","msg":"KafkaConsumerTask: 跳过非本服务消息 service=pos subService=market buy token"}
{"time":"2026-06-11T22:01:27.721653+08:00","level":"INFO","service":"reward-api","caller":"app/reward/api/internal/task/kafka.go:93","msg":"KafkaConsumerTask: 收到已扫描交易 service=pos subService=market buy token txID=5PXpkNxKepJ5e961p59hZCXbMaqi2VZV4w3VPjFApgA9s2Ny9kiYtTa6dvQQfdT7mbtsxPyfWUCtxzp6W4BFHWqz"}
{"time":"2026-06-11T22:01:27.721662+08:00","level":"INFO","service":"reward-api","caller":"app/reward/api/internal/task/kafka.go:101","msg":"KafkaConsumerTask: 跳过非本服务消息 service=pos subService=market buy token"}
{"time":"2026-06-11T22:01:27.722201+08:00","level":"INFO","service":"reward-api","caller":"app/reward/api/internal/task/kafka.go:93","msg":"KafkaConsumerTask: 收到已扫描交易 service=pos subService=market buy token txID=4Mzwzy6UvoiSvK4SqEdB1dJs7fL3SW6tBMFiVmk7sUgAYW5xi4qZg8FVrkFScKTebJ7xBzYqPHJP1UiG4aP1W3pD"}
{"time":"2026-06-11T22:01:27.72221+08:00","level":"INFO","service":"reward-api","caller":"app/reward/api/internal/task/kafka.go:101","msg":"KafkaConsumerTask: 跳过非本服务消息 service=pos subService=market buy token"}
{"time":"2026-06-11T22:01:27.722706+08:00","level":"INFO","service":"reward-api","caller":"app/reward/api/internal/task/kafka.go:93","msg":"KafkaConsumerTask: 收到已扫描交易 service=pos subService=market buy token txID=2fBBj5FTj179bwvWN2w2xtGMVxsQRPae1b4rKXQDegjoqgWpccSJLcKUMTdLTBh58dP15Ji7DSKhoC7xzsnN8YEk"}
{"time":"2026-06-11T22:01:27.722713+08:00","level":"INFO","service":"reward-api","caller":"app/reward/api/internal/task/kafka.go:101","msg":"KafkaConsumerTask: 跳过非本服务消息 service=pos subService=market buy token"}
{"time":"2026-06-11T22:01:27.723213+08:00","level":"INFO","service":"reward-api","caller":"app/reward/api/internal/task/kafka.go:93","msg":"KafkaConsumerTask: 收到已扫描交易 service=pos subService=market buy token txID=2WkY83hCkqJCk81uwhwAtQhYp6hQqAjBjfi1jXvhtgQaJtLmz5yqAtKR3a5yDBFckhHJeueq7Cz74k7v5DfTFZTM"}
{"time":"2026-06-11T22:01:27.723221+08:00","level":"INFO","service":"reward-api","caller":"app/reward/api/internal/task/kafka.go:101","msg":"KafkaConsumerTask: 跳过非本服务消息 service=pos subService=market buy token"}
{"time":"2026-06-11T22:01:27.723706+08:00","level":"INFO","service":"reward-api","caller":"app/reward/api/internal/task/kafka.go:93","msg":"KafkaConsumerTask: 收到已扫描交易 service=pos subService=market buy token txID=3GbzGfega4RKDzVkB5BhXKEVWWcNH8v4raPJdRfJaFnFuwr8pyBHLKKA5JeRBhHrVP3RHAqcY4DhuK611h86qMzT"}
{"time":"2026-06-11T22:01:27.723715+08:00","level":"INFO","service":"reward-api","caller":"app/reward/api/internal/task/kafka.go:101","msg":"KafkaConsumerTask: 跳过非本服务消息 service=pos subService=market buy token"}
{"time":"2026-06-11T22:01:27.72425+08:00","level":"INFO","service":"reward-api","caller":"app/reward/api/internal/task/kafka.go:93","msg":"KafkaConsumerTask: 收到已扫描交易 service=pos subService=market buy token txID=4pDjccjT9bvCo97L3qYL5JEw86nbKjjXgSWLC1RoFPoASeXwAeZgUEC77iQqmkqraczYdkTQ2Www3V2Ner18B3gj"}
{"time":"2026-06-11T22:01:27.724256+08:00","level":"INFO","service":"reward-api","caller":"app/reward/api/internal/task/kafka.go:101","msg":"KafkaConsumerTask: 跳过非本服务消息 service=pos subService=market buy token"}
{"time":"2026-06-11T22:01:27.724728+08:00","level":"INFO","service":"reward-api","caller":"app/reward/api/internal/task/kafka.go:93","msg":"KafkaConsumerTask: 收到已扫描交易 service=pos subService=market buy token txID=4WyP2bo5MqatmSjAp7BV6Cg3dZs4tVXHbt4vXWnrvQSx1CFgKbRRGY76TMHPbRsAABGRf16rJQxS4izogr45aGNh"}
{"time":"2026-06-11T22:01:27.724734+08:00","level":"INFO","service":"reward-api","caller":"app/reward/api/internal/task/kafka.go:101","msg":"KafkaConsumerTask: 跳过非本服务消息 service=pos subService=market buy token"}
{"time":"2026-06-11T22:01:27.725213+08:00","level":"INFO","service":"reward-api","caller":"app/reward/api/internal/task/kafka.go:93","msg":"KafkaConsumerTask: 收到已扫描交易 service=pos subService=market buy token txID=5UBk4qvh5cqbu2vGf1y1B7jgW4WVDaMgqwzyC9J8jXKfnZibJtA8brRPZsiJW2YDyf3akDAsFALLVqxWTYvoLS8u"}
{"time":"2026-06-11T22:01:27.725221+08:00","level":"INFO","service":"reward-api","caller":"app/reward/api/internal/task/kafka.go:101","msg":"KafkaConsumerTask: 跳过非本服务消息 service=pos subService=market buy token"}
{"time":"2026-06-11T22:01:27.725698+08:00","level":"INFO","service":"reward-api","caller":"app/reward/api/internal/task/kafka.go:93","msg":"KafkaConsumerTask: 收到已扫描交易 service=pos subService=market buy token txID=2W9LeQEGS5hmKwLMnPHHJtSKEcqd4EwQtQRnNAfDSeW8nLVkaRBsGfgfL9USYmj52jnARR2XHuJFc7hVxy3HSoJF"}
{"time":"2026-06-11T22:01:27.725704+08:00","level":"INFO","service":"reward-api","caller":"app/reward/api/internal/task/kafka.go:101","msg":"KafkaConsumerTask: 跳过非本服务消息 service=pos subService=market buy token"}
{"time":"2026-06-11T22:01:27.72673+08:00","level":"INFO","service":"reward-api","caller":"app/reward/api/internal/task/kafka.go:93","msg":"KafkaConsumerTask: 收到已扫描交易 service=pos subService=market buy token txID=3B7U6EgGHZAtYc76xwpSTgmCmGeG8JWzu6Sxv4gduGb2cBz332rVXBdo4yVfwMx9kjjWFecv2RZUTDVpa34osbMd"}
{"time":"2026-06-11T22:01:27.72675+08:00","level":"INFO","service":"reward-api","caller":"app/reward/api/internal/task/kafka.go:101","msg":"KafkaConsumerTask: 跳过非本服务消息 service=pos subService=market buy token"}
{"time":"2026-06-11T22:01:27.727707+08:00","level":"INFO","service":"reward-api","caller":"app/reward/api/internal/task/kafka.go:93","msg":"KafkaConsumerTask: 收到已扫描交易 service=pos subService=market buy token txID=DkotkAXsDAsGtzHpggXckbLSosrpzBREKqyAzpYiCmyGM3uJMp7LseTjcSmMggPvWKA56WfbSQ3zBSdvq2QdxEr"}
{"time":"2026-06-11T22:01:27.727719+08:00","level":"INFO","service":"reward-api","caller":"app/reward/api/internal/task/kafka.go:101","msg":"KafkaConsumerTask: 跳过非本服务消息 service=pos subService=market buy token"}
{"time":"2026-06-11T22:01:27.72829+08:00","level":"INFO","service":"reward-api","caller":"app/reward/api/internal/task/kafka.go:93","msg":"KafkaConsumerTask: 收到已扫描交易 service=pos subService=market buy token txID=4zcz1cfJHfEFqc6JSaBDdUCdmjWDmac8fw3AtU7LkUJQx4cu6Hw2FzeDodVkmZy5PUTz9SGT1duK8KgWPsrz8KD4"}
{"time":"2026-06-11T22:01:27.728299+08:00","level":"INFO","service":"reward-api","caller":"app/reward/api/internal/task/kafka.go:101","msg":"KafkaConsumerTask: 跳过非本服务消息 service=pos subService=market buy token"}
{"time":"2026-06-11T22:01:27.728845+08:00","level":"INFO","service":"reward-api","caller":"app/reward/api/internal/task/kafka.go:93","msg":"KafkaConsumerTask: 收到已扫描交易 service=pos subService=market buy token txID=4rSTB685T2c8YUiWkRQpxp3z95ZCeJRMLWQA4k4ktMpYdU41kPtPFsQFRcUugPBHvT33LfKRjGsf15djonZqNb4G"}
{"time":"2026-06-11T22:01:27.72885+08:00","level":"INFO","service":"reward-api","caller":"app/reward/api/internal/task/kafka.go:101","msg":"KafkaConsumerTask: 跳过非本服务消息 service=pos subService=market buy token"}
{"time":"2026-06-11T22:01:27.729375+08:00","level":"INFO","service":"reward-api","caller":"app/reward/api/internal/task/kafka.go:93","msg":"KafkaConsumerTask: 收到已扫描交易 service=pos subService=market buy token txID=5tY8nsACS3jUcSVsdyvRrt5kKHsvGeszBW6dcqrLnUHJXrj7DnLwaCpodUtYRT6E4hjax5LAhej7gxTVkry4X5uJ"}
{"time":"2026-06-11T22:01:27.729381+08:00","level":"INFO","service":"reward-api","caller":"app/reward/api/internal/task/kafka.go:101","msg":"KafkaConsumerTask: 跳过非本服务消息 service=pos subService=market buy token"}
{"time":"2026-06-11T22:01:27.729849+08:00","level":"INFO","service":"reward-api","caller":"app/reward/api/internal/task/kafka.go:93","msg":"KafkaConsumerTask: 收到已扫描交易 service=pos subService=market buy token txID=43LygwXCd4tj41nhAtPXHLt7BnQuS69pvFsmHwCheek2SxZHeSgtWaP7eKAN7AgohmC55EXfedbwYfgHR5JB3Yqw"}
{"time":"2026-06-11T22:01:27.729855+08:00","level":"INFO","service":"reward-api","caller":"app/reward/api/internal/task/kafka.go:101","msg":"KafkaConsumerTask: 跳过非本服务消息 service=pos subService=market buy token"}
{"time":"2026-06-11T22:01:27.730393+08:00","level":"INFO","service":"reward-api","caller":"app/reward/api/internal/task/kafka.go:93","msg":"KafkaConsumerTask: 收到已扫描交易 service=pos subService=market buy token txID=65FFTNeKT6MEEe7koxwEU7D8exSSspahKa7nWyUd6cSBLMiu1whtiMwvUPzgBJM2TMh7HM6gnUFZiqEuSL8yCTM5"}
{"time":"2026-06-11T22:01:27.730401+08:00","level":"INFO","service":"reward-api","caller":"app/reward/api/internal/task/kafka.go:101","msg":"KafkaConsumerTask: 跳过非本服务消息 service=pos subService=market buy token"}
{"time":"2026-06-11T22:01:27.730887+08:00","level":"INFO","service":"reward-api","caller":"app/reward/api/internal/task/kafka.go:93","msg":"KafkaConsumerTask: 收到已扫描交易 service=pos subService=market buy token txID=5UrA7oSa7Yeg55N5eAyMihpmW1dJbHTjsD1ok9Caoi2msDjg9RBSS7R3fHmwk6HrWTkAmzLjXiHBwwd1opTcWxaV"}
{"time":"2026-06-11T22:01:27.730896+08:00","level":"INFO","service":"reward-api","caller":"app/reward/api/internal/task/kafka.go:101","msg":"KafkaConsumerTask: 跳过非本服务消息 service=pos subService=market buy token"}
{"time":"2026-06-11T22:01:27.731409+08:00","level":"INFO","service":"reward-api","caller":"app/reward/api/internal/task/kafka.go:93","msg":"KafkaConsumerTask: 收到已扫描交易 service=pos subService=market buy token txID=4hGRHq45wsprXefvwDsHVa2jyJYSEo1NQKeHG8q4yfpXA6cbVNJKPMkwhMb1XFRhY4bf21EmkM9B3UruJLV6dsi9"}
{"time":"2026-06-11T22:01:27.731416+08:00","level":"INFO","service":"reward-api","caller":"app/reward/api/internal/task/kafka.go:101","msg":"KafkaConsumerTask: 跳过非本服务消息 service=pos subService=market buy token"}
{"time":"2026-06-11T22:01:27.73191+08:00","level":"INFO","service":"reward-api","caller":"app/reward/api/internal/task/kafka.go:93","msg":"KafkaConsumerTask: 收到已扫描交易 service=pos subService=market buy token txID=3HPKN3pxjEc6NDmiEVQQif9Rq37KkTvxz8iBLC1RQEeLFPMdbjDSvomJYrMCckULR9UCSagF28fA9JAbmUYRY7Mx"}
{"time":"2026-06-11T22:01:27.731916+08:00","level":"INFO","service":"reward-api","caller":"app/reward/api/internal/task/kafka.go:101","msg":"KafkaConsumerTask: 跳过非本服务消息 service=pos subService=market buy token"}
{"time":"2026-06-11T22:01:27.732484+08:00","level":"INFO","service":"reward-api","caller":"app/reward/api/internal/task/kafka.go:93","msg":"KafkaConsumerTask: 收到已扫描交易 service=pos subService=market buy token txID=42iDfB2w3pdKUqJx73aigXx9UYGevTa12ZdwNRmnWKuxm5FhYjafU5SgzqHrm2AufQ8BPWj77vyHqurSpdakfJDh"}
{"time":"2026-06-11T22:01:27.732495+08:00","level":"INFO","service":"reward-api","caller":"app/reward/api/internal/task/kafka.go:101","msg":"KafkaConsumerTask: 跳过非本服务消息 service=pos subService=market buy token"}
{"time":"2026-06-11T22:01:27.733103+08:00","level":"INFO","service":"reward-api","caller":"app/reward/api/internal/task/kafka.go:93","msg":"KafkaConsumerTask: 收到已扫描交易 service=pos subService=market buy token txID=5Krj58SgANYVzzKTJF44uupRPJF3yhEXrBJGZidiuD4vBvVgRYrE1Dv4anQvN7QxGVMC1V2u2yEjZTvwAvorZCJR"}
{"time":"2026-06-11T22:01:27.733112+08:00","level":"INFO","service":"reward-api","caller":"app/reward/api/internal/task/kafka.go:101","msg":"KafkaConsumerTask: 跳过非本服务消息 service=pos subService=market buy token"}
{"time":"2026-06-11T22:01:27.734005+08:00","level":"INFO","service":"reward-api","caller":"app/reward/api/internal/task/kafka.go:93","msg":"KafkaConsumerTask: 收到已扫描交易 service=pos subService=market buy token txID=3hKyHFbxkuHRniKnxSZKnEsjdoHVhz323zoktajS862oNrxAydCiKuumb4qfFi4oHwv9t4d6Y3yZUXjWeDLyACAh"}
{"time":"2026-06-11T22:01:27.734025+08:00","level":"INFO","service":"reward-api","caller":"app/reward/api/internal/task/kafka.go:101","msg":"KafkaConsumerTask: 跳过非本服务消息 service=pos subService=market buy token"}
{"time":"2026-06-11T22:01:27.73485+08:00","level":"INFO","service":"reward-api","caller":"app/reward/api/internal/task/kafka.go:93","msg":"KafkaConsumerTask: 收到已扫描交易 service=pos subService=market buy token txID=5EEACTDPLjMxUQ8WdVHiXGh5yBjjKz94U4RUZu5zVkAkdp61mPHVYuurqjsKWdSBDtxSFbEqkU6xQm4V4JgpQsQd"}
{"time":"2026-06-11T22:01:27.734865+08:00","level":"INFO","service":"reward-api","caller":"app/reward/api/internal/task/kafka.go:101","msg":"KafkaConsumerTask: 跳过非本服务消息 service=pos subService=market buy token"}
{"time":"2026-06-11T22:01:27.735357+08:00","level":"INFO","service":"reward-api","caller":"app/reward/api/internal/task/kafka.go:93","msg":"KafkaConsumerTask: 收到已扫描交易 service=pos subService=market buy token txID=65kGp8R8mFTS1TdqbbwDYdAymuHxouMSrBwnDrNSoV7Q5DGJp64MsvCBFYjQ2Jk6731BCuJ1zYab9C62fQ6tW12v"}
{"time":"2026-06-11T22:01:27.735365+08:00","level":"INFO","service":"reward-api","caller":"app/reward/api/internal/task/kafka.go:101","msg":"KafkaConsumerTask: 跳过非本服务消息 service=pos subService=market buy token"}
{"time":"2026-06-11T22:01:27.735974+08:00","level":"INFO","service":"reward-api","caller":"app/reward/api/internal/task/kafka.go:93","msg":"KafkaConsumerTask: 收到已扫描交易 service=pos subService=market buy token txID=FC9EidNb8MjX9SoAdgtkmXjb39Wj6pbT8agaxyrn3fxAkgRV5QxYGZGRMUM5YuVCjctcxKrTiiFgJ6F1r14exTk"}
{"time":"2026-06-11T22:01:27.73601+08:00","level":"INFO","service":"reward-api","caller":"app/reward/api/internal/task/kafka.go:101","msg":"KafkaConsumerTask: 跳过非本服务消息 service=pos subService=market buy token"}
{"time":"2026-06-11T22:01:27.736599+08:00","level":"INFO","service":"reward-api","caller":"app/reward/api/internal/task/kafka.go:93","msg":"KafkaConsumerTask: 收到已扫描交易 service=pos subService=market buy token txID=4hnR6KFM9aTPJJiDEjbzAmdSxwvsko9G9DxXMeLACexK7vP9u4RPrgZDt4XR8RzSpJwY9nRWwmvn4L2zGu5SKFSD"}
{"time":"2026-06-11T22:01:27.736606+08:00","level":"INFO","service":"reward-api","caller":"app/reward/api/internal/task/kafka.go:101","msg":"KafkaConsumerTask: 跳过非本服务消息 service=pos subService=market buy token"}
{"time":"2026-06-11T22:01:27.737177+08:00","level":"INFO","service":"reward-api","caller":"app/reward/api/internal/task/kafka.go:93","msg":"KafkaConsumerTask: 收到已扫描交易 service=pos subService=market buy token txID=2cb493xTHRqqhf9Kj4FKq2nW2Zh835fn9cQh2uWKPSjYYspEeDwrnKfirD8TEFkVNjv2pQx2PcTaRNHEYBM6NrJn"}
{"time":"2026-06-11T22:01:27.737183+08:00","level":"INFO","service":"reward-api","caller":"app/reward/api/internal/task/kafka.go:101","msg":"KafkaConsumerTask: 跳过非本服务消息 service=pos subService=market buy token"}
{"time":"2026-06-11T22:01:27.737713+08:00","level":"INFO","service":"reward-api","caller":"app/reward/api/internal/task/kafka.go:93","msg":"KafkaConsumerTask: 收到已扫描交易 service=pos subService=market buy token txID=3p1Px5uB6ZkQqMNRrSyXSPrWMxSHcNvGUgYX34V2xib3rV8KJbYxYxoGF5hiWdDmpLHU7R9yS7LdBFM2UdnNboQR"}
{"time":"2026-06-11T22:01:27.737721+08:00","level":"INFO","service":"reward-api","caller":"app/reward/api/internal/task/kafka.go:101","msg":"KafkaConsumerTask: 跳过非本服务消息 service=pos subService=market buy token"}
{"time":"2026-06-11T22:01:27.738316+08:00","level":"INFO","service":"reward-api","caller":"app/reward/api/internal/task/kafka.go:93","msg":"KafkaConsumerTask: 收到已扫描交易 service=pos subService=market buy token txID=31ogtiFq4aoEe8hKmKhrSxKDvJmjf4wL6Y3wVuTUJQz29xSpJJhpsC682MRhphUcWq1ngVNjftkJb5qGj7K79P3X"}
{"time":"2026-06-11T22:01:27.738324+08:00","level":"INFO","service":"reward-api","caller":"app/reward/api/internal/task/kafka.go:101","msg":"KafkaConsumerTask: 跳过非本服务消息 service=pos subService=market buy token"}
{"time":"2026-06-11T22:01:27.738879+08:00","level":"INFO","service":"reward-api","caller":"app/reward/api/internal/task/kafka.go:93","msg":"KafkaConsumerTask: 收到已扫描交易 service=pos subService=market buy token txID=2y2XotfFUoN7v3dMYCWPRFhVsvPohwcUayx5gYkJby2ocyBrkYBxroytK3Ar3XZCaMcpsNj6nABJ3JohT6MEknnz"}
{"time":"2026-06-11T22:01:27.738886+08:00","level":"INFO","service":"reward-api","caller":"app/reward/api/internal/task/kafka.go:101","msg":"KafkaConsumerTask: 跳过非本服务消息 service=pos subService=market buy token"}
{"time":"2026-06-11T22:01:27.739467+08:00","level":"INFO","service":"reward-api","caller":"app/reward/api/internal/task/kafka.go:93","msg":"KafkaConsumerTask: 收到已扫描交易 service=pos subService=market buy token txID=2X1n7Zsa64v6VGhpLLxoKr7gpfKS8auMVLAcwPrHBkBBGXQrgASKiTpXvMgX4zHKESx115bndsqWohdjt2kixA5U"}
{"time":"2026-06-11T22:01:27.739483+08:00","level":"INFO","service":"reward-api","caller":"app/reward/api/internal/task/kafka.go:101","msg":"KafkaConsumerTask: 跳过非本服务消息 service=pos subService=market buy token"}
{"time":"2026-06-11T22:01:27.740486+08:00","level":"INFO","service":"reward-api","caller":"app/reward/api/internal/task/kafka.go:93","msg":"KafkaConsumerTask: 收到已扫描交易 service=pos subService=market buy token txID=5rNgzCXsJfWJGHw8GxbYwkFbMvc48uBYbfP6jye9LTN2aaeCrwMWxReH9pP1ASjtCVx1W4o4eyN3fr3arovsiWUj"}
{"time":"2026-06-11T22:01:27.740509+08:00","level":"INFO","service":"reward-api","caller":"app/reward/api/internal/task/kafka.go:101","msg":"KafkaConsumerTask: 跳过非本服务消息 service=pos subService=market buy token"}
{"time":"2026-06-11T22:01:27.741427+08:00","level":"INFO","service":"reward-api","caller":"app/reward/api/internal/task/kafka.go:93","msg":"KafkaConsumerTask: 收到已扫描交易 service=pos subService=market buy token txID=4C8TMKJK5wNvMFdDwXfyBBoTQLvDysscSAjyD4T6qKJge2hkqpLLMmZckQDVA3dFVBwiJhrmvkJZJLr2mVCLh9t3"}
{"time":"2026-06-11T22:01:27.741442+08:00","level":"INFO","service":"reward-api","caller":"app/reward/api/internal/task/kafka.go:101","msg":"KafkaConsumerTask: 跳过非本服务消息 service=pos subService=market buy token"}
{"time":"2026-06-11T22:01:27.742026+08:00","level":"INFO","service":"reward-api","caller":"app/reward/api/internal/task/kafka.go:93","msg":"KafkaConsumerTask: 收到已扫描交易 service=pos subService=market buy token txID=PLFHHeAZ5fszuTCy1CxWEnxh7CvQJoc6YaoeX2QHTwb18XsZyRkyEAbWcBKarcXdWz1WbAgcBHAPJ38KTs2B51R"}
{"time":"2026-06-11T22:01:27.742034+08:00","level":"INFO","service":"reward-api","caller":"app/reward/api/internal/task/kafka.go:101","msg":"KafkaConsumerTask: 跳过非本服务消息 service=pos subService=market buy token"}
{"time":"2026-06-11T22:01:27.742585+08:00","level":"INFO","service":"reward-api","caller":"app/reward/api/internal/task/kafka.go:93","msg":"KafkaConsumerTask: 收到已扫描交易 service=pos subService=market buy token txID=63g39LhsGZKVhjd5v5fWt5V7YPokY3ikfNCP3aQyLbzAozLf2p7YPteetBkihReDm1Eugv8feTb65SBPiyneDB4h"}
{"time":"2026-06-11T22:01:27.74259+08:00","level":"INFO","service":"reward-api","caller":"app/reward/api/internal/task/kafka.go:101","msg":"KafkaConsumerTask: 跳过非本服务消息 service=pos subService=market buy token"}
{"time":"2026-06-11T22:01:27.74317+08:00","level":"INFO","service":"reward-api","caller":"app/reward/api/internal/task/kafka.go:93","msg":"KafkaConsumerTask: 收到已扫描交易 service=pos subService=market buy token txID=cjdDVrQnKUSS2w7oKq3p3Cd5giHkBu7krtbdcoNv36WLoBbdyH9y7bQvRMtuPneaNaBS8yD7vY7kbiBuKmvqJba"}
{"time":"2026-06-11T22:01:27.743175+08:00","level":"INFO","service":"reward-api","caller":"app/reward/api/internal/task/kafka.go:101","msg":"KafkaConsumerTask: 跳过非本服务消息 service=pos subService=market buy token"}
{"time":"2026-06-11T22:01:27.743757+08:00","level":"INFO","service":"reward-api","caller":"app/reward/api/internal/task/kafka.go:93","msg":"KafkaConsumerTask: 收到已扫描交易 service=pos subService=market buy token txID=zj1VRaLkGNSGFTueSh7BScDNtz3KYLNM3T3ZwTDLa4BFpqccuwGMhweart2gRojyAHdFNToi7HsJybUaydFqBAz"}
{"time":"2026-06-11T22:01:27.743762+08:00","level":"INFO","service":"reward-api","caller":"app/reward/api/internal/task/kafka.go:101","msg":"KafkaConsumerTask: 跳过非本服务消息 service=pos subService=market buy token"}
{"time":"2026-06-11T22:01:27.744321+08:00","level":"INFO","service":"reward-api","caller":"app/reward/api/internal/task/kafka.go:93","msg":"KafkaConsumerTask: 收到已扫描交易 service=pos subService=market buy token txID=4FnRkNSVt3GVtfqf3jKFb92kz3RqvSLNsgBhRTn5PSS92rznSpVKzhVLsQ1e15pyYbZfJXjJDPcnXbhm8BgWEKZ1"}
{"time":"2026-06-11T22:01:27.744326+08:00","level":"INFO","service":"reward-api","caller":"app/reward/api/internal/task/kafka.go:101","msg":"KafkaConsumerTask: 跳过非本服务消息 service=pos subService=market buy token"}
{"time":"2026-06-11T22:01:27.744879+08:00","level":"INFO","service":"reward-api","caller":"app/reward/api/internal/task/kafka.go:93","msg":"KafkaConsumerTask: 收到已扫描交易 service=pos subService=market buy token txID=5goRhrfGNgipevegm86479UdcmPXhwUqKfbFict5pNZEZhATAknU43fNs6RrHUZVqMxZvB7vVwDNQkJdzJzu5gdb"}
{"time":"2026-06-11T22:01:27.744884+08:00","level":"INFO","service":"reward-api","caller":"app/reward/api/internal/task/kafka.go:101","msg":"KafkaConsumerTask: 跳过非本服务消息 service=pos subService=market buy token"}
{"time":"2026-06-11T22:01:27.745476+08:00","level":"INFO","service":"reward-api","caller":"app/reward/api/internal/task/kafka.go:93","msg":"KafkaConsumerTask: 收到已扫描交易 service=pos subService=market buy token txID=4Dtm8gyN2ZFBBenQVLpL7qcZ9XLpAqs9L2kWEFcfhv2omXbmYuieHVTqf1vsFLPxnePSaRfWtFp47CLj3QFqkQME"}
{"time":"2026-06-11T22:01:27.745482+08:00","level":"INFO","service":"reward-api","caller":"app/reward/api/internal/task/kafka.go:101","msg":"KafkaConsumerTask: 跳过非本服务消息 service=pos subService=market buy token"}
{"time":"2026-06-11T22:01:27.74601+08:00","level":"INFO","service":"reward-api","caller":"app/reward/api/internal/task/kafka.go:93","msg":"KafkaConsumerTask: 收到已扫描交易 service=pos subService=market buy token txID=3GNEwmYj9hnzMZ28Y7GgRBWPB3dzyob5a9LTE7Ej3BKXGnwib2cFSpkDbhbDiQ5xQAnidDMfyAdtY8F8voJ17bHQ"}
{"time":"2026-06-11T22:01:27.746022+08:00","level":"INFO","service":"reward-api","caller":"app/reward/api/internal/task/kafka.go:101","msg":"KafkaConsumerTask: 跳过非本服务消息 service=pos subService=market buy token"}
{"time":"2026-06-11T22:01:27.746866+08:00","level":"INFO","service":"reward-api","caller":"app/reward/api/internal/task/kafka.go:93","msg":"KafkaConsumerTask: 收到已扫描交易 service=pos subService=market buy token txID=3ooKnjUkJaKBbKjvUsSrkQmDE6uyK97b7fsKRknKWgp2ZjX3NgS6atvs9rD1sx6vJrTKaV53zArBhosoSqmNGGYy"}
{"time":"2026-06-11T22:01:27.746876+08:00","level":"INFO","service":"reward-api","caller":"app/reward/api/internal/task/kafka.go:101","msg":"KafkaConsumerTask: 跳过非本服务消息 service=pos subService=market buy token"}
{"time":"2026-06-11T22:01:27.747828+08:00","level":"INFO","service":"reward-api","caller":"app/reward/api/internal/task/kafka.go:93","msg":"KafkaConsumerTask: 收到已扫描交易 service=pos subService=market buy token txID=5bd1uiNq3zakDCtGo2tMgiH4SqkZ8evMM7zxGWDsPBZooDvCHMJeUjGMQ5NyzeC2Vj5MECkMVYvfAaV6piBQRfed"}
{"time":"2026-06-11T22:01:27.747837+08:00","level":"INFO","service":"reward-api","caller":"app/reward/api/internal/task/kafka.go:101","msg":"KafkaConsumerTask: 跳过非本服务消息 service=pos subService=market buy token"}
{"time":"2026-06-11T22:01:27.748502+08:00","level":"INFO","service":"reward-api","caller":"app/reward/api/internal/task/kafka.go:93","msg":"KafkaConsumerTask: 收到已扫描交易 service=pos subService=market buy token txID=474VZSo6NWytAJkKyFRB4vRLfrPCum8YzXBKkwfrXRUSPKqYaAeM4CwovFjsJBYhGbd73wKK43Hi7TNh1w6N3MJP"}
{"time":"2026-06-11T22:01:27.748508+08:00","level":"INFO","service":"reward-api","caller":"app/reward/api/internal/task/kafka.go:101","msg":"KafkaConsumerTask: 跳过非本服务消息 service=pos subService=market buy token"}
{"time":"2026-06-11T22:01:27.749057+08:00","level":"INFO","service":"reward-api","caller":"app/reward/api/internal/task/kafka.go:93","msg":"KafkaConsumerTask: 收到已扫描交易 service=pos subService=market buy token txID=2uSEdTueD6te5Tgd2ZujkocbsgNPVUAtoerapKf6i3QSsW7VEYGwrNy9TejDb4P6tzyeSK1AeFmuZguqzFq7id6E"}
{"time":"2026-06-11T22:01:27.749063+08:00","level":"INFO","service":"reward-api","caller":"app/reward/api/internal/task/kafka.go:101","msg":"KafkaConsumerTask: 跳过非本服务消息 service=pos subService=market buy token"}
{"time":"2026-06-11T22:01:27.749658+08:00","level":"INFO","service":"reward-api","caller":"app/reward/api/internal/task/kafka.go:93","msg":"KafkaConsumerTask: 收到已扫描交易 service=pos subService=market buy token txID=3Pp4aHEjexRCp7bxbp8ATuA5mMB2Z34KjqD1kupJXhxEXZKCBz4ViGFYp5yz8L6ipJ61j1pTSXM7vpiTLKiZDJYd"}
{"time":"2026-06-11T22:01:27.749668+08:00","level":"INFO","service":"reward-api","caller":"app/reward/api/internal/task/kafka.go:101","msg":"KafkaConsumerTask: 跳过非本服务消息 service=pos subService=market buy token"}
{"time":"2026-06-11T22:01:27.750242+08:00","level":"INFO","service":"reward-api","caller":"app/reward/api/internal/task/kafka.go:93","msg":"KafkaConsumerTask: 收到已扫描交易 service=pos subService=market buy token txID=YAkT9ByHbNqUmySMWeLGv4oC8T8eDCCu95k7dqWHMbRaARUthSCkXu8km2mEsMsEE3Grhm5R2DaNTucNdijsLkK"}
{"time":"2026-06-11T22:01:27.750249+08:00","level":"INFO","service":"reward-api","caller":"app/reward/api/internal/task/kafka.go:101","msg":"KafkaConsumerTask: 跳过非本服务消息 service=pos subService=market buy token"}
{"time":"2026-06-11T22:01:27.750827+08:00","level":"INFO","service":"reward-api","caller":"app/reward/api/internal/task/kafka.go:93","msg":"KafkaConsumerTask: 收到已扫描交易 service=pos subService=market buy token txID=4xBGScocz7YvcSpR5EDb4p1DgAsy65FDDHxKbFUSMdK6hXVRkyiFxkhXiihzF7yEhpsdQEEhUiZZpca2xsqZibM"}
{"time":"2026-06-11T22:01:27.750834+08:00","level":"INFO","service":"reward-api","caller":"app/reward/api/internal/task/kafka.go:101","msg":"KafkaConsumerTask: 跳过非本服务消息 service=pos subService=market buy token"}
{"time":"2026-06-11T22:01:27.75147+08:00","level":"INFO","service":"reward-api","caller":"app/reward/api/internal/task/kafka.go:93","msg":"KafkaConsumerTask: 收到已扫描交易 service=pos subService=market buy token txID=2UA5Ans6RApNN2X9NG7dbCoZrx2moMxXqWUZrZBmdCoJMYTJK38iXMsKYA8w2ShWtQyTUL4CRzo6SS8m4Mt4e5YL"}
{"time":"2026-06-11T22:01:27.751476+08:00","level":"INFO","service":"reward-api","caller":"app/reward/api/internal/task/kafka.go:101","msg":"KafkaConsumerTask: 跳过非本服务消息 service=pos subService=market buy token"}
{"time":"2026-06-11T22:01:27.752038+08:00","level":"INFO","service":"reward-api","caller":"app/reward/api/internal/task/kafka.go:93","msg":"KafkaConsumerTask: 收到已扫描交易 service=pos subService=market buy token txID=5Voz1HpyxLEswmJvP6Xe3TT9A1z6WsH77pXodLHuEZhEPkrFRMAoCbGrZZmnS2AGQjnoVb1z4ogxmXrs96LFJEVs"}
{"time":"2026-06-11T22:01:27.752044+08:00","level":"INFO","service":"reward-api","caller":"app/reward/api/internal/task/kafka.go:101","msg":"KafkaConsumerTask: 跳过非本服务消息 service=pos subService=market buy token"}
{"time":"2026-06-11T22:01:27.752524+08:00","level":"INFO","service":"reward-api","caller":"app/reward/api/internal/task/kafka.go:93","msg":"KafkaConsumerTask: 收到已扫描交易 service=pos subService=market buy token txID=44yKgtytKVLK6UxBgwFrEZbspEivzAqbixyEJFokEhovH21KCXWin6cjPoxmPVDGqbKWrXcMjNGissoBYbXBG4T1"}
{"time":"2026-06-11T22:01:27.75253+08:00","level":"INFO","service":"reward-api","caller":"app/reward/api/internal/task/kafka.go:101","msg":"KafkaConsumerTask: 跳过非本服务消息 service=pos subService=market buy token"}
{"time":"2026-06-11T22:01:27.753104+08:00","level":"INFO","service":"reward-api","caller":"app/reward/api/internal/task/kafka.go:93","msg":"KafkaConsumerTask: 收到已扫描交易 service=pos subService=market buy token txID=fbbM7AvMyYku14FehjDGXUJGVrP3bhdZxKfxZod81mpsqURZhQAacPVQu76Qfb6x7fzShHwExDVhome6KF61qw3"}
{"time":"2026-06-11T22:01:27.753111+08:00","level":"INFO","service":"reward-api","caller":"app/reward/api/internal/task/kafka.go:101","msg":"KafkaConsumerTask: 跳过非本服务消息 service=pos subService=market buy token"}
{"time":"2026-06-11T22:01:27.753757+08:00","level":"INFO","service":"reward-api","caller":"app/reward/api/internal/task/kafka.go:93","msg":"KafkaConsumerTask: 收到已扫描交易 service=pos subService=market buy token txID=TrzeJc7fudpVCweUbxd6ZhcvskjHfQxSosS4bg2pRcShVR3JJmC3a6ZnJxdCVFTD1oWs4UknaaBPaWVrVj8bDX7"}
{"time":"2026-06-11T22:01:27.753782+08:00","level":"INFO","service":"reward-api","caller":"app/reward/api/internal/task/kafka.go:101","msg":"KafkaConsumerTask: 跳过非本服务消息 service=pos subService=market buy token"}
{"time":"2026-06-11T22:01:27.754692+08:00","level":"INFO","service":"reward-api","caller":"app/reward/api/internal/task/kafka.go:93","msg":"KafkaConsumerTask: 收到已扫描交易 service=pos subService=market buy token txID=58ZdE9nJhPhrufvoVinerQgp5YeTs37w1YKeTw71tff1iQTaZjvmKCB8Excy8w4BgNJnStq3YbnctXpvXFmBXf7C"}
{"time":"2026-06-11T22:01:27.754705+08:00","level":"INFO","service":"reward-api","caller":"app/reward/api/internal/task/kafka.go:101","msg":"KafkaConsumerTask: 跳过非本服务消息 service=pos subService=market buy token"}
{"time":"2026-06-11T22:01:27.755267+08:00","level":"INFO","service":"reward-api","caller":"app/reward/api/internal/task/kafka.go:93","msg":"KafkaConsumerTask: 收到已扫描交易 service=pos subService=market buy token txID=nUXMyJV6JUH1Ac6gbRSNPfEUaGmTqxhWBWqEk2vobF8TnmK3U9rhm8gnNJ32nQqUh5KAkwXfMvCKsjEbUpG3ktH"}
{"time":"2026-06-11T22:01:27.755279+08:00","level":"INFO","service":"reward-api","caller":"app/reward/api/internal/task/kafka.go:101","msg":"KafkaConsumerTask: 跳过非本服务消息 service=pos subService=market buy token"}
{"time":"2026-06-11T22:01:27.755753+08:00","level":"INFO","service":"reward-api","caller":"app/reward/api/internal/task/kafka.go:93","msg":"KafkaConsumerTask: 收到已扫描交易 service=pos subService=market buy token txID=5KPvXeoUuo5MKMR2btqDQkjaoy9caHYNo4sLqSuR5THuPaDv6CmxPnHKZcKUfr9yPc1tfT7ApM5cXgtpPL1cL2Xk"}
{"time":"2026-06-11T22:01:27.755762+08:00","level":"INFO","service":"reward-api","caller":"app/reward/api/internal/task/kafka.go:101","msg":"KafkaConsumerTask: 跳过非本服务消息 service=pos subService=market buy token"}
{"time":"2026-06-11T22:01:27.756303+08:00","level":"INFO","service":"reward-api","caller":"app/reward/api/internal/task/kafka.go:93","msg":"KafkaConsumerTask: 收到已扫描交易 service=pos subService=market buy token txID=3a5Aw1N7eYUkAF2XVxKFwMaS6JqaMeSLLk1PXiQjBMDCwtFnNqYqGXRvRyzubsa4RPACbrjLaCSC8EY9Wdn4YsFf"}
{"time":"2026-06-11T22:01:27.756309+08:00","level":"INFO","service":"reward-api","caller":"app/reward/api/internal/task/kafka.go:101","msg":"KafkaConsumerTask: 跳过非本服务消息 service=pos subService=market buy token"}
{"time":"2026-06-11T22:01:27.756918+08:00","level":"INFO","service":"reward-api","caller":"app/reward/api/internal/task/kafka.go:93","msg":"KafkaConsumerTask: 收到已扫描交易 service=pos subService=market buy token txID=3oXVet8issW6NST5doWJCZ8Dsh1Wnz1uYjCJ8dWyHmBXgqYfKSWFmd7Dm5TcUieCDP1GtnqYRaqivuuSAc86frhq"}
{"time":"2026-06-11T22:01:27.756924+08:00","level":"INFO","service":"reward-api","caller":"app/reward/api/internal/task/kafka.go:101","msg":"KafkaConsumerTask: 跳过非本服务消息 service=pos subService=market buy token"}
{"time":"2026-06-11T22:01:27.759551+08:00","level":"INFO","service":"reward-api","caller":"app/reward/api/internal/task/kafka.go:93","msg":"KafkaConsumerTask: 收到已扫描交易 service=pos subService=market buy token txID=2ywkdJmQL3wwPLFnfjimiQmFtnSXh1QvxjzRtwZmYLzDJa5MqjTW9wJCNUdK2ZNEkXmN1yVjmsz2N9QsJZ9eNhKv"}
{"time":"2026-06-11T22:01:27.759561+08:00","level":"INFO","service":"reward-api","caller":"app/reward/api/internal/task/kafka.go:101","msg":"KafkaConsumerTask: 跳过非本服务消息 service=pos subService=market buy token"}
{"time":"2026-06-11T22:01:27.760441+08:00","level":"INFO","service":"reward-api","caller":"app/reward/api/internal/task/kafka.go:93","msg":"KafkaConsumerTask: 收到已扫描交易 service=pos subService=market buy token txID=4vDsHLAcx6BRD8EEeeHiFnXKyZcXimUDjWxE8jGcgBiKS6b8BMNebrCbaC7BRCCpwXH9VCpnwYNQDDPsvKpMrTvJ"}
{"time":"2026-06-11T22:01:27.760456+08:00","level":"INFO","service":"reward-api","caller":"app/reward/api/internal/task/kafka.go:101","msg":"KafkaConsumerTask: 跳过非本服务消息 service=pos subService=market buy token"}
{"time":"2026-06-11T22:01:27.761659+08:00","level":"INFO","service":"reward-api","caller":"app/reward/api/internal/task/kafka.go:93","msg":"KafkaConsumerTask: 收到已扫描交易 service=pos subService=market buy token txID=3PFghqaAL8RBhtLknhp9EmWkgoBGWhgwnWGzn2gv3oXA2giYLZT7mpq7b8axorcWJHtyMUb5Nn3stgAPRnqC9Cdc"}
{"time":"2026-06-11T22:01:27.761675+08:00","level":"INFO","service":"reward-api","caller":"app/reward/api/internal/task/kafka.go:101","msg":"KafkaConsumerTask: 跳过非本服务消息 service=pos subService=market buy token"}
{"time":"2026-06-11T22:01:27.762567+08:00","level":"INFO","service":"reward-api","caller":"app/reward/api/internal/task/kafka.go:93","msg":"KafkaConsumerTask: 收到已扫描交易 service=pos subService=market buy token txID=XhgrBXpnDQdzuhYAdHhsw4LEMxvtQXHSh9DPMLY6TpyzgNrk1VrFPw212EhpwJcSjFDtmBvwHhdP96J6aRkpfkm"}
{"time":"2026-06-11T22:01:27.762581+08:00","level":"INFO","service":"reward-api","caller":"app/reward/api/internal/task/kafka.go:101","msg":"KafkaConsumerTask: 跳过非本服务消息 service=pos subService=market buy token"}
{"time":"2026-06-11T22:01:27.763295+08:00","level":"INFO","service":"reward-api","caller":"app/reward/api/internal/task/kafka.go:93","msg":"KafkaConsumerTask: 收到已扫描交易 service=pos subService=market buy token txID=5yfU1hSSx86yYTQuepLVdzNYTUbua2pRkmai4yhtdtDxMghhNtfp8EDJXPiT9Hh2ThK5DsoUrueCrpTAKqPzu9VU"}
{"time":"2026-06-11T22:01:27.763305+08:00","level":"INFO","service":"reward-api","caller":"app/reward/api/internal/task/kafka.go:101","msg":"KafkaConsumerTask: 跳过非本服务消息 service=pos subService=market buy token"}
{"time":"2026-06-11T22:01:27.764005+08:00","level":"INFO","service":"reward-api","caller":"app/reward/api/internal/task/kafka.go:93","msg":"KafkaConsumerTask: 收到已扫描交易 service=pos subService=market buy token txID=3s34yirDfa6AmtoyUrnBHVBaHUVPQqCYomnkNqaS3qYm5jXj6smLVdhVyE6zGhsfvwDYMfNsr3MYhPmMVHfQVW2n"}
{"time":"2026-06-11T22:01:27.764012+08:00","level":"INFO","service":"reward-api","caller":"app/reward/api/internal/task/kafka.go:101","msg":"KafkaConsumerTask: 跳过非本服务消息 service=pos subService=market buy token"}
{"time":"2026-06-11T22:01:27.764637+08:00","level":"INFO","service":"reward-api","caller":"app/reward/api/internal/task/kafka.go:93","msg":"KafkaConsumerTask: 收到已扫描交易 service=pos subService=market buy token txID=utGiohiXCjrC9N94zRqJVa3Wu9ooayub5FfoN8XYMHDE4xTJNGTR4nRqyRWrXErd3gUwTPc3pQkVk12w6S4bHwf"}
{"time":"2026-06-11T22:01:27.764643+08:00","level":"INFO","service":"reward-api","caller":"app/reward/api/internal/task/kafka.go:101","msg":"KafkaConsumerTask: 跳过非本服务消息 service=pos subService=market buy token"}
{"time":"2026-06-11T22:01:27.765234+08:00","level":"INFO","service":"reward-api","caller":"app/reward/api/internal/task/kafka.go:93","msg":"KafkaConsumerTask: 收到已扫描交易 service=pos subService=market buy token txID=5mc8B1cvtj2qmQoyVjLk6Rn6sTzzmi3QTrBTQwZPx6BiHkuyuboNNsA8tRrzxPAhpZk1E2b5x35ZMhznD7hYmKF5"}
{"time":"2026-06-11T22:01:27.765241+08:00","level":"INFO","service":"reward-api","caller":"app/reward/api/internal/task/kafka.go:101","msg":"KafkaConsumerTask: 跳过非本服务消息 service=pos subService=market buy token"}
{"time":"2026-06-11T22:01:27.765786+08:00","level":"INFO","service":"reward-api","caller":"app/reward/api/internal/task/kafka.go:93","msg":"KafkaConsumerTask: 收到已扫描交易 service=pos subService=market buy token txID=KZ3VivXLsvSbv5tkeBHLkBx7JQJjxPyQUGmTxTv5Ery4vyfYNe56AdHRcYihakceM1GnT2y1XqaSkSTNtgHrjuH"}
{"time":"2026-06-11T22:01:27.765792+08:00","level":"INFO","service":"reward-api","caller":"app/reward/api/internal/task/kafka.go:101","msg":"KafkaConsumerTask: 跳过非本服务消息 service=pos subService=market buy token"}
{"time":"2026-06-11T22:01:27.766429+08:00","level":"INFO","service":"reward-api","caller":"app/reward/api/internal/task/kafka.go:93","msg":"KafkaConsumerTask: 收到已扫描交易 service=pos subService=market buy token txID=58NUMHM1id1iJcgnngqbhQqoAGWkgjHUfBR2MC3EKfFVhJFbvxyKy3XtrRicoPxG2H9RftAMHysYeBhtJZyEnShV"}
{"time":"2026-06-11T22:01:27.766459+08:00","level":"INFO","service":"reward-api","caller":"app/reward/api/internal/task/kafka.go:101","msg":"KafkaConsumerTask: 跳过非本服务消息 service=pos subService=market buy token"}
{"time":"2026-06-11T22:01:27.767271+08:00","level":"INFO","service":"reward-api","caller":"app/reward/api/internal/task/kafka.go:93","msg":"KafkaConsumerTask: 收到已扫描交易 service=pos subService=market buy token txID=2izqsuvF4Ggv2gW9qFBK8hKmnNQYNz3p4gHBPkYqYkqXWgoVfVxV9tgwqEG96p1DkBrDrVaF9qRhPwXakXdagnv9"}
{"time":"2026-06-11T22:01:27.767285+08:00","level":"INFO","service":"reward-api","caller":"app/reward/api/internal/task/kafka.go:101","msg":"KafkaConsumerTask: 跳过非本服务消息 service=pos subService=market buy token"}
{"time":"2026-06-11T22:01:27.768237+08:00","level":"INFO","service":"reward-api","caller":"app/reward/api/internal/task/kafka.go:93","msg":"KafkaConsumerTask: 收到已扫描交易 service=pos subService=market buy token txID=AiSqcYhagB4NBqDRueyDmogPEuXe2LTniERqtm1tyCEFxXQsdPJJvTgiirub1PFVyZNcVDKuBTrAdRNBaT5wHCN"}
{"time":"2026-06-11T22:01:27.768255+08:00","level":"INFO","service":"reward-api","caller":"app/reward/api/internal/task/kafka.go:101","msg":"KafkaConsumerTask: 跳过非本服务消息 service=pos subService=market buy token"}
{"time":"2026-06-11T22:01:27.76874+08:00","level":"INFO","service":"reward-api","caller":"app/reward/api/internal/task/kafka.go:93","msg":"KafkaConsumerTask: 收到已扫描交易 service=pos subService=market buy token txID=474VZSo6NWytAJkKyFRB4vRLfrPCum8YzXBKkwfrXRUSPKqYaAeM4CwovFjsJBYhGbd73wKK43Hi7TNh1w6N3MJP"}
{"time":"2026-06-11T22:01:27.768748+08:00","level":"INFO","service":"reward-api","caller":"app/reward/api/internal/task/kafka.go:101","msg":"KafkaConsumerTask: 跳过非本服务消息 service=pos subService=market buy token"}
{"time":"2026-06-11T22:01:27.76926+08:00","level":"INFO","service":"reward-api","caller":"app/reward/api/internal/task/kafka.go:93","msg":"KafkaConsumerTask: 收到已扫描交易 service=pos subService=market buy token txID=65kGp8R8mFTS1TdqbbwDYdAymuHxouMSrBwnDrNSoV7Q5DGJp64MsvCBFYjQ2Jk6731BCuJ1zYab9C62fQ6tW12v"}
{"time":"2026-06-11T22:01:27.769267+08:00","level":"INFO","service":"reward-api","caller":"app/reward/api/internal/task/kafka.go:101","msg":"KafkaConsumerTask: 跳过非本服务消息 service=pos subService=market buy token"}
{"time":"2026-06-11T22:01:27.769731+08:00","level":"INFO","service":"reward-api","caller":"app/reward/api/internal/task/kafka.go:93","msg":"KafkaConsumerTask: 收到已扫描交易 service=pos subService=market buy token txID=2UPDmqpKhNcvJSTvnXESNPVTjZcYG1E2oq5kmvyRYzmF1nfZPhGUvVY57eUu2BS547o2Zr8rDyjwL7ce3BEeemhC"}
{"time":"2026-06-11T22:01:27.769738+08:00","level":"INFO","service":"reward-api","caller":"app/reward/api/internal/task/kafka.go:101","msg":"KafkaConsumerTask: 跳过非本服务消息 service=pos subService=market buy token"}
{"time":"2026-06-11T22:01:27.770239+08:00","level":"INFO","service":"reward-api","caller":"app/reward/api/internal/task/kafka.go:93","msg":"KafkaConsumerTask: 收到已扫描交易 service=pos subService=market buy token txID=4Dtm8gyN2ZFBBenQVLpL7qcZ9XLpAqs9L2kWEFcfhv2omXbmYuieHVTqf1vsFLPxnePSaRfWtFp47CLj3QFqkQME"}
{"time":"2026-06-11T22:01:27.770246+08:00","level":"INFO","service":"reward-api","caller":"app/reward/api/internal/task/kafka.go:101","msg":"KafkaConsumerTask: 跳过非本服务消息 service=pos subService=market buy token"}
{"time":"2026-06-11T22:01:27.770699+08:00","level":"INFO","service":"reward-api","caller":"app/reward/api/internal/task/kafka.go:93","msg":"KafkaConsumerTask: 收到已扫描交易 service=pos subService=market buy token txID=5juEa8ymfZ4KZxFGJfPLpwF1ZeKzzxqZYNvBJ5cKsPQfiKyGJbQV7XPQN5wiJJRfQdfGKTzXmqFAoXaa5Jh5PyAv"}
{"time":"2026-06-11T22:01:27.770705+08:00","level":"INFO","service":"reward-api","caller":"app/reward/api/internal/task/kafka.go:101","msg":"KafkaConsumerTask: 跳过非本服务消息 service=pos subService=market buy token"}
{"time":"2026-06-11T22:01:27.771176+08:00","level":"INFO","service":"reward-api","caller":"app/reward/api/internal/task/kafka.go:93","msg":"KafkaConsumerTask: 收到已扫描交易 service=pos subService=market buy token txID=3Kg4VDtaPXPPveC7EhBHXXtCXG5JVA3CBQqgz9Lkcdo9TzAWMN6qkwbhkDd3yQmmBvxGeeac2Nt3TfQrkdNCVdFY"}
{"time":"2026-06-11T22:01:27.771185+08:00","level":"INFO","service":"reward-api","caller":"app/reward/api/internal/task/kafka.go:101","msg":"KafkaConsumerTask: 跳过非本服务消息 service=pos subService=market buy token"}
{"time":"2026-06-11T22:01:27.77163+08:00","level":"INFO","service":"reward-api","caller":"app/reward/api/internal/task/kafka.go:93","msg":"KafkaConsumerTask: 收到已扫描交易 service=pos subService=market buy token txID=28RXL2CYPu45z9S5BgJM3ZMXQd3abwv1QJjL9YYmBPzdPncSRA9HwFbwBjMTcLqDqzBtTHAphQnDzy2Ds488GiBJ"}
{"time":"2026-06-11T22:01:27.771635+08:00","level":"INFO","service":"reward-api","caller":"app/reward/api/internal/task/kafka.go:101","msg":"KafkaConsumerTask: 跳过非本服务消息 service=pos subService=market buy token"}
{"time":"2026-06-11T22:01:27.772092+08:00","level":"INFO","service":"reward-api","caller":"app/reward/api/internal/task/kafka.go:93","msg":"KafkaConsumerTask: 收到已扫描交易 service=pos subService=market buy token txID=4QRQfbggjtdoeL2nJjaYBDqVBzaRpoBi2Nid56uFBb7NJzmSju8Mym8gh4fKqkrgH38GYEn3QSUMdY3kSQfu5V1r"}
{"time":"2026-06-11T22:01:27.772097+08:00","level":"INFO","service":"reward-api","caller":"app/reward/api/internal/task/kafka.go:101","msg":"KafkaConsumerTask: 跳过非本服务消息 service=pos subService=market buy token"}
{"time":"2026-06-11T22:01:27.77259+08:00","level":"INFO","service":"reward-api","caller":"app/reward/api/internal/task/kafka.go:93","msg":"KafkaConsumerTask: 收到已扫描交易 service=pos subService=market buy token txID=41f7M8YdWrfMz2gM6G9wzvxcWxZruKdQXbHkETTaoFZRi4wTaxtSRicaGvCYGaAEcmeVvWwJA4sRMmrY5gi2uPBV"}
{"time":"2026-06-11T22:01:27.772595+08:00","level":"INFO","service":"reward-api","caller":"app/reward/api/internal/task/kafka.go:101","msg":"KafkaConsumerTask: 跳过非本服务消息 service=pos subService=market buy token"}
{"time":"2026-06-11T22:01:27.773512+08:00","level":"INFO","service":"reward-api","caller":"app/reward/api/internal/task/kafka.go:93","msg":"KafkaConsumerTask: 收到已扫描交易 service=pos subService=market buy token txID=4X6o2w3q7Epfy9XE9Ndhyv4CEsrnPysPh1oQm1X7jZCrdEqYukUMegzKTQJA9NxpeV9N9uagJJWJgsbMT5XYRvEq"}
{"time":"2026-06-11T22:01:27.773523+08:00","level":"INFO","service":"reward-api","caller":"app/reward/api/internal/task/kafka.go:101","msg":"KafkaConsumerTask: 跳过非本服务消息 service=pos subService=market buy token"}
{"time":"2026-06-11T22:01:27.774391+08:00","level":"INFO","service":"reward-api","caller":"app/reward/api/internal/task/kafka.go:93","msg":"KafkaConsumerTask: 收到已扫描交易 service=pos subService=market buy token txID=3ByCwBCvYcae5FNWTG1QR2evsoaVs2aBXH8UmXw2U66ZGyPj8keNTB5youVDayHzbyLTi1HZBx34GQy6hnJbuZLW"}
{"time":"2026-06-11T22:01:27.774416+08:00","level":"INFO","service":"reward-api","caller":"app/reward/api/internal/task/kafka.go:101","msg":"KafkaConsumerTask: 跳过非本服务消息 service=pos subService=market buy token"}
{"time":"2026-06-11T22:01:27.775231+08:00","level":"INFO","service":"reward-api","caller":"app/reward/api/internal/task/kafka.go:93","msg":"KafkaConsumerTask: 收到已扫描交易 service=pos subService=market buy token txID=3wzX6AjavD2catXNmK1p491mxwR7h6QZkdah6dDZdnSDC82J4JEu6ubUG7qtgVdH25MNzdARVVyX78fknkHY3tiR"}
{"time":"2026-06-11T22:01:27.775241+08:00","level":"INFO","service":"reward-api","caller":"app/reward/api/internal/task/kafka.go:101","msg":"KafkaConsumerTask: 跳过非本服务消息 service=pos subService=market buy token"}
{"time":"2026-06-11T22:01:27.77583+08:00","level":"INFO","service":"reward-api","caller":"app/reward/api/internal/task/kafka.go:93","msg":"KafkaConsumerTask: 收到已扫描交易 service=pos subService=market buy token txID=3EpgJdaRvaBF6zc6FnNh2NbNABGBrYnWHErx6yAiLwSJfKPbUau6dpAWmcokwfXk6mts7e7uvu74v9FVfj1XBVYh"}
{"time":"2026-06-11T22:01:27.775839+08:00","level":"INFO","service":"reward-api","caller":"app/reward/api/internal/task/kafka.go:101","msg":"KafkaConsumerTask: 跳过非本服务消息 service=pos subService=market buy token"}
{"time":"2026-06-11T22:01:27.776513+08:00","level":"INFO","service":"reward-api","caller":"app/reward/api/internal/task/kafka.go:93","msg":"KafkaConsumerTask: 收到已扫描交易 service=pos subService=market buy token txID=5UBk4qvh5cqbu2vGf1y1B7jgW4WVDaMgqwzyC9J8jXKfnZibJtA8brRPZsiJW2YDyf3akDAsFALLVqxWTYvoLS8u"}
{"time":"2026-06-11T22:01:27.776518+08:00","level":"INFO","service":"reward-api","caller":"app/reward/api/internal/task/kafka.go:101","msg":"KafkaConsumerTask: 跳过非本服务消息 service=pos subService=market buy token"}
{"time":"2026-06-11T22:01:27.777164+08:00","level":"INFO","service":"reward-api","caller":"app/reward/api/internal/task/kafka.go:93","msg":"KafkaConsumerTask: 收到已扫描交易 service=pos subService=market buy token txID=25HLFsxFkuNr2ppr3e6htk13djjkWwc62Dotnnzr3mzB23UhXWiJsxCHCcENp9M7vYoziaNkBWP9yCGa8upFsLN7"}
{"time":"2026-06-11T22:01:27.77717+08:00","level":"INFO","service":"reward-api","caller":"app/reward/api/internal/task/kafka.go:101","msg":"KafkaConsumerTask: 跳过非本服务消息 service=pos subService=market buy token"}
{"time":"2026-06-11T22:01:27.777898+08:00","level":"INFO","service":"reward-api","caller":"app/reward/api/internal/task/kafka.go:93","msg":"KafkaConsumerTask: 收到已扫描交易 service=pos subService=market buy token txID=32fV4xPp4dj8dCBhPCoTbSYhe3E8vbsME8sMsKWS9ggxESpik2yKmeWKuXafQzEPwvNVqtin3CtdfnErnKuavCH4"}
{"time":"2026-06-11T22:01:27.777904+08:00","level":"INFO","service":"reward-api","caller":"app/reward/api/internal/task/kafka.go:101","msg":"KafkaConsumerTask: 跳过非本服务消息 service=pos subService=market buy token"}
{"time":"2026-06-11T22:01:27.778464+08:00","level":"INFO","service":"reward-api","caller":"app/reward/api/internal/task/kafka.go:93","msg":"KafkaConsumerTask: 收到已扫描交易 service=pos subService=market buy token txID=5goRhrfGNgipevegm86479UdcmPXhwUqKfbFict5pNZEZhATAknU43fNs6RrHUZVqMxZvB7vVwDNQkJdzJzu5gdb"}
{"time":"2026-06-11T22:01:27.778471+08:00","level":"INFO","service":"reward-api","caller":"app/reward/api/internal/task/kafka.go:101","msg":"KafkaConsumerTask: 跳过非本服务消息 service=pos subService=market buy token"}
{"time":"2026-06-11T22:01:27.779009+08:00","level":"INFO","service":"reward-api","caller":"app/reward/api/internal/task/kafka.go:93","msg":"KafkaConsumerTask: 收到已扫描交易 service=pos subService=market buy token txID=4zcz1cfJHfEFqc6JSaBDdUCdmjWDmac8fw3AtU7LkUJQx4cu6Hw2FzeDodVkmZy5PUTz9SGT1duK8KgWPsrz8KD4"}
{"time":"2026-06-11T22:01:27.779016+08:00","level":"INFO","service":"reward-api","caller":"app/reward/api/internal/task/kafka.go:101","msg":"KafkaConsumerTask: 跳过非本服务消息 service=pos subService=market buy token"}
{"time":"2026-06-11T22:01:27.779613+08:00","level":"INFO","service":"reward-api","caller":"app/reward/api/internal/task/kafka.go:93","msg":"KafkaConsumerTask: 收到已扫描交易 service=pos subService=market buy token txID=2H54QMhDycG5njWHrJro7F7R1SCFrVhNDVoYPgtRb5rY6ZvdNjbVAJxiEB1cQBVAupDNDgsuNjXgcLgQ388R9oau"}
{"time":"2026-06-11T22:01:27.779621+08:00","level":"INFO","service":"reward-api","caller":"app/reward/api/internal/task/kafka.go:101","msg":"KafkaConsumerTask: 跳过非本服务消息 service=pos subService=market buy token"}
{"time":"2026-06-11T22:01:27.7804+08:00","level":"INFO","service":"reward-api","caller":"app/reward/api/internal/task/kafka.go:93","msg":"KafkaConsumerTask: 收到已扫描交易 service=pos subService=market buy token txID=2ct7VovRbpPj5j3Y4mY5jN4rwGws7ttcfUqkercK1zG9YqnaEA2pJXuBg9S2UrKWybw6uUPnb96ctzmD6eVsh6b1"}
{"time":"2026-06-11T22:01:27.780412+08:00","level":"INFO","service":"reward-api","caller":"app/reward/api/internal/task/kafka.go:101","msg":"KafkaConsumerTask: 跳过非本服务消息 service=pos subService=market buy token"}
{"time":"2026-06-11T22:01:27.781423+08:00","level":"INFO","service":"reward-api","caller":"app/reward/api/internal/task/kafka.go:93","msg":"KafkaConsumerTask: 收到已扫描交易 service=pos subService=market buy token txID=2Lumg8hqwGkjVfFv8ppMm784pjKz286PZp6DHmqxQZb3grZvZDq5LAz5W5pHtcGmSudBvMKV4h3aZip1XjF7wDZ2"}
{"time":"2026-06-11T22:01:27.781445+08:00","level":"INFO","service":"reward-api","caller":"app/reward/api/internal/task/kafka.go:101","msg":"KafkaConsumerTask: 跳过非本服务消息 service=pos subService=market buy token"}
{"time":"2026-06-11T22:01:27.782273+08:00","level":"INFO","service":"reward-api","caller":"app/reward/api/internal/task/kafka.go:93","msg":"KafkaConsumerTask: 收到已扫描交易 service=pos subService=market buy token txID=2DenXTwETtmrUune5c9LuTsX7H5rk1WRZay8Hopa6dHW3KgFANVuNieX9VMtLswvmkxeJyfLe9ZHpxtTEx1svsQg"}
{"time":"2026-06-11T22:01:27.782285+08:00","level":"INFO","service":"reward-api","caller":"app/reward/api/internal/task/kafka.go:101","msg":"KafkaConsumerTask: 跳过非本服务消息 service=pos subService=market buy token"}
{"time":"2026-06-11T22:01:27.783014+08:00","level":"INFO","service":"reward-api","caller":"app/reward/api/internal/task/kafka.go:93","msg":"KafkaConsumerTask: 收到已扫描交易 service=pos subService=market buy token txID=duR5obqHqfwnNtweK9uAZbiD1MZmnS6dxCT48sSLu5aEnfCVDnHd9NtFEYm6yNG5xKbKEtbYM7gE3dAJZbsiYVG"}
{"time":"2026-06-11T22:01:27.783022+08:00","level":"INFO","service":"reward-api","caller":"app/reward/api/internal/task/kafka.go:101","msg":"KafkaConsumerTask: 跳过非本服务消息 service=pos subService=market buy token"}
{"time":"2026-06-11T22:01:27.783621+08:00","level":"INFO","service":"reward-api","caller":"app/reward/api/internal/task/kafka.go:93","msg":"KafkaConsumerTask: 收到已扫描交易 service=pos subService=market buy token txID=5bd1uiNq3zakDCtGo2tMgiH4SqkZ8evMM7zxGWDsPBZooDvCHMJeUjGMQ5NyzeC2Vj5MECkMVYvfAaV6piBQRfed"}
{"time":"2026-06-11T22:01:27.783632+08:00","level":"INFO","service":"reward-api","caller":"app/reward/api/internal/task/kafka.go:101","msg":"KafkaConsumerTask: 跳过非本服务消息 service=pos subService=market buy token"}
{"time":"2026-06-11T22:01:27.784267+08:00","level":"INFO","service":"reward-api","caller":"app/reward/api/internal/task/kafka.go:93","msg":"KafkaConsumerTask: 收到已扫描交易 service=pos subService=market buy token txID=3xXRJFkp3ZBiM3z498eaxpjbJZvJhJB9EpgzcyoMA9HsXUpZdNhXyCaKCjEUcyKaxxnJppCNxYJNffwDcb6MDfwu"}
{"time":"2026-06-11T22:01:27.784273+08:00","level":"INFO","service":"reward-api","caller":"app/reward/api/internal/task/kafka.go:101","msg":"KafkaConsumerTask: 跳过非本服务消息 service=pos subService=market buy token"}
{"time":"2026-06-11T22:01:27.784965+08:00","level":"INFO","service":"reward-api","caller":"app/reward/api/internal/task/kafka.go:93","msg":"KafkaConsumerTask: 收到已扫描交易 service=pos subService=market buy token txID=S8kFkZBXCHnDkLbeyYaUR7JHwoiafnr3iJ5dSJyGJLBYE6nuggn24Gp9VmxHSkyNyMq8NF13MqHnegNrshvQscd"}
{"time":"2026-06-11T22:01:27.784975+08:00","level":"INFO","service":"reward-api","caller":"app/reward/api/internal/task/kafka.go:101","msg":"KafkaConsumerTask: 跳过非本服务消息 service=pos subService=market buy token"}
{"time":"2026-06-11T22:01:27.785565+08:00","level":"INFO","service":"reward-api","caller":"app/reward/api/internal/task/kafka.go:93","msg":"KafkaConsumerTask: 收到已扫描交易 service=pos subService=market buy token txID=6tkHJXBWHe8Yxh99frFTtYF3cbXnCXLYVxQbvBgAyxMpDYgkwueVqVMDapRGjuAN8VpYiEkar8A86mNjPa6Qbn2"}
{"time":"2026-06-11T22:01:27.785574+08:00","level":"INFO","service":"reward-api","caller":"app/reward/api/internal/task/kafka.go:101","msg":"KafkaConsumerTask: 跳过非本服务消息 service=pos subService=market buy token"}
{"time":"2026-06-11T22:01:27.786244+08:00","level":"INFO","service":"reward-api","caller":"app/reward/api/internal/task/kafka.go:93","msg":"KafkaConsumerTask: 收到已扫描交易 service=pos subService=market buy token txID=3s5xWiPLdjBtBkzSiCmM96wKy9Uvzx6ES4XXkSKkPHHLNBpuDoU2gWYJCMAnxedqPnUF725ajGcQ3iQjNjhcifPS"}
{"time":"2026-06-11T22:01:27.786252+08:00","level":"INFO","service":"reward-api","caller":"app/reward/api/internal/task/kafka.go:101","msg":"KafkaConsumerTask: 跳过非本服务消息 service=pos subService=market buy token"}
{"time":"2026-06-11T22:01:27.786941+08:00","level":"INFO","service":"reward-api","caller":"app/reward/api/internal/task/kafka.go:93","msg":"KafkaConsumerTask: 收到已扫描交易 service=pos subService=market buy token txID=43Do71dBb8XsyAeWA9Hw1s1rgsbJJv3KNMDMiBUTz2JC7ktXEFKJS3b7yBxapTh1td15iRtEYWEcUYw2J4ZndAPT"}
{"time":"2026-06-11T22:01:27.786953+08:00","level":"INFO","service":"reward-api","caller":"app/reward/api/internal/task/kafka.go:101","msg":"KafkaConsumerTask: 跳过非本服务消息 service=pos subService=market buy token"}
{"time":"2026-06-11T22:01:27.787914+08:00","level":"INFO","service":"reward-api","caller":"app/reward/api/internal/task/kafka.go:93","msg":"KafkaConsumerTask: 收到已扫描交易 service=pos subService=market buy token txID=5FQqrLzqNsxjT2YMbLPWaBJcbuqEKUnBMez356AL1phCAbvBMaY7cF81xbDswiAavqxdW3XJn9M7Ur47torx2qzf"}
{"time":"2026-06-11T22:01:27.78793+08:00","level":"INFO","service":"reward-api","caller":"app/reward/api/internal/task/kafka.go:101","msg":"KafkaConsumerTask: 跳过非本服务消息 service=pos subService=market buy token"}
{"time":"2026-06-11T22:01:27.788974+08:00","level":"INFO","service":"reward-api","caller":"app/reward/api/internal/task/kafka.go:93","msg":"KafkaConsumerTask: 收到已扫描交易 service=pos subService=market buy token txID=2QNZthhR8STWEk4LQEg6T3fccmKDH19dEvp9PhaYc7iaPfzX5w4tAcZfPRa2mRBXGByz7aeRezCZMLJcPgx7veqg"}
{"time":"2026-06-11T22:01:27.788989+08:00","level":"INFO","service":"reward-api","caller":"app/reward/api/internal/task/kafka.go:101","msg":"KafkaConsumerTask: 跳过非本服务消息 service=pos subService=market buy token"}
{"time":"2026-06-11T22:01:27.789921+08:00","level":"INFO","service":"reward-api","caller":"app/reward/api/internal/task/kafka.go:93","msg":"KafkaConsumerTask: 收到已扫描交易 service=pos subService=market buy token txID=Sm49S3dyeNBtcw8RqD9enrrUj57GGzweaxGWBi6Stp97nLT8jAS3pP67QrCZmt29HsyET4QP2oNaeYGds8NcwHa"}
{"time":"2026-06-11T22:01:27.789929+08:00","level":"INFO","service":"reward-api","caller":"app/reward/api/internal/task/kafka.go:101","msg":"KafkaConsumerTask: 跳过非本服务消息 service=pos subService=market buy token"}
{"time":"2026-06-11T22:01:27.790551+08:00","level":"INFO","service":"reward-api","caller":"app/reward/api/internal/task/kafka.go:93","msg":"KafkaConsumerTask: 收到已扫描交易 service=pos subService=market buy token txID=UqhkwuLMV3Fx9tsvtULZR6q3gYu6DM9ibtbqmXmZRDcNi83zRV41ySTRn9e1Q5epq5dNRAWpxtmBTTJXMMLHtp6"}
{"time":"2026-06-11T22:01:27.790557+08:00","level":"INFO","service":"reward-api","caller":"app/reward/api/internal/task/kafka.go:101","msg":"KafkaConsumerTask: 跳过非本服务消息 service=pos subService=market buy token"}
{"time":"2026-06-11T22:01:27.791177+08:00","level":"INFO","service":"reward-api","caller":"app/reward/api/internal/task/kafka.go:93","msg":"KafkaConsumerTask: 收到已扫描交易 service=pos subService=market buy token txID=3GNEwmYj9hnzMZ28Y7GgRBWPB3dzyob5a9LTE7Ej3BKXGnwib2cFSpkDbhbDiQ5xQAnidDMfyAdtY8F8voJ17bHQ"}
{"time":"2026-06-11T22:01:27.791187+08:00","level":"INFO","service":"reward-api","caller":"app/reward/api/internal/task/kafka.go:101","msg":"KafkaConsumerTask: 跳过非本服务消息 service=pos subService=market buy token"}
{"time":"2026-06-11T22:01:27.791786+08:00","level":"INFO","service":"reward-api","caller":"app/reward/api/internal/task/kafka.go:93","msg":"KafkaConsumerTask: 收到已扫描交易 service=pos subService=market buy token txID=4BvjmBzyxkPorfFWwxeZA8CmDikQzXoZhYpUXU2kKGKprCCaJ7xzySFAAAi4HwQeyebsbz3hM2B92BjMFCqE9kPh"}
{"time":"2026-06-11T22:01:27.791792+08:00","level":"INFO","service":"reward-api","caller":"app/reward/api/internal/task/kafka.go:101","msg":"KafkaConsumerTask: 跳过非本服务消息 service=pos subService=market buy token"}
{"time":"2026-06-11T22:01:27.79239+08:00","level":"INFO","service":"reward-api","caller":"app/reward/api/internal/task/kafka.go:93","msg":"KafkaConsumerTask: 收到已扫描交易 service=pos subService=market buy token txID=2LSVdqmwP9awR5FhfNKHkARFHgvvni7hEQAaucTpX5pYV7P4k9Nw68Aq6SGcDCaa5hXSpCgxX7FBXx1h5rYLvd4j"}
{"time":"2026-06-11T22:01:27.792405+08:00","level":"INFO","service":"reward-api","caller":"app/reward/api/internal/task/kafka.go:101","msg":"KafkaConsumerTask: 跳过非本服务消息 service=pos subService=market buy token"}
{"time":"2026-06-11T22:01:27.793066+08:00","level":"INFO","service":"reward-api","caller":"app/reward/api/internal/task/kafka.go:93","msg":"KafkaConsumerTask: 收到已扫描交易 service=pos subService=market buy token txID=3B7U6EgGHZAtYc76xwpSTgmCmGeG8JWzu6Sxv4gduGb2cBz332rVXBdo4yVfwMx9kjjWFecv2RZUTDVpa34osbMd"}
{"time":"2026-06-11T22:01:27.793072+08:00","level":"INFO","service":"reward-api","caller":"app/reward/api/internal/task/kafka.go:101","msg":"KafkaConsumerTask: 跳过非本服务消息 service=pos subService=market buy token"}
{"time":"2026-06-11T22:01:27.793651+08:00","level":"INFO","service":"reward-api","caller":"app/reward/api/internal/task/kafka.go:93","msg":"KafkaConsumerTask: 收到已扫描交易 service=pos subService=market buy token txID=WGiLjCBMvhHwLLJPrNK6ureTQUQ2nm9Ekihz7jM9kXqWDEq8vPy5ZBusYGhZQMGdf2DtbxtHc5c3bgXUA7Ama7J"}
{"time":"2026-06-11T22:01:27.793656+08:00","level":"INFO","service":"reward-api","caller":"app/reward/api/internal/task/kafka.go:101","msg":"KafkaConsumerTask: 跳过非本服务消息 service=pos subService=market buy token"}
{"time":"2026-06-11T22:01:27.794395+08:00","level":"INFO","service":"reward-api","caller":"app/reward/api/internal/task/kafka.go:93","msg":"KafkaConsumerTask: 收到已扫描交易 service=pos subService=market buy token txID=4FnRkNSVt3GVtfqf3jKFb92kz3RqvSLNsgBhRTn5PSS92rznSpVKzhVLsQ1e15pyYbZfJXjJDPcnXbhm8BgWEKZ1"}
{"time":"2026-06-11T22:01:27.794404+08:00","level":"INFO","service":"reward-api","caller":"app/reward/api/internal/task/kafka.go:101","msg":"KafkaConsumerTask: 跳过非本服务消息 service=pos subService=market buy token"}
{"time":"2026-06-11T22:01:27.797569+08:00","level":"INFO","service":"reward-api","caller":"app/reward/api/internal/task/kafka.go:93","msg":"KafkaConsumerTask: 收到已扫描交易 service=pos subService=market buy token txID=49BmdKH6K8XM2Gjfm64z7g4dipWqcTwcQVHTqKAT5LJCPer47CDyjwui584cyxkPxhbdShgcaVgnNMxJectfuaWm"}
{"time":"2026-06-11T22:01:27.797583+08:00","level":"INFO","service":"reward-api","caller":"app/reward/api/internal/task/kafka.go:101","msg":"KafkaConsumerTask: 跳过非本服务消息 service=pos subService=market buy token"}
{"time":"2026-06-11T22:01:27.798292+08:00","level":"INFO","service":"reward-api","caller":"app/reward/api/internal/task/kafka.go:93","msg":"KafkaConsumerTask: 收到已扫描交易 service=pos subService=market buy token txID=3HPKN3pxjEc6NDmiEVQQif9Rq37KkTvxz8iBLC1RQEeLFPMdbjDSvomJYrMCckULR9UCSagF28fA9JAbmUYRY7Mx"}
{"time":"2026-06-11T22:01:27.798301+08:00","level":"INFO","service":"reward-api","caller":"app/reward/api/internal/task/kafka.go:101","msg":"KafkaConsumerTask: 跳过非本服务消息 service=pos subService=market buy token"}
{"time":"2026-06-11T22:01:27.80315+08:00","level":"INFO","service":"reward-api","caller":"app/reward/api/internal/task/kafka.go:93","msg":"KafkaConsumerTask: 收到已扫描交易 service=pos subService=market buy token txID=4WyP2bo5MqatmSjAp7BV6Cg3dZs4tVXHbt4vXWnrvQSx1CFgKbRRGY76TMHPbRsAABGRf16rJQxS4izogr45aGNh"}
{"time":"2026-06-11T22:01:27.803174+08:00","level":"INFO","service":"reward-api","caller":"app/reward/api/internal/task/kafka.go:101","msg":"KafkaConsumerTask: 跳过非本服务消息 service=pos subService=market buy token"}
{"time":"2026-06-11T22:01:27.804031+08:00","level":"INFO","service":"reward-api","caller":"app/reward/api/internal/task/kafka.go:93","msg":"KafkaConsumerTask: 收到已扫描交易 service=pos subService=market buy token txID=3hKyHFbxkuHRniKnxSZKnEsjdoHVhz323zoktajS862oNrxAydCiKuumb4qfFi4oHwv9t4d6Y3yZUXjWeDLyACAh"}
{"time":"2026-06-11T22:01:27.804051+08:00","level":"INFO","service":"reward-api","caller":"app/reward/api/internal/task/kafka.go:101","msg":"KafkaConsumerTask: 跳过非本服务消息 service=pos subService=market buy token"}
{"time":"2026-06-11T22:01:27.804961+08:00","level":"INFO","service":"reward-api","caller":"app/reward/api/internal/task/kafka.go:93","msg":"KafkaConsumerTask: 收到已扫描交易 service=pos subService=market buy token txID=3pzb7SCgJqzyx4g9EFtJNe2rZmvADju5LyEE11z4Lm2WqQbjfjaRyj3Z335u6kudGiXETvaGagmEm997uenrZXBX"}
{"time":"2026-06-11T22:01:27.804978+08:00","level":"INFO","service":"reward-api","caller":"app/reward/api/internal/task/kafka.go:101","msg":"KafkaConsumerTask: 跳过非本服务消息 service=pos subService=market buy token"}
{"time":"2026-06-11T22:01:27.80575+08:00","level":"INFO","service":"reward-api","caller":"app/reward/api/internal/task/kafka.go:93","msg":"KafkaConsumerTask: 收到已扫描交易 service=pos subService=market buy token txID=5Y3R9KH2EhHyvKvV1A2PtAF7vYVmu3nzqA714pMJaqcx7a6xf6D2CX777Ud7nfsQFhzu79DjGpxssfroW5xYWKU4"}
{"time":"2026-06-11T22:01:27.805759+08:00","level":"INFO","service":"reward-api","caller":"app/reward/api/internal/task/kafka.go:101","msg":"KafkaConsumerTask: 跳过非本服务消息 service=pos subService=market buy token"}
{"time":"2026-06-11T22:01:27.806487+08:00","level":"INFO","service":"reward-api","caller":"app/reward/api/internal/task/kafka.go:93","msg":"KafkaConsumerTask: 收到已扫描交易 service=pos subService=market buy token txID=4uyyJHhVxyZ3pM7NvN8YgTyYWk7LsCCAHQYWeiRDo5o7mrph3kDA9RhEaqpfbHAZYf7sTAQd51HRmgDPnkXeo6DM"}
{"time":"2026-06-11T22:01:27.806497+08:00","level":"INFO","service":"reward-api","caller":"app/reward/api/internal/task/kafka.go:101","msg":"KafkaConsumerTask: 跳过非本服务消息 service=pos subService=market buy token"}
{"time":"2026-06-11T22:01:27.807204+08:00","level":"INFO","service":"reward-api","caller":"app/reward/api/internal/task/kafka.go:93","msg":"KafkaConsumerTask: 收到已扫描交易 service=pos subService=market buy token txID=5ewNALuYbVLwjDggoFuNRfVV4eAitapCE3UufH4RMEewEEXxfLXhEqx8qfkTXvCEPcb2AdVPA1umkHtXGrVYCqZZ"}
{"time":"2026-06-11T22:01:27.807218+08:00","level":"INFO","service":"reward-api","caller":"app/reward/api/internal/task/kafka.go:101","msg":"KafkaConsumerTask: 跳过非本服务消息 service=pos subService=market buy token"}
{"time":"2026-06-11T22:01:27.808106+08:00","level":"INFO","service":"reward-api","caller":"app/reward/api/internal/task/kafka.go:93","msg":"KafkaConsumerTask: 收到已扫描交易 service=pos subService=market buy token txID=5QJHhyNtnMfVGxoJGCPhW5ac4jNdGK1AU26qAGJbZbvPeEYxjSjMK6Wvm34tZxSmJP8CqD9nzCUGWjoy4CxuML2V"}
{"time":"2026-06-11T22:01:27.808123+08:00","level":"INFO","service":"reward-api","caller":"app/reward/api/internal/task/kafka.go:101","msg":"KafkaConsumerTask: 跳过非本服务消息 service=pos subService=market buy token"}
{"time":"2026-06-11T22:01:27.809061+08:00","level":"INFO","service":"reward-api","caller":"app/reward/api/internal/task/kafka.go:93","msg":"KafkaConsumerTask: 收到已扫描交易 service=pos subService=market buy token txID=3ET9aDDxVfRAGro9iFVcFm7FndLYB4vvS5RoDLpTzwUaAMo4vQxEFvQxhW5S3iSYxHJTHruJcnudMJvbNRiMkPbj"}
{"time":"2026-06-11T22:01:27.809096+08:00","level":"INFO","service":"reward-api","caller":"app/reward/api/internal/task/kafka.go:101","msg":"KafkaConsumerTask: 跳过非本服务消息 service=pos subService=market buy token"}
{"time":"2026-06-11T22:01:27.809912+08:00","level":"INFO","service":"reward-api","caller":"app/reward/api/internal/task/kafka.go:93","msg":"KafkaConsumerTask: 收到已扫描交易 service=pos subService=market buy token txID=5H6DprLtkqDaGAjDpD52sMbP4v941wiuBHZQiMy8EUQnqx1yYxkYbBb8vN4NHFPRaEUcLKtt6CMeXyhULqGT9M2x"}
{"time":"2026-06-11T22:01:27.809924+08:00","level":"INFO","service":"reward-api","caller":"app/reward/api/internal/task/kafka.go:101","msg":"KafkaConsumerTask: 跳过非本服务消息 service=pos subService=market buy token"}
{"time":"2026-06-11T22:01:27.81054+08:00","level":"INFO","service":"reward-api","caller":"app/reward/api/internal/task/kafka.go:93","msg":"KafkaConsumerTask: 收到已扫描交易 service=pos subService=market buy token txID=FC9EidNb8MjX9SoAdgtkmXjb39Wj6pbT8agaxyrn3fxAkgRV5QxYGZGRMUM5YuVCjctcxKrTiiFgJ6F1r14exTk"}
{"time":"2026-06-11T22:01:27.810553+08:00","level":"INFO","service":"reward-api","caller":"app/reward/api/internal/task/kafka.go:101","msg":"KafkaConsumerTask: 跳过非本服务消息 service=pos subService=market buy token"}
{"time":"2026-06-11T22:01:27.811226+08:00","level":"INFO","service":"reward-api","caller":"app/reward/api/internal/task/kafka.go:93","msg":"KafkaConsumerTask: 收到已扫描交易 service=pos subService=market buy token txID=5aJiMwofPxaGvetne6zJK91FwE7KcFAk4J3kTQ84E3ayqG4pfq4s5hYcQ4R2tVB7zgk78XWmphauWZLAyUVnBSNc"}
{"time":"2026-06-11T22:01:27.811237+08:00","level":"INFO","service":"reward-api","caller":"app/reward/api/internal/task/kafka.go:101","msg":"KafkaConsumerTask: 跳过非本服务消息 service=pos subService=market buy token"}
{"time":"2026-06-11T22:01:27.811857+08:00","level":"INFO","service":"reward-api","caller":"app/reward/api/internal/task/kafka.go:93","msg":"KafkaConsumerTask: 收到已扫描交易 service=pos subService=market buy token txID=2DeqV3boj4Svdw6DgVjr1eiQDEub9FsbaBx2gGgThb6Wcqhx9DbHbeACHewYQRSsPvm6m3WoUeBujbFydiYBReyV"}
{"time":"2026-06-11T22:01:27.811871+08:00","level":"INFO","service":"reward-api","caller":"app/reward/api/internal/task/kafka.go:101","msg":"KafkaConsumerTask: 跳过非本服务消息 service=pos subService=market buy token"}
{"time":"2026-06-11T22:01:27.81248+08:00","level":"INFO","service":"reward-api","caller":"app/reward/api/internal/task/kafka.go:93","msg":"KafkaConsumerTask: 收到已扫描交易 service=pos subService=market buy token txID=3wsoJ7XYm6rGzCJ6AmtR9Ardg6LQHoEyqYwi9yfNSnqF3bbSCTrApqF3DSyQ7NmSU8Rk25obqiNtyQccoxQck3We"}
{"time":"2026-06-11T22:01:27.812486+08:00","level":"INFO","service":"reward-api","caller":"app/reward/api/internal/task/kafka.go:101","msg":"KafkaConsumerTask: 跳过非本服务消息 service=pos subService=market buy token"}
{"time":"2026-06-11T22:01:27.813091+08:00","level":"INFO","service":"reward-api","caller":"app/reward/api/internal/task/kafka.go:93","msg":"KafkaConsumerTask: 收到已扫描交易 service=pos subService=market buy token txID=4aL6xAu9KaDkYrc79hsXubwiTQNKUmmNeL1gniquZ58EW31cKLHweTriKoacLj1z7jCxj6tvZomNJGy3WYWydaDh"}
{"time":"2026-06-11T22:01:27.813103+08:00","level":"INFO","service":"reward-api","caller":"app/reward/api/internal/task/kafka.go:101","msg":"KafkaConsumerTask: 跳过非本服务消息 service=pos subService=market buy token"}
{"time":"2026-06-11T22:01:27.813725+08:00","level":"INFO","service":"reward-api","caller":"app/reward/api/internal/task/kafka.go:93","msg":"KafkaConsumerTask: 收到已扫描交易 service=pos subService=market buy token txID=4GxyTfrXpwHCYwLoCgxMbU25FwAPffgExL3KsA3CbmGMY11SKF19Nkxwjjf5NwNjqmWZRUvopacPqko3E42RoGiP"}
{"time":"2026-06-11T22:01:27.813741+08:00","level":"INFO","service":"reward-api","caller":"app/reward/api/internal/task/kafka.go:101","msg":"KafkaConsumerTask: 跳过非本服务消息 service=pos subService=market buy token"}
{"time":"2026-06-11T22:01:27.814522+08:00","level":"INFO","service":"reward-api","caller":"app/reward/api/internal/task/kafka.go:93","msg":"KafkaConsumerTask: 收到已扫描交易 service=pos subService=market buy token txID=4hnR6KFM9aTPJJiDEjbzAmdSxwvsko9G9DxXMeLACexK7vP9u4RPrgZDt4XR8RzSpJwY9nRWwmvn4L2zGu5SKFSD"}
{"time":"2026-06-11T22:01:27.81453+08:00","level":"INFO","service":"reward-api","caller":"app/reward/api/internal/task/kafka.go:101","msg":"KafkaConsumerTask: 跳过非本服务消息 service=pos subService=market buy token"}
{"time":"2026-06-11T22:01:27.815167+08:00","level":"INFO","service":"reward-api","caller":"app/reward/api/internal/task/kafka.go:93","msg":"KafkaConsumerTask: 收到已扫描交易 service=pos subService=market buy token txID=3257qiKYhiCsYqpZ2bRE29KovxVNSkSBSiHeGKPU4awEqLkn87m3nAWCgRa1PDr9HGtSaG54e2xEHD2h1nuaDiaV"}
{"time":"2026-06-11T22:01:27.815183+08:00","level":"INFO","service":"reward-api","caller":"app/reward/api/internal/task/kafka.go:101","msg":"KafkaConsumerTask: 跳过非本服务消息 service=pos subService=market buy token"}
{"time":"2026-06-11T22:01:27.816084+08:00","level":"INFO","service":"reward-api","caller":"app/reward/api/internal/task/kafka.go:93","msg":"KafkaConsumerTask: 收到已扫描交易 service=pos subService=market buy token txID=4DX7tf5m1kG6aQqZ1bNCMusLfrAL62FWgg4VB3oJhFinUFHi64KfZ2nDBX1cB7yQurqrvthcYeKLitkoBFEfYwab"}
{"time":"2026-06-11T22:01:27.816099+08:00","level":"INFO","service":"reward-api","caller":"app/reward/api/internal/task/kafka.go:101","msg":"KafkaConsumerTask: 跳过非本服务消息 service=pos subService=market buy token"}
{"time":"2026-06-11T22:01:27.8172+08:00","level":"INFO","service":"reward-api","caller":"app/reward/api/internal/task/kafka.go:93","msg":"KafkaConsumerTask: 收到已扫描交易 service=pos subService=market buy token txID=3Fvwb6NR7N6Bfv7xTdoi2Vg8Hhmov3MXcYuCCrTYz94PTseE7jE9VaZaN7zphpJzhaSJieXZBnaNBSstcpx8avFx"}
{"time":"2026-06-11T22:01:27.817209+08:00","level":"INFO","service":"reward-api","caller":"app/reward/api/internal/task/kafka.go:101","msg":"KafkaConsumerTask: 跳过非本服务消息 service=pos subService=market buy token"}
{"time":"2026-06-11T22:01:27.817825+08:00","level":"INFO","service":"reward-api","caller":"app/reward/api/internal/task/kafka.go:93","msg":"KafkaConsumerTask: 收到已扫描交易 service=pos subService=market buy token txID=2C7Fb1fCHhhP5Tprr8BZJbySgjoZk6Mz9LoFk663v9Ab5C6oVwWCEryjTd6bHWLKpjM2mvXg12NfWwGdbkv5wBES"}
{"time":"2026-06-11T22:01:27.817833+08:00","level":"INFO","service":"reward-api","caller":"app/reward/api/internal/task/kafka.go:101","msg":"KafkaConsumerTask: 跳过非本服务消息 service=pos subService=market buy token"}
{"time":"2026-06-11T22:01:27.818543+08:00","level":"INFO","service":"reward-api","caller":"app/reward/api/internal/task/kafka.go:93","msg":"KafkaConsumerTask: 收到已扫描交易 service=pos subService=market buy token txID=5hAVXx96u4xBkQ9ga1nfiidcMFXFQpgTaV8hrYKCTJDGMNug4sUSNX6uXpxx6dqB1eAKqnCeHULNJcToAQDsKrVc"}
{"time":"2026-06-11T22:01:27.81855+08:00","level":"INFO","service":"reward-api","caller":"app/reward/api/internal/task/kafka.go:101","msg":"KafkaConsumerTask: 跳过非本服务消息 service=pos subService=market buy token"}
{"time":"2026-06-11T22:01:27.819163+08:00","level":"INFO","service":"reward-api","caller":"app/reward/api/internal/task/kafka.go:93","msg":"KafkaConsumerTask: 收到已扫描交易 service=pos subService=market buy token txID=HPKQfqDSh89CChyokkXC6grVXgdy2PCp5UNDuMQbMXJQABpDLx5kENvqTC9Z28PRWuykfLBDFuM7bgfofjebpmT"}
{"time":"2026-06-11T22:01:27.819177+08:00","level":"INFO","service":"reward-api","caller":"app/reward/api/internal/task/kafka.go:101","msg":"KafkaConsumerTask: 跳过非本服务消息 service=pos subService=market buy token"}
{"time":"2026-06-11T22:01:27.819808+08:00","level":"INFO","service":"reward-api","caller":"app/reward/api/internal/task/kafka.go:93","msg":"KafkaConsumerTask: 收到已扫描交易 service=pos subService=market buy token txID=4TuQQW1RsLuZFf8jkuyq9pyJoS8VBrbnNr2WryKpTpnHSRZRAntkcr2ZcNXP2ATG6vMNWepPbYeE6U96c59osXfB"}
{"time":"2026-06-11T22:01:27.819816+08:00","level":"INFO","service":"reward-api","caller":"app/reward/api/internal/task/kafka.go:101","msg":"KafkaConsumerTask: 跳过非本服务消息 service=pos subService=market buy token"}
{"time":"2026-06-11T22:01:27.820847+08:00","level":"INFO","service":"reward-api","caller":"app/reward/api/internal/task/kafka.go:93","msg":"KafkaConsumerTask: 收到已扫描交易 service=pos subService=market buy token txID=3MXneXET4A3rGrSLdsc9RrZDGHFWwm2mAp4ktfeVkSQEEhwTkysR5tdJHDFBZZMuWtF4xQFTdt4Muo25AV8HhdHr"}
{"time":"2026-06-11T22:01:27.820858+08:00","level":"INFO","service":"reward-api","caller":"app/reward/api/internal/task/kafka.go:101","msg":"KafkaConsumerTask: 跳过非本服务消息 service=pos subService=market buy token"}
{"time":"2026-06-11T22:01:27.821519+08:00","level":"INFO","service":"reward-api","caller":"app/reward/api/internal/task/kafka.go:93","msg":"KafkaConsumerTask: 收到已扫描交易 service=pos subService=market buy token txID=2kWa7VveMXC2dqx6QTXJ7vaXABzo6xaGXDqCMoK51kkkZZVbUKTRbNcBokg4nVy9HNuvzaRUnP6ExLeGL3G7mfY6"}
{"time":"2026-06-11T22:01:27.821527+08:00","level":"INFO","service":"reward-api","caller":"app/reward/api/internal/task/kafka.go:101","msg":"KafkaConsumerTask: 跳过非本服务消息 service=pos subService=market buy token"}
{"time":"2026-06-11T22:01:27.822299+08:00","level":"INFO","service":"reward-api","caller":"app/reward/api/internal/task/kafka.go:93","msg":"KafkaConsumerTask: 收到已扫描交易 service=pos subService=market buy token txID=4ATS8Xe36G98j7YhcG4H66FpBasvor3xR4Uin4Wmgg8GN6pm76PpgFPARhWvbN87fxq3XMzAQHqVz7uj87dBEBsi"}
{"time":"2026-06-11T22:01:27.822317+08:00","level":"INFO","service":"reward-api","caller":"app/reward/api/internal/task/kafka.go:101","msg":"KafkaConsumerTask: 跳过非本服务消息 service=pos subService=market buy token"}
{"time":"2026-06-11T22:01:27.823383+08:00","level":"INFO","service":"reward-api","caller":"app/reward/api/internal/task/kafka.go:93","msg":"KafkaConsumerTask: 收到已扫描交易 service=pos subService=market buy token txID=531xpaRURkum7XgPGGQqMTjq646VqZ6AsMJcL9JUevphUmLmWpP7UwoVAz2EStKJQEVEDpD9nCnsmypHV5VQ8KeQ"}
{"time":"2026-06-11T22:01:27.823398+08:00","level":"INFO","service":"reward-api","caller":"app/reward/api/internal/task/kafka.go:101","msg":"KafkaConsumerTask: 跳过非本服务消息 service=pos subService=market buy token"}
{"time":"2026-06-11T22:01:27.824298+08:00","level":"INFO","service":"reward-api","caller":"app/reward/api/internal/task/kafka.go:93","msg":"KafkaConsumerTask: 收到已扫描交易 service=pos subService=market buy token txID=4pDjccjT9bvCo97L3qYL5JEw86nbKjjXgSWLC1RoFPoASeXwAeZgUEC77iQqmkqraczYdkTQ2Www3V2Ner18B3gj"}
{"time":"2026-06-11T22:01:27.824316+08:00","level":"INFO","service":"reward-api","caller":"app/reward/api/internal/task/kafka.go:101","msg":"KafkaConsumerTask: 跳过非本服务消息 service=pos subService=market buy token"}
{"time":"2026-06-11T22:01:27.825567+08:00","level":"INFO","service":"reward-api","caller":"app/reward/api/internal/task/kafka.go:93","msg":"KafkaConsumerTask: 收到已扫描交易 service=pos subService=market buy token txID=42iDfB2w3pdKUqJx73aigXx9UYGevTa12ZdwNRmnWKuxm5FhYjafU5SgzqHrm2AufQ8BPWj77vyHqurSpdakfJDh"}
{"time":"2026-06-11T22:01:27.825592+08:00","level":"INFO","service":"reward-api","caller":"app/reward/api/internal/task/kafka.go:101","msg":"KafkaConsumerTask: 跳过非本服务消息 service=pos subService=market buy token"}
{"time":"2026-06-11T22:01:27.826388+08:00","level":"INFO","service":"reward-api","caller":"app/reward/api/internal/task/kafka.go:93","msg":"KafkaConsumerTask: 收到已扫描交易 service=pos subService=market buy token txID=LmuuurzVZQrhxzkanNEjQqqdGBFwbUhjDHUJNnVNMYaA42T8yRcPe3mRQ16735SQbPwnPa8B3wsEFF2PfA6vrZq"}
{"time":"2026-06-11T22:01:27.826397+08:00","level":"INFO","service":"reward-api","caller":"app/reward/api/internal/task/kafka.go:101","msg":"KafkaConsumerTask: 跳过非本服务消息 service=pos subService=market buy token"}
{"time":"2026-06-11T22:01:27.827139+08:00","level":"INFO","service":"reward-api","caller":"app/reward/api/internal/task/kafka.go:93","msg":"KafkaConsumerTask: 收到已扫描交易 service=pos subService=market buy token txID=5pxye1hSPmEqXozWBnyW4HWQtNsLhAoRUnQVkGgnz3H1GiPFSh3qVDT5nXvtNC8kmz7xtHdWBy2mGsYMTENDqxHG"}
{"time":"2026-06-11T22:01:27.827154+08:00","level":"INFO","service":"reward-api","caller":"app/reward/api/internal/task/kafka.go:101","msg":"KafkaConsumerTask: 跳过非本服务消息 service=pos subService=market buy token"}
{"time":"2026-06-11T22:01:27.831505+08:00","level":"INFO","service":"reward-api","caller":"app/reward/api/internal/task/kafka.go:93","msg":"KafkaConsumerTask: 收到已扫描交易 service=pos subService=market buy token txID=4Cswj2ZDunqrLbiNYqgZHK4u7hmDrT6mcDgBJh64f36PmG5KdZY3hxNw52HSgM5zxesJCENRSCi1N9B2r2ESvoHw"}
{"time":"2026-06-11T22:01:27.831535+08:00","level":"INFO","service":"reward-api","caller":"app/reward/api/internal/task/kafka.go:101","msg":"KafkaConsumerTask: 跳过非本服务消息 service=pos subService=market buy token"}
{"time":"2026-06-11T22:01:27.832518+08:00","level":"INFO","service":"reward-api","caller":"app/reward/api/internal/task/kafka.go:93","msg":"KafkaConsumerTask: 收到已扫描交易 service=pos subService=market buy token txID=2WFU9skvaFf8oMLvorajuo568Sqxx6WciXn9qEGgrbexpCmdQJUnx7c8weNVT9UioRqiypxHr3jQ5nVQyCMwLH6N"}
{"time":"2026-06-11T22:01:27.832527+08:00","level":"INFO","service":"reward-api","caller":"app/reward/api/internal/task/kafka.go:101","msg":"KafkaConsumerTask: 跳过非本服务消息 service=pos subService=market buy token"}
{"time":"2026-06-11T22:01:27.833104+08:00","level":"INFO","service":"reward-api","caller":"app/reward/api/internal/task/kafka.go:93","msg":"KafkaConsumerTask: 收到已扫描交易 service=pos subService=market buy token txID=53zBwCCfm7BdjaaLfo7iM1U987uAjeLCNK8RgvW1kxLpEeZvUKwnvAgjhhDLh4nAMC58KaFqutxFRPXbau2iHZ2Z"}
{"time":"2026-06-11T22:01:27.833112+08:00","level":"INFO","service":"reward-api","caller":"app/reward/api/internal/task/kafka.go:101","msg":"KafkaConsumerTask: 跳过非本服务消息 service=pos subService=market buy token"}
{"time":"2026-06-11T22:01:27.833659+08:00","level":"INFO","service":"reward-api","caller":"app/reward/api/internal/task/kafka.go:93","msg":"KafkaConsumerTask: 收到已扫描交易 service=pos subService=market buy token txID=4Xo57FaKQyEFNubHDfsZXm9NmEAKLicm1HFEyBAsz4UjTGjcpBEy2iZPppwNh1gFroxhpXBnGoahAQf7Xn8QJmAF"}
{"time":"2026-06-11T22:01:27.833666+08:00","level":"INFO","service":"reward-api","caller":"app/reward/api/internal/task/kafka.go:101","msg":"KafkaConsumerTask: 跳过非本服务消息 service=pos subService=market buy token"}
{"time":"2026-06-11T22:01:27.834292+08:00","level":"INFO","service":"reward-api","caller":"app/reward/api/internal/task/kafka.go:93","msg":"KafkaConsumerTask: 收到已扫描交易 service=pos subService=market buy token txID=2guPbHvTey8SStNPNoZKrkyRUspvmcASAccjcoKk6i9LQb6ngC2n8aMVJDKRvWfmmtxSwDaHDdzFhGpCNQaaNAj1"}
{"time":"2026-06-11T22:01:27.834298+08:00","level":"INFO","service":"reward-api","caller":"app/reward/api/internal/task/kafka.go:101","msg":"KafkaConsumerTask: 跳过非本服务消息 service=pos subService=market buy token"}
{"time":"2026-06-11T22:01:27.834841+08:00","level":"INFO","service":"reward-api","caller":"app/reward/api/internal/task/kafka.go:93","msg":"KafkaConsumerTask: 收到已扫描交易 service=pos subService=market buy token txID=4ZWzoVxKnFvBSYTGEkeiY2h1H2sBiNTmxa22tQkW7T5zWeZdRJBD3jNvMHddV3ybf7hTdSVvcAhLzfJrUygoihFT"}
{"time":"2026-06-11T22:01:27.834846+08:00","level":"INFO","service":"reward-api","caller":"app/reward/api/internal/task/kafka.go:101","msg":"KafkaConsumerTask: 跳过非本服务消息 service=pos subService=market buy token"}
{"time":"2026-06-11T22:01:27.835432+08:00","level":"INFO","service":"reward-api","caller":"app/reward/api/internal/task/kafka.go:93","msg":"KafkaConsumerTask: 收到已扫描交易 service=pos subService=market buy token txID=37FEE1ZvqrPBYpkkkdL49569Sv2X2if9QDDyKf961q9jSc8voQSuJGeD3ZiiHMMKCbat3GX8nu3tWceRriVMczca"}
{"time":"2026-06-11T22:01:27.835438+08:00","level":"INFO","service":"reward-api","caller":"app/reward/api/internal/task/kafka.go:101","msg":"KafkaConsumerTask: 跳过非本服务消息 service=pos subService=market buy token"}
{"time":"2026-06-11T22:01:27.83604+08:00","level":"INFO","service":"reward-api","caller":"app/reward/api/internal/task/kafka.go:93","msg":"KafkaConsumerTask: 收到已扫描交易 service=pos subService=market buy token txID=5UrA7oSa7Yeg55N5eAyMihpmW1dJbHTjsD1ok9Caoi2msDjg9RBSS7R3fHmwk6HrWTkAmzLjXiHBwwd1opTcWxaV"}
{"time":"2026-06-11T22:01:27.836052+08:00","level":"INFO","service":"reward-api","caller":"app/reward/api/internal/task/kafka.go:101","msg":"KafkaConsumerTask: 跳过非本服务消息 service=pos subService=market buy token"}
{"time":"2026-06-11T22:01:27.836776+08:00","level":"INFO","service":"reward-api","caller":"app/reward/api/internal/task/kafka.go:93","msg":"KafkaConsumerTask: 收到已扫描交易 service=pos subService=market buy token txID=4E9L9fo8xPJ4yZz8qTivLxXEwPN9X9c8ThG9pNs2tDuZurMSonwpB1XtSNuDkmtn23bKWk2SRGF5hVai168WjAkC"}
{"time":"2026-06-11T22:01:27.836789+08:00","level":"INFO","service":"reward-api","caller":"app/reward/api/internal/task/kafka.go:101","msg":"KafkaConsumerTask: 跳过非本服务消息 service=pos subService=market buy token"}
{"time":"2026-06-11T22:01:27.837916+08:00","level":"INFO","service":"reward-api","caller":"app/reward/api/internal/task/kafka.go:93","msg":"KafkaConsumerTask: 收到已扫描交易 service=pos subService=market buy token txID=36ocLrWKUwUWGP9yNMJ4btkbnfVVgKZU4kVdH1Jco5hYdWMXi64KxDLUijpGMerBG1H3QGRPPzKXiXnDQm5oVsN2"}
{"time":"2026-06-11T22:01:27.837942+08:00","level":"INFO","service":"reward-api","caller":"app/reward/api/internal/task/kafka.go:101","msg":"KafkaConsumerTask: 跳过非本服务消息 service=pos subService=market buy token"}
{"time":"2026-06-11T22:01:27.838817+08:00","level":"INFO","service":"reward-api","caller":"app/reward/api/internal/task/kafka.go:93","msg":"KafkaConsumerTask: 收到已扫描交易 service=pos subService=market buy token txID=3p1Px5uB6ZkQqMNRrSyXSPrWMxSHcNvGUgYX34V2xib3rV8KJbYxYxoGF5hiWdDmpLHU7R9yS7LdBFM2UdnNboQR"}
{"time":"2026-06-11T22:01:27.838835+08:00","level":"INFO","service":"reward-api","caller":"app/reward/api/internal/task/kafka.go:101","msg":"KafkaConsumerTask: 跳过非本服务消息 service=pos subService=market buy token"}
{"time":"2026-06-11T22:01:27.839463+08:00","level":"INFO","service":"reward-api","caller":"app/reward/api/internal/task/kafka.go:93","msg":"KafkaConsumerTask: 收到已扫描交易 service=pos subService=market buy token txID=SomwsAQAnegqG6fDwaZUZFyc9PXyiZruFeeNRDA4gEzPjyZeWFApaxXrazMCkxMRGsEKdwhWJJKiWshrgZnNKrL"}
{"time":"2026-06-11T22:01:27.83947+08:00","level":"INFO","service":"reward-api","caller":"app/reward/api/internal/task/kafka.go:101","msg":"KafkaConsumerTask: 跳过非本服务消息 service=pos subService=market buy token"}
{"time":"2026-06-11T22:01:27.84009+08:00","level":"INFO","service":"reward-api","caller":"app/reward/api/internal/task/kafka.go:93","msg":"KafkaConsumerTask: 收到已扫描交易 service=pos subService=market buy token txID=2oicWQc5uhJLJgPncBDw5C8pjiDZzJTMDwzFEyu1rNNvSej1jNGZwiR7TjUkNdsn4FCBThokgeDnrQTWhH6hequY"}
{"time":"2026-06-11T22:01:27.840096+08:00","level":"INFO","service":"reward-api","caller":"app/reward/api/internal/task/kafka.go:101","msg":"KafkaConsumerTask: 跳过非本服务消息 service=pos subService=market buy token"}
{"time":"2026-06-11T22:01:27.840637+08:00","level":"INFO","service":"reward-api","caller":"app/reward/api/internal/task/kafka.go:93","msg":"KafkaConsumerTask: 收到已扫描交易 service=pos subService=market buy token txID=nhQMV4GkkpHKY6R6SSfskUzXvFHEkWRLBKoSpyNFDi5sRkMFoJJtvSFJU8Q9EBJ5YcX8UT4vZsVR98HLCeWvfdA"}
{"time":"2026-06-11T22:01:27.840646+08:00","level":"INFO","service":"reward-api","caller":"app/reward/api/internal/task/kafka.go:101","msg":"KafkaConsumerTask: 跳过非本服务消息 service=pos subService=market buy token"}
{"time":"2026-06-11T22:01:27.841223+08:00","level":"INFO","service":"reward-api","caller":"app/reward/api/internal/task/kafka.go:93","msg":"KafkaConsumerTask: 收到已扫描交易 service=pos subService=market buy token txID=2KTGeD85WUrUu6qLNuUG7Y127HNyXfXJt1bcA8o7pGZL8oVfuN683mPHKm51qgGcMJaPVuLeGGyvH29hLs5uUpie"}
{"time":"2026-06-11T22:01:27.841234+08:00","level":"INFO","service":"reward-api","caller":"app/reward/api/internal/task/kafka.go:101","msg":"KafkaConsumerTask: 跳过非本服务消息 service=pos subService=market buy token"}
{"time":"2026-06-11T22:01:27.841756+08:00","level":"INFO","service":"reward-api","caller":"app/reward/api/internal/task/kafka.go:93","msg":"KafkaConsumerTask: 收到已扫描交易 service=pos subService=market buy token txID=qMK7ghkpoUqNQYZ3eLqAT5jwZMS86LRdDKhM4Leo93GgFubhDYr57jBUTx1AxZzfgTK3RZdEBZnRLkr7Rhx878H"}
{"time":"2026-06-11T22:01:27.841763+08:00","level":"INFO","service":"reward-api","caller":"app/reward/api/internal/task/kafka.go:101","msg":"KafkaConsumerTask: 跳过非本服务消息 service=pos subService=market buy token"}
{"time":"2026-06-11T22:01:27.842308+08:00","level":"INFO","service":"reward-api","caller":"app/reward/api/internal/task/kafka.go:93","msg":"KafkaConsumerTask: 收到已扫描交易 service=pos subService=market buy token txID=2rNkwpM9LLoQCerqfxSoDiSYhEBBxaP35ttQZttehM2JciyxUatzRkpydz2GKueaVDYYWW2hFM8p1vBnDdU7dkr4"}
{"time":"2026-06-11T22:01:27.842317+08:00","level":"INFO","service":"reward-api","caller":"app/reward/api/internal/task/kafka.go:101","msg":"KafkaConsumerTask: 跳过非本服务消息 service=pos subService=market buy token"}
{"time":"2026-06-11T22:01:27.842856+08:00","level":"INFO","service":"reward-api","caller":"app/reward/api/internal/task/kafka.go:93","msg":"KafkaConsumerTask: 收到已扫描交易 service=pos subService=market buy token txID=4M2fdVr6NNYgBXfjoZzHx7zNqNk4pijGSzzs2YyksSv5yX55HLxBHeU5G4RP9pVzL9zyFWXLwSevWQd3ic8cJHFe"}
{"time":"2026-06-11T22:01:27.842865+08:00","level":"INFO","service":"reward-api","caller":"app/reward/api/internal/task/kafka.go:101","msg":"KafkaConsumerTask: 跳过非本服务消息 service=pos subService=market buy token"}
{"time":"2026-06-11T22:01:27.843411+08:00","level":"INFO","service":"reward-api","caller":"app/reward/api/internal/task/kafka.go:93","msg":"KafkaConsumerTask: 收到已扫描交易 service=pos subService=market buy token txID=2K1VP1z8Fdry43KR8BoQSSYznyidT4mGqFakXJGkpsLwy1FBVA9GY2ST37NetRPG7TBSswSR7gcJ4EeCexBJ5dST"}
{"time":"2026-06-11T22:01:27.843418+08:00","level":"INFO","service":"reward-api","caller":"app/reward/api/internal/task/kafka.go:101","msg":"KafkaConsumerTask: 跳过非本服务消息 service=pos subService=market buy token"}
{"time":"2026-06-11T22:01:27.844667+08:00","level":"INFO","service":"reward-api","caller":"app/reward/api/internal/task/kafka.go:93","msg":"KafkaConsumerTask: 收到已扫描交易 service=pos subService=market buy token txID=49GmTJNeHLZMpcvWNDTtZadzjGSAoDWwVNyqoR1oCCXQgiMmx5JzNfbCg3QoTgXAohxCfbJRsuJabhanDsnHh1Ey"}
{"time":"2026-06-11T22:01:27.844679+08:00","level":"INFO","service":"reward-api","caller":"app/reward/api/internal/task/kafka.go:101","msg":"KafkaConsumerTask: 跳过非本服务消息 service=pos subService=market buy token"}
{"time":"2026-06-11T22:01:27.845587+08:00","level":"INFO","service":"reward-api","caller":"app/reward/api/internal/task/kafka.go:93","msg":"KafkaConsumerTask: 收到已扫描交易 service=pos subService=market buy token txID=584jE3FfUJx2qp1gFjFEEXMnCiuQLrCuGtnUHAzNKPTwowHbEDC3AQULL7byU3iK6t6xTSGR1C6cy3XSQQJs3bTD"}
{"time":"2026-06-11T22:01:27.845609+08:00","level":"INFO","service":"reward-api","caller":"app/reward/api/internal/task/kafka.go:101","msg":"KafkaConsumerTask: 跳过非本服务消息 service=pos subService=market buy token"}
{"time":"2026-06-11T22:01:27.846295+08:00","level":"INFO","service":"reward-api","caller":"app/reward/api/internal/task/kafka.go:93","msg":"KafkaConsumerTask: 收到已扫描交易 service=pos subService=market buy token txID=4QJEgkcrNxAhD2Nc9cnjz3nrxFWmFnUYRW2cVvxeVEmnqUpPvxLXK8qCzYqFWUS6o6faCUtXz1SSLEUoyCjvS6r3"}
{"time":"2026-06-11T22:01:27.846305+08:00","level":"INFO","service":"reward-api","caller":"app/reward/api/internal/task/kafka.go:101","msg":"KafkaConsumerTask: 跳过非本服务消息 service=pos subService=market buy token"}
{"time":"2026-06-11T22:01:27.846913+08:00","level":"INFO","service":"reward-api","caller":"app/reward/api/internal/task/kafka.go:93","msg":"KafkaConsumerTask: 收到已扫描交易 service=pos subService=market buy token txID=3xmdp7s3GsDHuGaukmQAMCR1kBGKNvuJH47S6ngEhc5MoguoAANBpuv4S19ARNeA3qfdQ9fnmqh1dTVfeAs71HVA"}
{"time":"2026-06-11T22:01:27.846921+08:00","level":"INFO","service":"reward-api","caller":"app/reward/api/internal/task/kafka.go:101","msg":"KafkaConsumerTask: 跳过非本服务消息 service=pos subService=market buy token"}
{"time":"2026-06-11T22:01:27.847552+08:00","level":"INFO","service":"reward-api","caller":"app/reward/api/internal/task/kafka.go:93","msg":"KafkaConsumerTask: 收到已扫描交易 service=pos subService=market buy token txID=LVsM9qhvX7gyHC5zg1otc2i3kWiMRXSdbf1mc3AZ6xd4f6wkng7wRZdr35mLLwtbnUAYnS1U2ph7YZvv165UDvz"}
{"time":"2026-06-11T22:01:27.847558+08:00","level":"INFO","service":"reward-api","caller":"app/reward/api/internal/task/kafka.go:101","msg":"KafkaConsumerTask: 跳过非本服务消息 service=pos subService=market buy token"}
{"time":"2026-06-11T22:01:27.848166+08:00","level":"INFO","service":"reward-api","caller":"app/reward/api/internal/task/kafka.go:93","msg":"KafkaConsumerTask: 收到已扫描交易 service=pos subService=market buy token txID=3cntMyhGtqo4s5G6ruebyoZHVx5BvMs9dSoLM46fjPQdamFuAXtVFcV27ETKReaR3NYSt8vXnxKxcGsA3qXUW1zh"}
{"time":"2026-06-11T22:01:27.848171+08:00","level":"INFO","service":"reward-api","caller":"app/reward/api/internal/task/kafka.go:101","msg":"KafkaConsumerTask: 跳过非本服务消息 service=pos subService=market buy token"}
{"time":"2026-06-11T22:01:27.848713+08:00","level":"INFO","service":"reward-api","caller":"app/reward/api/internal/task/kafka.go:93","msg":"KafkaConsumerTask: 收到已扫描交易 service=pos subService=market buy token txID=2fBBj5FTj179bwvWN2w2xtGMVxsQRPae1b4rKXQDegjoqgWpccSJLcKUMTdLTBh58dP15Ji7DSKhoC7xzsnN8YEk"}
{"time":"2026-06-11T22:01:27.848718+08:00","level":"INFO","service":"reward-api","caller":"app/reward/api/internal/task/kafka.go:101","msg":"KafkaConsumerTask: 跳过非本服务消息 service=pos subService=market buy token"}
{"time":"2026-06-11T22:01:27.849311+08:00","level":"INFO","service":"reward-api","caller":"app/reward/api/internal/task/kafka.go:93","msg":"KafkaConsumerTask: 收到已扫描交易 service=pos subService=market buy token txID=3hXumR7evTxqSA32A89mC6xrcgz5MwwsbTWUzAnenxeAHRSdNQbw9uuYRY5DQ5WhFuGzRvCAztQgc7rgXmN6MH1s"}
{"time":"2026-06-11T22:01:27.849321+08:00","level":"INFO","service":"reward-api","caller":"app/reward/api/internal/task/kafka.go:101","msg":"KafkaConsumerTask: 跳过非本服务消息 service=pos subService=market buy token"}
{"time":"2026-06-11T22:01:27.849872+08:00","level":"INFO","service":"reward-api","caller":"app/reward/api/internal/task/kafka.go:93","msg":"KafkaConsumerTask: 收到已扫描交易 service=pos subService=market buy token txID=2crS3phSpN9WqtCh2TyAC8ytPCjtbpiFYgFAXqkUj8FbKiqGe8ZRhhFKqLd1GsKndSUuisdfnCEMsWPSH2Zj8zgu"}
{"time":"2026-06-11T22:01:27.849878+08:00","level":"INFO","service":"reward-api","caller":"app/reward/api/internal/task/kafka.go:101","msg":"KafkaConsumerTask: 跳过非本服务消息 service=pos subService=market buy token"}
{"time":"2026-06-11T22:01:27.850876+08:00","level":"INFO","service":"reward-api","caller":"app/reward/api/internal/task/kafka.go:93","msg":"KafkaConsumerTask: 收到已扫描交易 service=pos subService=market buy token txID=2UsqcXhXL2EQqtNeM5StJ2h4KLUp5zL3TNYxo81YoefmztiT6NQHUs7UBxAgXM1zzGZ3fQawoFtSZJaLV9DR2jNu"}
{"time":"2026-06-11T22:01:27.850885+08:00","level":"INFO","service":"reward-api","caller":"app/reward/api/internal/task/kafka.go:101","msg":"KafkaConsumerTask: 跳过非本服务消息 service=pos subService=market buy token"}
{"time":"2026-06-11T22:01:27.852041+08:00","level":"INFO","service":"reward-api","caller":"app/reward/api/internal/task/kafka.go:93","msg":"KafkaConsumerTask: 收到已扫描交易 service=pos subService=market buy token txID=4VoY9GjqmtYRZg5z5pak4oeHGY42TxnSBG1WoTxyEH74AK3xssncALCbkdZHHScqNGvP3TN4djhWpSxqsai68QGT"}
{"time":"2026-06-11T22:01:27.852066+08:00","level":"INFO","service":"reward-api","caller":"app/reward/api/internal/task/kafka.go:101","msg":"KafkaConsumerTask: 跳过非本服务消息 service=pos subService=market buy token"}
{"time":"2026-06-11T22:01:27.852653+08:00","level":"INFO","service":"reward-api","caller":"app/reward/api/internal/task/kafka.go:93","msg":"KafkaConsumerTask: 收到已扫描交易 service=pos subService=market buy token txID=2cyEyxhiHtQz4aH34woSpqJ7tYbcRLdbB9oHmsepzNoPJjHqAtstWC4ujef2KsoEBwf1vVZTzoo8YPVqoyd229rW"}
{"time":"2026-06-11T22:01:27.852664+08:00","level":"INFO","service":"reward-api","caller":"app/reward/api/internal/task/kafka.go:101","msg":"KafkaConsumerTask: 跳过非本服务消息 service=pos subService=market buy token"}
{"time":"2026-06-11T22:01:27.853262+08:00","level":"INFO","service":"reward-api","caller":"app/reward/api/internal/task/kafka.go:93","msg":"KafkaConsumerTask: 收到已扫描交易 service=pos subService=market buy token txID=3JnvwLBbueSWhc8v5QjdwwZoUbymzo51iFpxG3V7ARBnoCnhsRzD85rdpUmV4uQWnHzpcrJ2o2Ze3bdBDPBiHXzL"}
{"time":"2026-06-11T22:01:27.853269+08:00","level":"INFO","service":"reward-api","caller":"app/reward/api/internal/task/kafka.go:101","msg":"KafkaConsumerTask: 跳过非本服务消息 service=pos subService=market buy token"}
{"time":"2026-06-11T22:01:27.8539+08:00","level":"INFO","service":"reward-api","caller":"app/reward/api/internal/task/kafka.go:93","msg":"KafkaConsumerTask: 收到已扫描交易 service=pos subService=market buy token txID=3gnpxZ4NLJxoxXM6w6FfQGj5ZYLnMHCnYYhDxPdMDpFyn1BVYYSLKrYC9gVh7C4U7xFL8KsRJTs1YhcJM3mUrRBA"}
{"time":"2026-06-11T22:01:27.853907+08:00","level":"INFO","service":"reward-api","caller":"app/reward/api/internal/task/kafka.go:101","msg":"KafkaConsumerTask: 跳过非本服务消息 service=pos subService=market buy token"}
{"time":"2026-06-11T22:01:27.855438+08:00","level":"INFO","service":"reward-api","caller":"app/reward/api/internal/task/kafka.go:93","msg":"KafkaConsumerTask: 收到已扫描交易 service=pos subService=market buy token txID=DhpujYqfo2GoNhPnT3auydPBtntWrgJ5RWWGEW9nW78xFdw3u8sk3jzzehPv45Pyi4h6hWNgVCcoNTVK8EZ93Gu"}
{"time":"2026-06-11T22:01:27.855453+08:00","level":"INFO","service":"reward-api","caller":"app/reward/api/internal/task/kafka.go:101","msg":"KafkaConsumerTask: 跳过非本服务消息 service=pos subService=market buy token"}
{"time":"2026-06-11T22:01:27.856161+08:00","level":"INFO","service":"reward-api","caller":"app/reward/api/internal/task/kafka.go:93","msg":"KafkaConsumerTask: 收到已扫描交易 service=pos subService=market buy token txID=esBsZNLq3QbHHMRWndY9HgFZkQ5iYotJL6wn4ZDNDn7y3rXTMGheBjNJuPRxkPxZ96vh9PN4YCYxvvNNpoyNeTd"}
{"time":"2026-06-11T22:01:27.856171+08:00","level":"INFO","service":"reward-api","caller":"app/reward/api/internal/task/kafka.go:101","msg":"KafkaConsumerTask: 跳过非本服务消息 service=pos subService=market buy token"}
{"time":"2026-06-11T22:01:27.856845+08:00","level":"INFO","service":"reward-api","caller":"app/reward/api/internal/task/kafka.go:93","msg":"KafkaConsumerTask: 收到已扫描交易 service=pos subService=market buy token txID=39JLvQsstPJhQ49KUu9L3behdNia4qtVtAM8yjG4J842n4iDToPuuvyGysnfgGPKfruiY1WBrM7kGg1YAAzTTjJp"}
{"time":"2026-06-11T22:01:27.856861+08:00","level":"INFO","service":"reward-api","caller":"app/reward/api/internal/task/kafka.go:101","msg":"KafkaConsumerTask: 跳过非本服务消息 service=pos subService=market buy token"}
{"time":"2026-06-11T22:01:27.857762+08:00","level":"INFO","service":"reward-api","caller":"app/reward/api/internal/task/kafka.go:93","msg":"KafkaConsumerTask: 收到已扫描交易 service=pos subService=market buy token txID=33aRny2HbWrphu49aL7LRvT418fQpz7XGyckDFz3PQnjVDrjsZjzc5VwkD1YGbfwZJD9SoLUUKqZc7DNwnBxjdRC"}
{"time":"2026-06-11T22:01:27.857788+08:00","level":"INFO","service":"reward-api","caller":"app/reward/api/internal/task/kafka.go:101","msg":"KafkaConsumerTask: 跳过非本服务消息 service=pos subService=market buy token"}
{"time":"2026-06-11T22:01:27.8587+08:00","level":"INFO","service":"reward-api","caller":"app/reward/api/internal/task/kafka.go:93","msg":"KafkaConsumerTask: 收到已扫描交易 service=pos subService=market buy token txID=3ooKnjUkJaKBbKjvUsSrkQmDE6uyK97b7fsKRknKWgp2ZjX3NgS6atvs9rD1sx6vJrTKaV53zArBhosoSqmNGGYy"}
{"time":"2026-06-11T22:01:27.858713+08:00","level":"INFO","service":"reward-api","caller":"app/reward/api/internal/task/kafka.go:101","msg":"KafkaConsumerTask: 跳过非本服务消息 service=pos subService=market buy token"}
{"time":"2026-06-11T22:01:27.85936+08:00","level":"INFO","service":"reward-api","caller":"app/reward/api/internal/task/kafka.go:93","msg":"KafkaConsumerTask: 收到已扫描交易 service=pos subService=market buy token txID=2w5nwRESFkkpVXYDbVC9EhT5R6RdqZr8AyVg7GSiidJXSYth7hVy6ayAVsr6pA6uzGuoGh9WHnkNcZ4bv1KkFE86"}
{"time":"2026-06-11T22:01:27.859367+08:00","level":"INFO","service":"reward-api","caller":"app/reward/api/internal/task/kafka.go:101","msg":"KafkaConsumerTask: 跳过非本服务消息 service=pos subService=market buy token"}
{"time":"2026-06-11T22:01:27.859941+08:00","level":"INFO","service":"reward-api","caller":"app/reward/api/internal/task/kafka.go:93","msg":"KafkaConsumerTask: 收到已扫描交易 service=pos subService=market buy token txID=65FFTNeKT6MEEe7koxwEU7D8exSSspahKa7nWyUd6cSBLMiu1whtiMwvUPzgBJM2TMh7HM6gnUFZiqEuSL8yCTM5"}
{"time":"2026-06-11T22:01:27.859947+08:00","level":"INFO","service":"reward-api","caller":"app/reward/api/internal/task/kafka.go:101","msg":"KafkaConsumerTask: 跳过非本服务消息 service=pos subService=market buy token"}
{"time":"2026-06-11T22:01:27.860552+08:00","level":"INFO","service":"reward-api","caller":"app/reward/api/internal/task/kafka.go:93","msg":"KafkaConsumerTask: 收到已扫描交易 service=pos subService=market buy token txID=5pomX2vvTdcd4o97CWA6iSboc8rZaJ59hrXxWzXzW2pzPt7g9Tr6N7iwqWfzMjZ1v8VskTZuzLbwAwoBjQg4erza"}
{"time":"2026-06-11T22:01:27.86056+08:00","level":"INFO","service":"reward-api","caller":"app/reward/api/internal/task/kafka.go:101","msg":"KafkaConsumerTask: 跳过非本服务消息 service=pos subService=market buy token"}
{"time":"2026-06-11T22:01:27.861178+08:00","level":"INFO","service":"reward-api","caller":"app/reward/api/internal/task/kafka.go:93","msg":"KafkaConsumerTask: 收到已扫描交易 service=pos subService=market buy token txID=5rvUatKhWbkR35wMjCVRfFjehqBCnrdWKpKPqScufyJXPz65WzxEWWHiuiP6bZxTe7TzSkk75QF9E258DTHCaJP"}
{"time":"2026-06-11T22:01:27.861186+08:00","level":"INFO","service":"reward-api","caller":"app/reward/api/internal/task/kafka.go:101","msg":"KafkaConsumerTask: 跳过非本服务消息 service=pos subService=market buy token"}
{"time":"2026-06-11T22:01:27.861726+08:00","level":"INFO","service":"reward-api","caller":"app/reward/api/internal/task/kafka.go:93","msg":"KafkaConsumerTask: 收到已扫描交易 service=pos subService=market buy token txID=2sgWRymobZsWHzjzimVfbxoQftr7RtPAqJm1NJbGamcgvEfr3fDsDh5AfzZz2BUxBLsWPJjM1ZSh6h2UF4Dmstqg"}
{"time":"2026-06-11T22:01:27.861731+08:00","level":"INFO","service":"reward-api","caller":"app/reward/api/internal/task/kafka.go:101","msg":"KafkaConsumerTask: 跳过非本服务消息 service=pos subService=market buy token"}
{"time":"2026-06-11T22:01:27.862312+08:00","level":"INFO","service":"reward-api","caller":"app/reward/api/internal/task/kafka.go:93","msg":"KafkaConsumerTask: 收到已扫描交易 service=pos subService=market buy token txID=2cb493xTHRqqhf9Kj4FKq2nW2Zh835fn9cQh2uWKPSjYYspEeDwrnKfirD8TEFkVNjv2pQx2PcTaRNHEYBM6NrJn"}
{"time":"2026-06-11T22:01:27.862318+08:00","level":"INFO","service":"reward-api","caller":"app/reward/api/internal/task/kafka.go:101","msg":"KafkaConsumerTask: 跳过非本服务消息 service=pos subService=market buy token"}
{"time":"2026-06-11T22:01:27.862883+08:00","level":"INFO","service":"reward-api","caller":"app/reward/api/internal/task/kafka.go:93","msg":"KafkaConsumerTask: 收到已扫描交易 service=pos subService=market buy token txID=2KQzZYcQNG9V9e8EukTDH4Vn1KCYx19uxmYKj43cdEfq4mNzMoLL9jtrsbKs7QreZVsdpRdcjiPpEabnoVmLcEqk"}
{"time":"2026-06-11T22:01:27.862888+08:00","level":"INFO","service":"reward-api","caller":"app/reward/api/internal/task/kafka.go:101","msg":"KafkaConsumerTask: 跳过非本服务消息 service=pos subService=market buy token"}
{"time":"2026-06-11T22:01:27.863437+08:00","level":"INFO","service":"reward-api","caller":"app/reward/api/internal/task/kafka.go:93","msg":"KafkaConsumerTask: 收到已扫描交易 service=pos subService=market buy token txID=43LygwXCd4tj41nhAtPXHLt7BnQuS69pvFsmHwCheek2SxZHeSgtWaP7eKAN7AgohmC55EXfedbwYfgHR5JB3Yqw"}
{"time":"2026-06-11T22:01:27.863442+08:00","level":"INFO","service":"reward-api","caller":"app/reward/api/internal/task/kafka.go:101","msg":"KafkaConsumerTask: 跳过非本服务消息 service=pos subService=market buy token"}
{"time":"2026-06-11T22:01:27.864056+08:00","level":"INFO","service":"reward-api","caller":"app/reward/api/internal/task/kafka.go:93","msg":"KafkaConsumerTask: 收到已扫描交易 service=pos subService=market buy token txID=5PXpkNxKepJ5e961p59hZCXbMaqi2VZV4w3VPjFApgA9s2Ny9kiYtTa6dvQQfdT7mbtsxPyfWUCtxzp6W4BFHWqz"}
{"time":"2026-06-11T22:01:27.864062+08:00","level":"INFO","service":"reward-api","caller":"app/reward/api/internal/task/kafka.go:101","msg":"KafkaConsumerTask: 跳过非本服务消息 service=pos subService=market buy token"}
{"time":"2026-06-11T22:01:28.11484+08:00","level":"INFO","service":"reward-api","caller":"app/reward/api/internal/task/kafka.go:93","msg":"KafkaConsumerTask: 收到已扫描交易 service=pos subService=market buy token txID=4igTG4pHYYFuDWEQPeDMfVhjCRLhfiNqtLbsgUUno8w7H9fijTnW2rw9DTiWFWCeHZRwntDFTLTzqjLMjaCydEzD"}
{"time":"2026-06-11T22:01:28.114878+08:00","level":"INFO","service":"reward-api","caller":"app/reward/api/internal/task/kafka.go:101","msg":"KafkaConsumerTask: 跳过非本服务消息 service=pos subService=market buy token"}
{"time":"2026-06-11T22:01:28.116811+08:00","level":"INFO","service":"reward-api","caller":"app/reward/api/internal/task/kafka.go:93","msg":"KafkaConsumerTask: 收到已扫描交易 service=pos subService=market buy token txID=piASQoH2ZCHo3LsCXjZ9yU9bnojnWFLRhcBxsYskgUYERsoQYVMepLsUS8jg7hQ7wm5W2wUmZCXh9kALsqQvdUT"}
{"time":"2026-06-11T22:01:28.116831+08:00","level":"INFO","service":"reward-api","caller":"app/reward/api/internal/task/kafka.go:101","msg":"KafkaConsumerTask: 跳过非本服务消息 service=pos subService=market buy token"}
{"time":"2026-06-11T22:01:28.118737+08:00","level":"INFO","service":"reward-api","caller":"app/reward/api/internal/task/kafka.go:93","msg":"KafkaConsumerTask: 收到已扫描交易 service=pos subService=market buy token txID=3S318epQvChrTR8Tte1kDHM9tUQnnbdmEHU8hQsBgDooG7JLUSvJAHrMT3m4xh9zs69Hg9EFcJ9q2VgiW1rdSpPn"}
{"time":"2026-06-11T22:01:28.118765+08:00","level":"INFO","service":"reward-api","caller":"app/reward/api/internal/task/kafka.go:101","msg":"KafkaConsumerTask: 跳过非本服务消息 service=pos subService=market buy token"}
{"time":"2026-06-11T22:01:28.120063+08:00","level":"INFO","service":"reward-api","caller":"app/reward/api/internal/task/kafka.go:93","msg":"KafkaConsumerTask: 收到已扫描交易 service=pos subService=market buy token txID=4eeAwkMTz9qntj7QmKWWxMu1sSkox9i1zXmGEBAtf8UZ6CNCN9cGF3dyqvL9KP8LDkPoVrSuuVidCo5VAi4y6t9d"}
{"time":"2026-06-11T22:01:28.120081+08:00","level":"INFO","service":"reward-api","caller":"app/reward/api/internal/task/kafka.go:101","msg":"KafkaConsumerTask: 跳过非本服务消息 service=pos subService=market buy token"}
{"time":"2026-06-11T22:01:28.120826+08:00","level":"INFO","service":"reward-api","caller":"app/reward/api/internal/task/kafka.go:93","msg":"KafkaConsumerTask: 收到已扫描交易 service=pos subService=market buy token txID=zj1VRaLkGNSGFTueSh7BScDNtz3KYLNM3T3ZwTDLa4BFpqccuwGMhweart2gRojyAHdFNToi7HsJybUaydFqBAz"}
{"time":"2026-06-11T22:01:28.120835+08:00","level":"INFO","service":"reward-api","caller":"app/reward/api/internal/task/kafka.go:101","msg":"KafkaConsumerTask: 跳过非本服务消息 service=pos subService=market buy token"}
{"time":"2026-06-11T22:01:28.121513+08:00","level":"INFO","service":"reward-api","caller":"app/reward/api/internal/task/kafka.go:93","msg":"KafkaConsumerTask: 收到已扫描交易 service=pos subService=market buy token txID=2y2XotfFUoN7v3dMYCWPRFhVsvPohwcUayx5gYkJby2ocyBrkYBxroytK3Ar3XZCaMcpsNj6nABJ3JohT6MEknnz"}
{"time":"2026-06-11T22:01:28.121521+08:00","level":"INFO","service":"reward-api","caller":"app/reward/api/internal/task/kafka.go:101","msg":"KafkaConsumerTask: 跳过非本服务消息 service=pos subService=market buy token"}
{"time":"2026-06-11T22:01:28.122062+08:00","level":"INFO","service":"reward-api","caller":"app/reward/api/internal/task/kafka.go:93","msg":"KafkaConsumerTask: 收到已扫描交易 service=pos subService=market buy token txID=2x4qEUnieqHvtG69JwDKxNZdyakFeqhYNmckxNZe6C32g7sKzety7Ko4XUcaRdEZJcHyMz6hkcC1EpKyZ4TektkR"}
{"time":"2026-06-11T22:01:28.122074+08:00","level":"INFO","service":"reward-api","caller":"app/reward/api/internal/task/kafka.go:101","msg":"KafkaConsumerTask: 跳过非本服务消息 service=pos subService=market buy token"}
{"time":"2026-06-11T22:01:28.122613+08:00","level":"INFO","service":"reward-api","caller":"app/reward/api/internal/task/kafka.go:93","msg":"KafkaConsumerTask: 收到已扫描交易 service=pos subService=market buy token txID=DkotkAXsDAsGtzHpggXckbLSosrpzBREKqyAzpYiCmyGM3uJMp7LseTjcSmMggPvWKA56WfbSQ3zBSdvq2QdxEr"}
{"time":"2026-06-11T22:01:28.122627+08:00","level":"INFO","service":"reward-api","caller":"app/reward/api/internal/task/kafka.go:101","msg":"KafkaConsumerTask: 跳过非本服务消息 service=pos subService=market buy token"}
{"time":"2026-06-11T22:01:28.123191+08:00","level":"INFO","service":"reward-api","caller":"app/reward/api/internal/task/kafka.go:93","msg":"KafkaConsumerTask: 收到已扫描交易 service=pos subService=market buy token txID=2WkY83hCkqJCk81uwhwAtQhYp6hQqAjBjfi1jXvhtgQaJtLmz5yqAtKR3a5yDBFckhHJeueq7Cz74k7v5DfTFZTM"}
{"time":"2026-06-11T22:01:28.123206+08:00","level":"INFO","service":"reward-api","caller":"app/reward/api/internal/task/kafka.go:101","msg":"KafkaConsumerTask: 跳过非本服务消息 service=pos subService=market buy token"}
{"time":"2026-06-11T22:01:28.12373+08:00","level":"INFO","service":"reward-api","caller":"app/reward/api/internal/task/kafka.go:93","msg":"KafkaConsumerTask: 收到已扫描交易 service=pos subService=market buy token txID=3nN7ujL52uXN46c4GwNniT288kzGKohKUp1tyuGAqyvjVZLqeYqk2jQX6r21YB9nCn4Z3JhNw4LuCAc1YHCydrRo"}
{"time":"2026-06-11T22:01:28.123741+08:00","level":"INFO","service":"reward-api","caller":"app/reward/api/internal/task/kafka.go:101","msg":"KafkaConsumerTask: 跳过非本服务消息 service=pos subService=market buy token"}
{"time":"2026-06-11T22:01:33.315082+08:00","level":"INFO","service":"reward-api","caller":"app/reward/api/internal/task/kafka.go:93","msg":"KafkaConsumerTask: 收到已扫描交易 service=pos subService=market buy token txID=35rA42opLahVkRmqmAU5MrnxJeD8uiemJVkrYvShaB9E92fa1AxRY3ci6EhDWkyJe4LGSDfVNrYX5YZE56EQYay7"}
{"time":"2026-06-11T22:01:33.3154+08:00","level":"INFO","service":"reward-api","caller":"app/reward/api/internal/task/kafka.go:101","msg":"KafkaConsumerTask: 跳过非本服务消息 service=pos subService=market buy token"}
{"time":"2026-06-11T22:01:33.316745+08:00","level":"INFO","service":"reward-api","caller":"app/reward/api/internal/task/kafka.go:93","msg":"KafkaConsumerTask: 收到已扫描交易 service=pos subService=market buy token txID=YuLnJc9JCqk1xkARPE3nukFgT3qCD32EjgEFVj7VkVDLusSHXzViDJPZDiF2bHXsjS1YxWqwvLSGKpvidikj5zk"}
{"time":"2026-06-11T22:01:33.316779+08:00","level":"INFO","service":"reward-api","caller":"app/reward/api/internal/task/kafka.go:101","msg":"KafkaConsumerTask: 跳过非本服务消息 service=pos subService=market buy token"}
{"time":"2026-06-11T22:01:33.317879+08:00","level":"INFO","service":"reward-api","caller":"app/reward/api/internal/task/kafka.go:93","msg":"KafkaConsumerTask: 收到已扫描交易 service=pos subService=market buy token txID=2ftvSsVA8WMKaox7DkME3g5cT5XJL6bojaZVjd2dQV27zRNP5fb9eNVxv5refmJgV3qiZFm189YaYkMu6Lr8ARgU"}
{"time":"2026-06-11T22:01:33.317907+08:00","level":"INFO","service":"reward-api","caller":"app/reward/api/internal/task/kafka.go:101","msg":"KafkaConsumerTask: 跳过非本服务消息 service=pos subService=market buy token"}
{"time":"2026-06-11T22:01:33.318602+08:00","level":"INFO","service":"reward-api","caller":"app/reward/api/internal/task/kafka.go:93","msg":"KafkaConsumerTask: 收到已扫描交易 service=pos subService=market buy token txID=HDykE2MHnjsXRVgkYF8RmWf4pQAxwD48d8ApaQg8cPTpBZcB9x9Y4TLrD1cDweupSapJi1A28kyDJpX69zkaCVp"}
{"time":"2026-06-11T22:01:33.318621+08:00","level":"INFO","service":"reward-api","caller":"app/reward/api/internal/task/kafka.go:101","msg":"KafkaConsumerTask: 跳过非本服务消息 service=pos subService=market buy token"}
{"time":"2026-06-11T22:01:33.31942+08:00","level":"INFO","service":"reward-api","caller":"app/reward/api/internal/task/kafka.go:93","msg":"KafkaConsumerTask: 收到已扫描交易 service=pos subService=market buy token txID=25mraeoiPP2AePmgbqpxkCMRqHe82qLFxANyrqADJyxfEPFQoNvEFZQvKQSmXceycrLi67m2De53pNWyDmPRGucr"}
{"time":"2026-06-11T22:01:33.319454+08:00","level":"INFO","service":"reward-api","caller":"app/reward/api/internal/task/kafka.go:101","msg":"KafkaConsumerTask: 跳过非本服务消息 service=pos subService=market buy token"}
{"time":"2026-06-11T22:01:33.320271+08:00","level":"INFO","service":"reward-api","caller":"app/reward/api/internal/task/kafka.go:93","msg":"KafkaConsumerTask: 收到已扫描交易 service=pos subService=market buy token txID=48hJ8vaMNSQVnRonoGKvFhxAsYQhRp35y4Cby3wb2MmDH9JKBTHtEoegTbQnkSut4eaW46FeHPmArFjPu2kd373J"}
{"time":"2026-06-11T22:01:33.3203+08:00","level":"INFO","service":"reward-api","caller":"app/reward/api/internal/task/kafka.go:101","msg":"KafkaConsumerTask: 跳过非本服务消息 service=pos subService=market buy token"}
{"time":"2026-06-11T22:01:33.3211+08:00","level":"INFO","service":"reward-api","caller":"app/reward/api/internal/task/kafka.go:93","msg":"KafkaConsumerTask: 收到已扫描交易 service=pos subService=market buy token txID=47VxjDcWRfXu27eTTKti5NNbwKsWR19zSGx1pRXtnpmd37rxCyNz7nejwjEKYxFrf8WJcDxpARr6txQyvqp51kpp"}
{"time":"2026-06-11T22:01:33.321123+08:00","level":"INFO","service":"reward-api","caller":"app/reward/api/internal/task/kafka.go:101","msg":"KafkaConsumerTask: 跳过非本服务消息 service=pos subService=market buy token"}
{"time":"2026-06-11T22:01:33.321871+08:00","level":"INFO","service":"reward-api","caller":"app/reward/api/internal/task/kafka.go:93","msg":"KafkaConsumerTask: 收到已扫描交易 service=pos subService=market buy token txID=4nR8mRmerkuYXaLPAFjD844St66MS6TLaj4qJ2qVJFwwCqs6DmBz1iiJfUma73JjvsprK8jwQ5dw9Tq8erffjFjV"}
{"time":"2026-06-11T22:01:33.321885+08:00","level":"INFO","service":"reward-api","caller":"app/reward/api/internal/task/kafka.go:101","msg":"KafkaConsumerTask: 跳过非本服务消息 service=pos subService=market buy token"}
{"time":"2026-06-11T22:01:33.322598+08:00","level":"INFO","service":"reward-api","caller":"app/reward/api/internal/task/kafka.go:93","msg":"KafkaConsumerTask: 收到已扫描交易 service=pos subService=market buy token txID=2cj2XVCtTN2RPN1UXhFhkRftZhXZFuyXPRK1RsMbJPEaCQ4nqTb6JpyAUoxGNPpwYUE9HByXRrTuu1mD3N5Ceu3D"}
{"time":"2026-06-11T22:01:33.322614+08:00","level":"INFO","service":"reward-api","caller":"app/reward/api/internal/task/kafka.go:101","msg":"KafkaConsumerTask: 跳过非本服务消息 service=pos subService=market buy token"}
{"time":"2026-06-11T22:01:33.324361+08:00","level":"INFO","service":"reward-api","caller":"app/reward/api/internal/task/kafka.go:93","msg":"KafkaConsumerTask: 收到已扫描交易 service=pos subService=market buy token txID=4BxMmrFLMUFFGffH82QCUMcUCC2RX41o9d2YWKdGAQ5j4VzwcVGpdHVirkbjVLTDLPytMDXpgyZ4zRzc5j8Tf5EM"}
{"time":"2026-06-11T22:01:33.324484+08:00","level":"INFO","service":"reward-api","caller":"app/reward/api/internal/task/kafka.go:101","msg":"KafkaConsumerTask: 跳过非本服务消息 service=pos subService=market buy token"}
{"time":"2026-06-11T22:01:33.326359+08:00","level":"INFO","service":"reward-api","caller":"app/reward/api/internal/task/kafka.go:93","msg":"KafkaConsumerTask: 收到已扫描交易 service=pos subService=market buy token txID=2KNngkHGch9FgieDtYFd8CsUgGroCQJca8rHdFik2eikKAxEV6FRTpAPo1DrzP6HM4uyqJrvMaqNeTxqSoH7eiAJ"}
{"time":"2026-06-11T22:01:33.326402+08:00","level":"INFO","service":"reward-api","caller":"app/reward/api/internal/task/kafka.go:101","msg":"KafkaConsumerTask: 跳过非本服务消息 service=pos subService=market buy token"}
{"time":"2026-06-11T22:01:33.327622+08:00","level":"INFO","service":"reward-api","caller":"app/reward/api/internal/task/kafka.go:93","msg":"KafkaConsumerTask: 收到已扫描交易 service=pos subService=market buy token txID=4hhgFPLfjfxs7ZBKqGeR7gY2e5FwGbH4aMrPiGuqMy6L3S5AHmnWqwgXsYb4H95ZuSRD3BgRdtiofdb5C4zTBrEg"}
{"time":"2026-06-11T22:01:33.327649+08:00","level":"INFO","service":"reward-api","caller":"app/reward/api/internal/task/kafka.go:101","msg":"KafkaConsumerTask: 跳过非本服务消息 service=pos subService=market buy token"}
{"time":"2026-06-11T22:01:33.328671+08:00","level":"INFO","service":"reward-api","caller":"app/reward/api/internal/task/kafka.go:93","msg":"KafkaConsumerTask: 收到已扫描交易 service=pos subService=market buy token txID=3sSiJ1wnkcXghWPyMXQuReisY36uYRgEFZE88fghnqD3ubY7mvbks6NnBUxMGCr51wHi4NuxkLqwmgbT3DNz9L7P"}
{"time":"2026-06-11T22:01:33.328699+08:00","level":"INFO","service":"reward-api","caller":"app/reward/api/internal/task/kafka.go:101","msg":"KafkaConsumerTask: 跳过非本服务消息 service=pos subService=market buy token"}
{"time":"2026-06-11T22:01:33.32955+08:00","level":"INFO","service":"reward-api","caller":"app/reward/api/internal/task/kafka.go:93","msg":"KafkaConsumerTask: 收到已扫描交易 service=pos subService=market buy token txID=2YbbG8fM6csW3wqw3S8tKANA75tQoKP5Lctuofy3GshLkk95AwgFNr8CkqXR48tHHTJa8e6gL1a3rArMJhqckzjW"}
{"time":"2026-06-11T22:01:33.329586+08:00","level":"INFO","service":"reward-api","caller":"app/reward/api/internal/task/kafka.go:101","msg":"KafkaConsumerTask: 跳过非本服务消息 service=pos subService=market buy token"}
{"time":"2026-06-11T22:01:33.330406+08:00","level":"INFO","service":"reward-api","caller":"app/reward/api/internal/task/kafka.go:93","msg":"KafkaConsumerTask: 收到已扫描交易 service=pos subService=market buy token txID=3x9k1y1sVVFVKHTXKDTmEymy8EDhysGMofmhP86RWxUH5HHxHt9WpUEyuLQDUfxSo84q3HDyBGRD1rVqqAUQhWct"}
{"time":"2026-06-11T22:01:33.330438+08:00","level":"INFO","service":"reward-api","caller":"app/reward/api/internal/task/kafka.go:101","msg":"KafkaConsumerTask: 跳过非本服务消息 service=pos subService=market buy token"}
{"time":"2026-06-11T22:01:33.332223+08:00","level":"INFO","service":"reward-api","caller":"app/reward/api/internal/task/kafka.go:93","msg":"KafkaConsumerTask: 收到已扫描交易 service=pos subService=market buy token txID=34zfBsTmUqa12BtvJ4h8ei5vbV9EKiSMpyata1h7vZRLVnoWjHN6kZ4AGniwC2FBDspiusbfpGf45kzaqVRsjL44"}
{"time":"2026-06-11T22:01:33.332256+08:00","level":"INFO","service":"reward-api","caller":"app/reward/api/internal/task/kafka.go:101","msg":"KafkaConsumerTask: 跳过非本服务消息 service=pos subService=market buy token"}
{"time":"2026-06-11T22:01:33.333147+08:00","level":"INFO","service":"reward-api","caller":"app/reward/api/internal/task/kafka.go:93","msg":"KafkaConsumerTask: 收到已扫描交易 service=pos subService=market buy token txID=67ANt9oiywimXmKtA4quPSyzRkLy24KVrTB4RPevWNWAFaRTpyzCYv4SrzQW7tidsz1Gxwq4xmPEw5e9ZHgJS7Sf"}
{"time":"2026-06-11T22:01:33.333172+08:00","level":"INFO","service":"reward-api","caller":"app/reward/api/internal/task/kafka.go:101","msg":"KafkaConsumerTask: 跳过非本服务消息 service=pos subService=market buy token"}
{"time":"2026-06-11T22:01:33.33387+08:00","level":"INFO","service":"reward-api","caller":"app/reward/api/internal/task/kafka.go:93","msg":"KafkaConsumerTask: 收到已扫描交易 service=pos subService=market buy token txID=5Yb926tvd5o9UGzBBGzu7ZFRqbg4sPg5dvLiMyW4byZf8ppwE9Wt7cN2YYVHx1gX8JZTH4pJUqSybNzJqqmEUWiU"}
{"time":"2026-06-11T22:01:33.333887+08:00","level":"INFO","service":"reward-api","caller":"app/reward/api/internal/task/kafka.go:101","msg":"KafkaConsumerTask: 跳过非本服务消息 service=pos subService=market buy token"}
{"time":"2026-06-11T22:01:33.334653+08:00","level":"INFO","service":"reward-api","caller":"app/reward/api/internal/task/kafka.go:93","msg":"KafkaConsumerTask: 收到已扫描交易 service=pos subService=market buy token txID=2Zg322ycemJUk8tCZBcGvvQYAkfYBnzHNwKkTJsiDTNYmNmMKPEmi4yf9NbVi2xMQWA7rGJ3J4zrpUVP3apM7zFE"}
{"time":"2026-06-11T22:01:33.334667+08:00","level":"INFO","service":"reward-api","caller":"app/reward/api/internal/task/kafka.go:101","msg":"KafkaConsumerTask: 跳过非本服务消息 service=pos subService=market buy token"}
{"time":"2026-06-11T22:01:33.335361+08:00","level":"INFO","service":"reward-api","caller":"app/reward/api/internal/task/kafka.go:93","msg":"KafkaConsumerTask: 收到已扫描交易 service=pos subService=market buy token txID=PLFHHeAZ5fszuTCy1CxWEnxh7CvQJoc6YaoeX2QHTwb18XsZyRkyEAbWcBKarcXdWz1WbAgcBHAPJ38KTs2B51R"}
{"time":"2026-06-11T22:01:33.335385+08:00","level":"INFO","service":"reward-api","caller":"app/reward/api/internal/task/kafka.go:101","msg":"KafkaConsumerTask: 跳过非本服务消息 service=pos subService=market buy token"}
{"time":"2026-06-11T22:01:33.33599+08:00","level":"INFO","service":"reward-api","caller":"app/reward/api/internal/task/kafka.go:93","msg":"KafkaConsumerTask: 收到已扫描交易 service=pos subService=market buy token txID=4aoTiZ3ULSKJkJc4WnHqhMgX8C6B6Wxe2Ry1SfupAemkJczctDYj3h85LPL5F1DKjEAmDheoAJFcxPZ6vXfz8am9"}
{"time":"2026-06-11T22:01:33.336001+08:00","level":"INFO","service":"reward-api","caller":"app/reward/api/internal/task/kafka.go:101","msg":"KafkaConsumerTask: 跳过非本服务消息 service=pos subService=market buy token"}
{"time":"2026-06-11T22:01:33.336633+08:00","level":"INFO","service":"reward-api","caller":"app/reward/api/internal/task/kafka.go:93","msg":"KafkaConsumerTask: 收到已扫描交易 service=pos subService=market buy token txID=25BqzBxVp7NCftSeoB4EnpBowYDt1AgvcchWAzmag4BGqjM2HGwDJmbcgQ11VtvUSZTMTKVccaoAiixHyD9CzqpE"}
{"time":"2026-06-11T22:01:33.336652+08:00","level":"INFO","service":"reward-api","caller":"app/reward/api/internal/task/kafka.go:101","msg":"KafkaConsumerTask: 跳过非本服务消息 service=pos subService=market buy token"}
{"time":"2026-06-11T22:01:33.337464+08:00","level":"INFO","service":"reward-api","caller":"app/reward/api/internal/task/kafka.go:93","msg":"KafkaConsumerTask: 收到已扫描交易 service=pos subService=market buy token txID=3GbzGfega4RKDzVkB5BhXKEVWWcNH8v4raPJdRfJaFnFuwr8pyBHLKKA5JeRBhHrVP3RHAqcY4DhuK611h86qMzT"}
{"time":"2026-06-11T22:01:33.337475+08:00","level":"INFO","service":"reward-api","caller":"app/reward/api/internal/task/kafka.go:101","msg":"KafkaConsumerTask: 跳过非本服务消息 service=pos subService=market buy token"}
{"time":"2026-06-11T22:01:33.339021+08:00","level":"INFO","service":"reward-api","caller":"app/reward/api/internal/task/kafka.go:93","msg":"KafkaConsumerTask: 收到已扫描交易 service=pos subService=market buy token txID=4Mzwzy6UvoiSvK4SqEdB1dJs7fL3SW6tBMFiVmk7sUgAYW5xi4qZg8FVrkFScKTebJ7xBzYqPHJP1UiG4aP1W3pD"}
{"time":"2026-06-11T22:01:33.339043+08:00","level":"INFO","service":"reward-api","caller":"app/reward/api/internal/task/kafka.go:101","msg":"KafkaConsumerTask: 跳过非本服务消息 service=pos subService=market buy token"}
{"time":"2026-06-11T22:01:33.339791+08:00","level":"INFO","service":"reward-api","caller":"app/reward/api/internal/task/kafka.go:93","msg":"KafkaConsumerTask: 收到已扫描交易 service=pos subService=market buy token txID=63g39LhsGZKVhjd5v5fWt5V7YPokY3ikfNCP3aQyLbzAozLf2p7YPteetBkihReDm1Eugv8feTb65SBPiyneDB4h"}
{"time":"2026-06-11T22:01:33.33981+08:00","level":"INFO","service":"reward-api","caller":"app/reward/api/internal/task/kafka.go:101","msg":"KafkaConsumerTask: 跳过非本服务消息 service=pos subService=market buy token"}
{"time":"2026-06-11T22:01:33.340547+08:00","level":"INFO","service":"reward-api","caller":"app/reward/api/internal/task/kafka.go:93","msg":"KafkaConsumerTask: 收到已扫描交易 service=pos subService=market buy token txID=4oeGQ1LqiRKV3iupEjgTQDeY7BMhEr8jfuS9y9ZCAhLgy9w49noousKz3r1DTP5CSdMujh7yJjXoNc7KbWypjVBE"}
{"time":"2026-06-11T22:01:33.340561+08:00","level":"INFO","service":"reward-api","caller":"app/reward/api/internal/task/kafka.go:101","msg":"KafkaConsumerTask: 跳过非本服务消息 service=pos subService=market buy token"}
{"time":"2026-06-11T22:01:33.341288+08:00","level":"INFO","service":"reward-api","caller":"app/reward/api/internal/task/kafka.go:93","msg":"KafkaConsumerTask: 收到已扫描交易 service=pos subService=market buy token txID=q8fqcdrDZ8T9MHGRdHrvtiCGq8tsty1bAj1GKsCZs9aAbAJE88Bp6Qwe5M7VLYdxrShMrskQ2fTdSofgZ3eMFXL"}
{"time":"2026-06-11T22:01:33.341299+08:00","level":"INFO","service":"reward-api","caller":"app/reward/api/internal/task/kafka.go:101","msg":"KafkaConsumerTask: 跳过非本服务消息 service=pos subService=market buy token"}
{"time":"2026-06-11T22:01:33.341923+08:00","level":"INFO","service":"reward-api","caller":"app/reward/api/internal/task/kafka.go:93","msg":"KafkaConsumerTask: 收到已扫描交易 service=pos subService=market buy token txID=3Nb3exDF4QhmJpxAtxSFgCkG8qL9q1FWjMqHQwNZzdkmdJamZEcEzSHp2uEwcJqn56SwC4ydW1KbLWmPgPRHoj9W"}
{"time":"2026-06-11T22:01:33.341947+08:00","level":"INFO","service":"reward-api","caller":"app/reward/api/internal/task/kafka.go:101","msg":"KafkaConsumerTask: 跳过非本服务消息 service=pos subService=market buy token"}
{"time":"2026-06-11T22:01:33.342461+08:00","level":"INFO","service":"reward-api","caller":"app/reward/api/internal/task/kafka.go:93","msg":"KafkaConsumerTask: 收到已扫描交易 service=pos subService=market buy token txID=2qwawR11SR7iEaWY7RtnENbjzQGpFSB584J2hP8cb6J7AocsVzJNfXCVgL78ErEU1vFZkGaSUNTKPwVuKuGHsos8"}
{"time":"2026-06-11T22:01:33.34247+08:00","level":"INFO","service":"reward-api","caller":"app/reward/api/internal/task/kafka.go:101","msg":"KafkaConsumerTask: 跳过非本服务消息 service=pos subService=market buy token"}
{"time":"2026-06-11T22:01:33.343004+08:00","level":"INFO","service":"reward-api","caller":"app/reward/api/internal/task/kafka.go:93","msg":"KafkaConsumerTask: 收到已扫描交易 service=pos subService=market buy token txID=4hGRHq45wsprXefvwDsHVa2jyJYSEo1NQKeHG8q4yfpXA6cbVNJKPMkwhMb1XFRhY4bf21EmkM9B3UruJLV6dsi9"}
{"time":"2026-06-11T22:01:33.343014+08:00","level":"INFO","service":"reward-api","caller":"app/reward/api/internal/task/kafka.go:101","msg":"KafkaConsumerTask: 跳过非本服务消息 service=pos subService=market buy token"}
{"time":"2026-06-11T22:01:33.343536+08:00","level":"INFO","service":"reward-api","caller":"app/reward/api/internal/task/kafka.go:93","msg":"KafkaConsumerTask: 收到已扫描交易 service=pos subService=market buy token txID=5Krj58SgANYVzzKTJF44uupRPJF3yhEXrBJGZidiuD4vBvVgRYrE1Dv4anQvN7QxGVMC1V2u2yEjZTvwAvorZCJR"}
{"time":"2026-06-11T22:01:33.343553+08:00","level":"INFO","service":"reward-api","caller":"app/reward/api/internal/task/kafka.go:101","msg":"KafkaConsumerTask: 跳过非本服务消息 service=pos subService=market buy token"}
{"time":"2026-06-11T22:01:33.34405+08:00","level":"INFO","service":"reward-api","caller":"app/reward/api/internal/task/kafka.go:93","msg":"KafkaConsumerTask: 收到已扫描交易 service=pos subService=market buy token txID=nwuWK9twiTjbMre3rnopf31EcXzQSDsWnTwNfWsA5iPveL8fnZNpResbmi1uvUPCj1xTcyrzuTssuT1Gzm4hJJL"}
{"time":"2026-06-11T22:01:33.344063+08:00","level":"INFO","service":"reward-api","caller":"app/reward/api/internal/task/kafka.go:101","msg":"KafkaConsumerTask: 跳过非本服务消息 service=pos subService=market buy token"}
{"time":"2026-06-11T22:01:33.344652+08:00","level":"INFO","service":"reward-api","caller":"app/reward/api/internal/task/kafka.go:93","msg":"KafkaConsumerTask: 收到已扫描交易 service=pos subService=market buy token txID=5EEACTDPLjMxUQ8WdVHiXGh5yBjjKz94U4RUZu5zVkAkdp61mPHVYuurqjsKWdSBDtxSFbEqkU6xQm4V4JgpQsQd"}
{"time":"2026-06-11T22:01:33.344663+08:00","level":"INFO","service":"reward-api","caller":"app/reward/api/internal/task/kafka.go:101","msg":"KafkaConsumerTask: 跳过非本服务消息 service=pos subService=market buy token"}
{"time":"2026-06-11T22:01:33.345719+08:00","level":"INFO","service":"reward-api","caller":"app/reward/api/internal/task/kafka.go:93","msg":"KafkaConsumerTask: 收到已扫描交易 service=pos subService=market buy token txID=2pqjQen4dsvPVSPffvKBT97Aanbg7P4uSGT4DvSgkGTBNCGuqTYpH9h9DHD7kf7ySsmp219Pq7PLPesdbuHDBRV3"}
{"time":"2026-06-11T22:01:33.345746+08:00","level":"INFO","service":"reward-api","caller":"app/reward/api/internal/task/kafka.go:101","msg":"KafkaConsumerTask: 跳过非本服务消息 service=pos subService=market buy token"}
{"time":"2026-06-11T22:01:33.346715+08:00","level":"INFO","service":"reward-api","caller":"app/reward/api/internal/task/kafka.go:93","msg":"KafkaConsumerTask: 收到已扫描交易 service=pos subService=market buy token txID=4nArjd28suDd76zPhmWb1HskXfh53kn97NLLqX8i4moXdxM19HgFb2byFjfUTqpkQoUpHsDBuSwSxdMBbhBiH3VW"}
{"time":"2026-06-11T22:01:33.346744+08:00","level":"INFO","service":"reward-api","caller":"app/reward/api/internal/task/kafka.go:101","msg":"KafkaConsumerTask: 跳过非本服务消息 service=pos subService=market buy token"}
{"time":"2026-06-11T22:01:33.347527+08:00","level":"INFO","service":"reward-api","caller":"app/reward/api/internal/task/kafka.go:93","msg":"KafkaConsumerTask: 收到已扫描交易 service=pos subService=market buy token txID=3UoooAGFsTEMrpfXCZepoCppWkB6xyzYy71m1eJGmp4XxwJAkbjP79qgNiE8Ub87LJw2P5YFgnFRbhP9KSgDbYuz"}
{"time":"2026-06-11T22:01:33.347546+08:00","level":"INFO","service":"reward-api","caller":"app/reward/api/internal/task/kafka.go:101","msg":"KafkaConsumerTask: 跳过非本服务消息 service=pos subService=market buy token"}
{"time":"2026-06-11T22:01:33.348157+08:00","level":"INFO","service":"reward-api","caller":"app/reward/api/internal/task/kafka.go:93","msg":"KafkaConsumerTask: 收到已扫描交易 service=pos subService=market buy token txID=4ATeoNmmeEfgBALFJeqheuuP3WM2CnBbEqCsQPQwyunqoFW9cbf3je7aW8y27iEct91nBr9LJJT1S6TJxGe6iUmn"}
{"time":"2026-06-11T22:01:33.348168+08:00","level":"INFO","service":"reward-api","caller":"app/reward/api/internal/task/kafka.go:101","msg":"KafkaConsumerTask: 跳过非本服务消息 service=pos subService=market buy token"}
{"time":"2026-06-11T22:01:33.348756+08:00","level":"INFO","service":"reward-api","caller":"app/reward/api/internal/task/kafka.go:93","msg":"KafkaConsumerTask: 收到已扫描交易 service=pos subService=market buy token txID=7yi6NyFRwYWnr9dau3dnmPD5Hjz4UGaQHBPkPWoqZWzCCBBc9LCnGnPirJUHBPLVTUdH3MUDPdyhu17RwXoShQm"}
{"time":"2026-06-11T22:01:33.348763+08:00","level":"INFO","service":"reward-api","caller":"app/reward/api/internal/task/kafka.go:101","msg":"KafkaConsumerTask: 跳过非本服务消息 service=pos subService=market buy token"}
{"time":"2026-06-11T22:01:33.349576+08:00","level":"INFO","service":"reward-api","caller":"app/reward/api/internal/task/kafka.go:93","msg":"KafkaConsumerTask: 收到已扫描交易 service=pos subService=market buy token txID=4f259Kn5w5HAwyg61kRa83iRjytMYDbjNzc7v6gJFKnX8HtwkVC3dgBeLtBAc63xu4jd4PgzzRhT2RCB4Nvtcq4E"}
{"time":"2026-06-11T22:01:33.349586+08:00","level":"INFO","service":"reward-api","caller":"app/reward/api/internal/task/kafka.go:101","msg":"KafkaConsumerTask: 跳过非本服务消息 service=pos subService=market buy token"}
{"time":"2026-06-11T22:01:33.35014+08:00","level":"INFO","service":"reward-api","caller":"app/reward/api/internal/task/kafka.go:93","msg":"KafkaConsumerTask: 收到已扫描交易 service=pos subService=market buy token txID=31DgipZcahFPoptwuPsEqPfFpG8dei55RzhZ6sCxSFUNbMYjWb5ZNrJ32h8Y1LFozaLjEMRcbxXQRVYne13BQeDe"}
{"time":"2026-06-11T22:01:33.350149+08:00","level":"INFO","service":"reward-api","caller":"app/reward/api/internal/task/kafka.go:101","msg":"KafkaConsumerTask: 跳过非本服务消息 service=pos subService=market buy token"}
{"time":"2026-06-11T22:01:33.350707+08:00","level":"INFO","service":"reward-api","caller":"app/reward/api/internal/task/kafka.go:93","msg":"KafkaConsumerTask: 收到已扫描交易 service=pos subService=market buy token txID=3bUzYmukRw5u74SeVNygY4C3ymc1aVRNXJCNq9zec7NS7bozsr4EMnB1QfrtipD1ZRJAXveP9v9Ao4RYsAUens3S"}
{"time":"2026-06-11T22:01:33.350716+08:00","level":"INFO","service":"reward-api","caller":"app/reward/api/internal/task/kafka.go:101","msg":"KafkaConsumerTask: 跳过非本服务消息 service=pos subService=market buy token"}
{"time":"2026-06-11T22:01:33.351248+08:00","level":"INFO","service":"reward-api","caller":"app/reward/api/internal/task/kafka.go:93","msg":"KafkaConsumerTask: 收到已扫描交易 service=pos subService=market buy token txID=3KMqXNJQGXHX8dVGcM2PszKUUbbLC4Wixw3dJb3W4FeacrfjCP27q7kbTjiDazh9Bqw784P4LtwBH44TFp1USniE"}
{"time":"2026-06-11T22:01:33.351258+08:00","level":"INFO","service":"reward-api","caller":"app/reward/api/internal/task/kafka.go:101","msg":"KafkaConsumerTask: 跳过非本服务消息 service=pos subService=market buy token"}
{"time":"2026-06-11T22:01:33.352019+08:00","level":"INFO","service":"reward-api","caller":"app/reward/api/internal/task/kafka.go:93","msg":"KafkaConsumerTask: 收到已扫描交易 service=pos subService=market buy token txID=5ty8PU5f2nNqW69XdjLw8cBUcT3vVcfK3kw3q7xNxox1y2fkqoqjJckLptkgdYzsAtNKPf6jigGrTCXuAmxWoGgz"}
{"time":"2026-06-11T22:01:33.352036+08:00","level":"INFO","service":"reward-api","caller":"app/reward/api/internal/task/kafka.go:101","msg":"KafkaConsumerTask: 跳过非本服务消息 service=pos subService=market buy token"}
{"time":"2026-06-11T22:01:33.353048+08:00","level":"INFO","service":"reward-api","caller":"app/reward/api/internal/task/kafka.go:93","msg":"KafkaConsumerTask: 收到已扫描交易 service=pos subService=market buy token txID=d6o362aAuueprWD4RQkmW9aayd9htuFxhTcb4JYgMYsFxZEnRRsh7GBhTbfjNkB1K4M9CjLFvmGBeXAmGBNyM68"}
{"time":"2026-06-11T22:01:33.353064+08:00","level":"INFO","service":"reward-api","caller":"app/reward/api/internal/task/kafka.go:101","msg":"KafkaConsumerTask: 跳过非本服务消息 service=pos subService=market buy token"}
{"time":"2026-06-11T22:01:33.353709+08:00","level":"INFO","service":"reward-api","caller":"app/reward/api/internal/task/kafka.go:93","msg":"KafkaConsumerTask: 收到已扫描交易 service=pos subService=market buy token txID=4C8TMKJK5wNvMFdDwXfyBBoTQLvDysscSAjyD4T6qKJge2hkqpLLMmZckQDVA3dFVBwiJhrmvkJZJLr2mVCLh9t3"}
{"time":"2026-06-11T22:01:33.353724+08:00","level":"INFO","service":"reward-api","caller":"app/reward/api/internal/task/kafka.go:101","msg":"KafkaConsumerTask: 跳过非本服务消息 service=pos subService=market buy token"}
{"time":"2026-06-11T22:01:33.3543+08:00","level":"INFO","service":"reward-api","caller":"app/reward/api/internal/task/kafka.go:93","msg":"KafkaConsumerTask: 收到已扫描交易 service=pos subService=market buy token txID=cjdDVrQnKUSS2w7oKq3p3Cd5giHkBu7krtbdcoNv36WLoBbdyH9y7bQvRMtuPneaNaBS8yD7vY7kbiBuKmvqJba"}
{"time":"2026-06-11T22:01:33.354312+08:00","level":"INFO","service":"reward-api","caller":"app/reward/api/internal/task/kafka.go:101","msg":"KafkaConsumerTask: 跳过非本服务消息 service=pos subService=market buy token"}
{"time":"2026-06-11T22:01:33.355268+08:00","level":"INFO","service":"reward-api","caller":"app/reward/api/internal/task/kafka.go:93","msg":"KafkaConsumerTask: 收到已扫描交易 service=pos subService=market buy token txID=443kCnKhUEctb4Ck8FpzAemYJ7s7LUNHaoAsa4KQXstqcq2vaLVdg5ph1Qi2bar2yGUQajmTsETq7NzjhPtdMAqa"}
{"time":"2026-06-11T22:01:33.35529+08:00","level":"INFO","service":"reward-api","caller":"app/reward/api/internal/task/kafka.go:101","msg":"KafkaConsumerTask: 跳过非本服务消息 service=pos subService=market buy token"}
{"time":"2026-06-11T22:01:33.35625+08:00","level":"INFO","service":"reward-api","caller":"app/reward/api/internal/task/kafka.go:93","msg":"KafkaConsumerTask: 收到已扫描交易 service=pos subService=market buy token txID=33NXX5hMAiwo9F3h5Cb1ukq2Z7PPYKZri8mdq4mF1A1LVeepFeEZkJ5nPUBy2aXFZgdCuBkJ6EqnFowADULWnGG8"}
{"time":"2026-06-11T22:01:33.35641+08:00","level":"INFO","service":"reward-api","caller":"app/reward/api/internal/task/kafka.go:101","msg":"KafkaConsumerTask: 跳过非本服务消息 service=pos subService=market buy token"}
{"time":"2026-06-11T22:01:33.358139+08:00","level":"INFO","service":"reward-api","caller":"app/reward/api/internal/task/kafka.go:93","msg":"KafkaConsumerTask: 收到已扫描交易 service=pos subService=market buy token txID=4ze7ZR7gAJ4GJGh854jDvs1rHrau9FM2rdgZPpf7woqE6npuruPVgVUk3GKYVsCBRbGqvXrjSNXpYW9qVRdVCbdT"}
{"time":"2026-06-11T22:01:33.358165+08:00","level":"INFO","service":"reward-api","caller":"app/reward/api/internal/task/kafka.go:101","msg":"KafkaConsumerTask: 跳过非本服务消息 service=pos subService=market buy token"}
{"time":"2026-06-11T22:01:33.359384+08:00","level":"INFO","service":"reward-api","caller":"app/reward/api/internal/task/kafka.go:93","msg":"KafkaConsumerTask: 收到已扫描交易 service=pos subService=market buy token txID=2W9LeQEGS5hmKwLMnPHHJtSKEcqd4EwQtQRnNAfDSeW8nLVkaRBsGfgfL9USYmj52jnARR2XHuJFc7hVxy3HSoJF"}
{"time":"2026-06-11T22:01:33.35941+08:00","level":"INFO","service":"reward-api","caller":"app/reward/api/internal/task/kafka.go:101","msg":"KafkaConsumerTask: 跳过非本服务消息 service=pos subService=market buy token"}
{"time":"2026-06-11T22:01:34.36712+08:00","level":"INFO","service":"reward-api","caller":"app/reward/api/internal/task/kafka.go:93","msg":"KafkaConsumerTask: 收到已扫描交易 service=pos subService=market buy token txID=5rNgzCXsJfWJGHw8GxbYwkFbMvc48uBYbfP6jye9LTN2aaeCrwMWxReH9pP1ASjtCVx1W4o4eyN3fr3arovsiWUj"}
{"time":"2026-06-11T22:01:34.367148+08:00","level":"INFO","service":"reward-api","caller":"app/reward/api/internal/task/kafka.go:101","msg":"KafkaConsumerTask: 跳过非本服务消息 service=pos subService=market buy token"}
{"time":"2026-06-11T22:01:34.368908+08:00","level":"INFO","service":"reward-api","caller":"app/reward/api/internal/task/kafka.go:93","msg":"KafkaConsumerTask: 收到已扫描交易 service=pos subService=market buy token txID=33Fgww6AdJnMCXSXGre2rafEcH81STLRy7MGNdYGGG1jDPZsfVcxLpidbTRJZnTiYpczmFykecgdPaNPz93PzB3W"}
{"time":"2026-06-11T22:01:34.368981+08:00","level":"INFO","service":"reward-api","caller":"app/reward/api/internal/task/kafka.go:101","msg":"KafkaConsumerTask: 跳过非本服务消息 service=pos subService=market buy token"}
{"time":"2026-06-11T22:01:34.370564+08:00","level":"INFO","service":"reward-api","caller":"app/reward/api/internal/task/kafka.go:93","msg":"KafkaConsumerTask: 收到已扫描交易 service=pos subService=market buy token txID=31ogtiFq4aoEe8hKmKhrSxKDvJmjf4wL6Y3wVuTUJQz29xSpJJhpsC682MRhphUcWq1ngVNjftkJb5qGj7K79P3X"}
{"time":"2026-06-11T22:01:34.370591+08:00","level":"INFO","service":"reward-api","caller":"app/reward/api/internal/task/kafka.go:101","msg":"KafkaConsumerTask: 跳过非本服务消息 service=pos subService=market buy token"}
{"time":"2026-06-11T22:01:34.371849+08:00","level":"INFO","service":"reward-api","caller":"app/reward/api/internal/task/kafka.go:93","msg":"KafkaConsumerTask: 收到已扫描交易 service=pos subService=market buy token txID=5Ducvx9t5B49tzd9WYoN3VpjUiJZypYqVByLQA2uDSs64FpzNVhaXRjrQAgV7iy2KJm3u6LnfWndLfMhYa2PrHdr"}
{"time":"2026-06-11T22:01:34.371863+08:00","level":"INFO","service":"reward-api","caller":"app/reward/api/internal/task/kafka.go:101","msg":"KafkaConsumerTask: 跳过非本服务消息 service=pos subService=market buy token"}
{"time":"2026-06-11T22:01:34.373042+08:00","level":"INFO","service":"reward-api","caller":"app/reward/api/internal/task/kafka.go:93","msg":"KafkaConsumerTask: 收到已扫描交易 service=pos subService=market buy token txID=4KTHUGugWf3Rn4ouR526vBx97ZyVVrmNPf7yPz9KY2GUznqf2kRz34QAukF1VLnapBiizke8PLmTNzcSkxjtyQnm"}
{"time":"2026-06-11T22:01:34.373052+08:00","level":"INFO","service":"reward-api","caller":"app/reward/api/internal/task/kafka.go:101","msg":"KafkaConsumerTask: 跳过非本服务消息 service=pos subService=market buy token"}
{"time":"2026-06-11T22:01:34.373923+08:00","level":"INFO","service":"reward-api","caller":"app/reward/api/internal/task/kafka.go:93","msg":"KafkaConsumerTask: 收到已扫描交易 service=pos subService=market buy token txID=2X1n7Zsa64v6VGhpLLxoKr7gpfKS8auMVLAcwPrHBkBBGXQrgASKiTpXvMgX4zHKESx115bndsqWohdjt2kixA5U"}
{"time":"2026-06-11T22:01:34.37394+08:00","level":"INFO","service":"reward-api","caller":"app/reward/api/internal/task/kafka.go:101","msg":"KafkaConsumerTask: 跳过非本服务消息 service=pos subService=market buy token"}
{"time":"2026-06-11T22:01:34.374902+08:00","level":"INFO","service":"reward-api","caller":"app/reward/api/internal/task/kafka.go:93","msg":"KafkaConsumerTask: 收到已扫描交易 service=pos subService=market buy token txID=5Lbz6sax3gA5dFRXpmgKk8gzuTurNeRZPAWNkuZUjFVnrkKRjihcunV3j8h1MBywKAdEx8fCvxDEMoEBDusQkBYt"}
{"time":"2026-06-11T22:01:34.374926+08:00","level":"INFO","service":"reward-api","caller":"app/reward/api/internal/task/kafka.go:101","msg":"KafkaConsumerTask: 跳过非本服务消息 service=pos subService=market buy token"}
{"time":"2026-06-11T22:01:34.37574+08:00","level":"INFO","service":"reward-api","caller":"app/reward/api/internal/task/kafka.go:93","msg":"KafkaConsumerTask: 收到已扫描交易 service=pos subService=market buy token txID=5igdiHSBVEFJiALQvZ9SyrbqiDdYnUPHbHqJf91pyqqga56VxJe8svmf7Zz6SXc8bvydrhGH7CgvutiTVdZRRP8Y"}
{"time":"2026-06-11T22:01:34.375763+08:00","level":"INFO","service":"reward-api","caller":"app/reward/api/internal/task/kafka.go:101","msg":"KafkaConsumerTask: 跳过非本服务消息 service=pos subService=market buy token"}
{"time":"2026-06-11T22:01:34.376768+08:00","level":"INFO","service":"reward-api","caller":"app/reward/api/internal/task/kafka.go:93","msg":"KafkaConsumerTask: 收到已扫描交易 service=pos subService=market buy token txID=4rSTB685T2c8YUiWkRQpxp3z95ZCeJRMLWQA4k4ktMpYdU41kPtPFsQFRcUugPBHvT33LfKRjGsf15djonZqNb4G"}
{"time":"2026-06-11T22:01:34.376782+08:00","level":"INFO","service":"reward-api","caller":"app/reward/api/internal/task/kafka.go:101","msg":"KafkaConsumerTask: 跳过非本服务消息 service=pos subService=market buy token"}
{"time":"2026-06-11T22:01:39.825876+08:00","level":"INFO","service":"reward-api","caller":"app/reward/api/internal/task/kafka.go:93","msg":"KafkaConsumerTask: 收到已扫描交易 service=pos subService=market buy token txID=AQmBA56ioL1tDD2ScvZoXuD8EofnEaDCPoLmKKTD7D548psU9LM1tR279cqPrmNUoTvmBZrDdAhg2HnDWAh7Wjf"}
{"time":"2026-06-11T22:01:39.826146+08:00","level":"INFO","service":"reward-api","caller":"app/reward/api/internal/task/kafka.go:101","msg":"KafkaConsumerTask: 跳过非本服务消息 service=pos subService=market buy token"}
{"time":"2026-06-11T22:01:39.826917+08:00","level":"INFO","service":"reward-api","caller":"app/reward/api/internal/task/kafka.go:93","msg":"KafkaConsumerTask: 收到已扫描交易 service=pos subService=market buy token txID=26VMQhPE1aP7W2MCWUX7nBfcP5SB9LjUV52tLNF4NTto1AEQPFVGnd53se4MYKuLH6dqgcuBb6JP4r5jdku8tMCD"}
{"time":"2026-06-11T22:01:39.826934+08:00","level":"INFO","service":"reward-api","caller":"app/reward/api/internal/task/kafka.go:101","msg":"KafkaConsumerTask: 跳过非本服务消息 service=pos subService=market buy token"}
{"time":"2026-06-11T22:01:39.827669+08:00","level":"INFO","service":"reward-api","caller":"app/reward/api/internal/task/kafka.go:93","msg":"KafkaConsumerTask: 收到已扫描交易 service=pos subService=market buy token txID=2RC8cWXsSKQ71ZCbEzvR6e1BuMcsxH6iRdSJRXHcHPmmEPVzoK5jikh2WzrbjSJ7aVapwjqjwZjnCVLayJDie3xw"}
{"time":"2026-06-11T22:01:39.827681+08:00","level":"INFO","service":"reward-api","caller":"app/reward/api/internal/task/kafka.go:101","msg":"KafkaConsumerTask: 跳过非本服务消息 service=pos subService=market buy token"}
{"time":"2026-06-11T22:01:39.828212+08:00","level":"INFO","service":"reward-api","caller":"app/reward/api/internal/task/kafka.go:93","msg":"KafkaConsumerTask: 收到已扫描交易 service=pos subService=market buy token txID=4v2geB9yTKjuQJ2McXpA5JB3fWAitQo9dzgLYGVKdkgkgieWxG4MYiqG97vW5o9AnV77CmYR1T6htzVyNmXBtRHw"}
{"time":"2026-06-11T22:01:39.828223+08:00","level":"INFO","service":"reward-api","caller":"app/reward/api/internal/task/kafka.go:101","msg":"KafkaConsumerTask: 跳过非本服务消息 service=pos subService=market buy token"}
{"time":"2026-06-11T22:01:39.828699+08:00","level":"INFO","service":"reward-api","caller":"app/reward/api/internal/task/kafka.go:93","msg":"KafkaConsumerTask: 收到已扫描交易 service=pos subService=market buy token txID=5z4mFwvqhmwFnLoax7tB77w3hy1cXUjT9oNDkDWLZVgfEc8AXKz6DCV3VPqfzuYJa6N7JhUjVVgkvPgWimDFgsm9"}
{"time":"2026-06-11T22:01:39.828708+08:00","level":"INFO","service":"reward-api","caller":"app/reward/api/internal/task/kafka.go:101","msg":"KafkaConsumerTask: 跳过非本服务消息 service=pos subService=market buy token"}
{"time":"2026-06-11T22:01:39.830422+08:00","level":"INFO","service":"reward-api","caller":"app/reward/api/internal/task/kafka.go:93","msg":"KafkaConsumerTask: 收到已扫描交易 service=pos subService=market buy token txID=66iB7A4smkr2yMxBsjpMU1b5UcPwDVrwcWvugiZRE75MgeZL45qnvBWZgXncFu85vtH2zFy3ssSzz5QCgBFfWSDV"}
{"time":"2026-06-11T22:01:39.830438+08:00","level":"INFO","service":"reward-api","caller":"app/reward/api/internal/task/kafka.go:101","msg":"KafkaConsumerTask: 跳过非本服务消息 service=pos subService=market buy token"}
{"time":"2026-06-11T22:01:39.830916+08:00","level":"INFO","service":"reward-api","caller":"app/reward/api/internal/task/kafka.go:93","msg":"KafkaConsumerTask: 收到已扫描交易 service=pos subService=market buy token txID=5tY8nsACS3jUcSVsdyvRrt5kKHsvGeszBW6dcqrLnUHJXrj7DnLwaCpodUtYRT6E4hjax5LAhej7gxTVkry4X5uJ"}
{"time":"2026-06-11T22:01:39.830925+08:00","level":"INFO","service":"reward-api","caller":"app/reward/api/internal/task/kafka.go:101","msg":"KafkaConsumerTask: 跳过非本服务消息 service=pos subService=market buy token"}
{"time":"2026-06-11T22:06:51.574711+08:00","level":"INFO","service":"reward-api","caller":"app/reward/api/internal/svc/nacos_config.go:313","msg":"loaded base runtime config from nacos"}
{"time":"2026-06-11T22:06:51.578406+08:00","level":"INFO","service":"reward-api","caller":"app/reward/api/internal/svc/nacos_config.go:413","msg":"loaded reward runtime config from nacos"}
Reward API starting on :1200
